/* Generado por scripts/l6-g4f-build-sass.sh para sm_86 — NO EDITAR.
 *
 * Un juego por arquitectura: el driver elige el que corresponde a la
 * familia detectada y rechaza lanzar si no hay ninguno compatible.
 */
#include "gsp_sass.h"

/* saxpy (saxpy) — 384 B, 24 instrucciones */
static const unsigned char saxpy_sass_sm86[] = {
    0x02, 0x7a, 0x01, 0x00, 0x00, 0x0a, 0x00, 0x00, 0x00, 0x0f, 0x00, 0x00,
    0x00, 0xe4, 0x0f, 0x00, 0x19, 0x79, 0x04, 0x00, 0x00, 0x00, 0x00, 0x00,
    0x00, 0x25, 0x00, 0x00, 0x00, 0x28, 0x0e, 0x00, 0x19, 0x79, 0x03, 0x00,
    0x00, 0x00, 0x00, 0x00, 0x00, 0x21, 0x00, 0x00, 0x00, 0x24, 0x0e, 0x00,
    0x24, 0x7a, 0x04, 0x04, 0x00, 0x00, 0x00, 0x00, 0x03, 0x02, 0x8e, 0x07,
    0x00, 0xca, 0x1f, 0x00, 0x0c, 0x7a, 0x00, 0x04, 0x00, 0x5e, 0x00, 0x00,
    0x70, 0x62, 0xf0, 0x03, 0x00, 0xda, 0x0f, 0x00, 0x4d, 0x09, 0x00, 0x00,
    0x00, 0x00, 0x00, 0x00, 0x00, 0x00, 0x80, 0x03, 0x00, 0xea, 0x0f, 0x00,
    0x02, 0x78, 0x05, 0x00, 0x04, 0x00, 0x00, 0x00, 0x00, 0x0f, 0x00, 0x00,
    0x00, 0xe2, 0x0f, 0x00, 0xb9, 0x7a, 0x04, 0x00, 0x00, 0x46, 0x00, 0x00,
    0x00, 0x0a, 0x00, 0x00, 0x00, 0xc8, 0x0f, 0x00, 0x25, 0x76, 0x02, 0x04,
    0x00, 0x5a, 0x00, 0x00, 0x05, 0x02, 0x8e, 0x07, 0x00, 0xc8, 0x0f, 0x00,
    0x25, 0x76, 0x04, 0x04, 0x00, 0x5c, 0x00, 0x00, 0x05, 0x02, 0x8e, 0x07,
    0x00, 0xe4, 0x0f, 0x00, 0x81, 0x79, 0x02, 0x02, 0x04, 0x00, 0x00, 0x00,
    0x00, 0x19, 0x1e, 0x0c, 0x00, 0xa8, 0x0e, 0x00, 0x81, 0x79, 0x07, 0x04,
    0x04, 0x00, 0x00, 0x00, 0x00, 0x19, 0x1e, 0x0c, 0x00, 0xa4, 0x0e, 0x00,
    0x23, 0x7a, 0x07, 0x02, 0x00, 0x58, 0x00, 0x00, 0x07, 0x00, 0x00, 0x00,
    0x00, 0xca, 0x4f, 0x00, 0x86, 0x79, 0x00, 0x04, 0x07, 0x00, 0x00, 0x00,
    0x04, 0x19, 0x10, 0x0c, 0x00, 0xe2, 0x0f, 0x00, 0x4d, 0x79, 0x00, 0x00,
    0x00, 0x00, 0x00, 0x00, 0x00, 0x00, 0x80, 0x03, 0x00, 0xea, 0x0f, 0x00,
    0x47, 0x79, 0x00, 0x00, 0xf0, 0xff, 0xff, 0xff, 0xff, 0xff, 0x83, 0x03,
    0x00, 0xc0, 0x0f, 0x00, 0x18, 0x79, 0x00, 0x00, 0x00, 0x00, 0x00, 0x00,
    0x00, 0x00, 0x00, 0x00, 0x00, 0xc0, 0x0f, 0x00, 0x18, 0x79, 0x00, 0x00,
    0x00, 0x00, 0x00, 0x00, 0x00, 0x00, 0x00, 0x00, 0x00, 0xc0, 0x0f, 0x00,
    0x18, 0x79, 0x00, 0x00, 0x00, 0x00, 0x00, 0x00, 0x00, 0x00, 0x00, 0x00,
    0x00, 0xc0, 0x0f, 0x00, 0x18, 0x79, 0x00, 0x00, 0x00, 0x00, 0x00, 0x00,
    0x00, 0x00, 0x00, 0x00, 0x00, 0xc0, 0x0f, 0x00, 0x18, 0x79, 0x00, 0x00,
    0x00, 0x00, 0x00, 0x00, 0x00, 0x00, 0x00, 0x00, 0x00, 0xc0, 0x0f, 0x00,
    0x18, 0x79, 0x00, 0x00, 0x00, 0x00, 0x00, 0x00, 0x00, 0x00, 0x00, 0x00,
    0x00, 0xc0, 0x0f, 0x00, 0x18, 0x79, 0x00, 0x00, 0x00, 0x00, 0x00, 0x00,
    0x00, 0x00, 0x00, 0x00, 0x00, 0xc0, 0x0f, 0x00, 0x18, 0x79, 0x00, 0x00,
    0x00, 0x00, 0x00, 0x00, 0x00, 0x00, 0x00, 0x00, 0x00, 0xc0, 0x0f, 0x00,
};
static const unsigned saxpy_param_off_sm86[] = { 0, 8, 16, 24 };

/* matvec (matvec_f32) — 4736 B, 296 instrucciones */
static const unsigned char matvec_sass_sm86[] = {
    0x02, 0x7a, 0x01, 0x00, 0x00, 0x0a, 0x00, 0x00, 0x00, 0x0f, 0x00, 0x00,
    0x00, 0xe4, 0x0f, 0x00, 0x19, 0x79, 0x20, 0x00, 0x00, 0x00, 0x00, 0x00,
    0x00, 0x25, 0x00, 0x00, 0x00, 0x28, 0x0e, 0x00, 0x19, 0x79, 0x03, 0x00,
    0x00, 0x00, 0x00, 0x00, 0x00, 0x21, 0x00, 0x00, 0x00, 0x24, 0x0e, 0x00,
    0x24, 0x7a, 0x20, 0x20, 0x00, 0x00, 0x00, 0x00, 0x03, 0x02, 0x8e, 0x07,
    0x00, 0xca, 0x1f, 0x00, 0x19, 0x78, 0x1e, 0xff, 0x05, 0x00, 0x00, 0x00,
    0x20, 0x14, 0x01, 0x00, 0x00, 0xc8, 0x0f, 0x00, 0x0c, 0x7a, 0x00, 0x1e,
    0x00, 0x5e, 0x00, 0x00, 0x70, 0x62, 0xf0, 0x03, 0x00, 0xda, 0x0f, 0x00,
    0x4d, 0x09, 0x00, 0x00, 0x00, 0x00, 0x00, 0x00, 0x00, 0x00, 0x80, 0x03,
    0x00, 0xea, 0x0f, 0x00, 0x12, 0x78, 0x20, 0x20, 0x1f, 0x00, 0x00, 0x00,
    0xff, 0xc0, 0x8e, 0x07, 0x00, 0xe2, 0x0f, 0x00, 0xb9, 0x7a, 0x04, 0x00,
    0x00, 0x46, 0x00, 0x00, 0x00, 0x0a, 0x00, 0x00, 0x00, 0xe2, 0x0f, 0x00,
    0x02, 0x7a, 0x00, 0x00, 0x00, 0x5f, 0x00, 0x00, 0x00, 0x0f, 0x00, 0x00,
    0x00, 0xe2, 0x0f, 0x00, 0x45, 0x79, 0x00, 0x00, 0x30, 0x06, 0x00, 0x00,
    0x00, 0x00, 0x80, 0x03, 0x00, 0xe2, 0x0f, 0x00, 0x10, 0x78, 0x1d, 0x20,
    0x03, 0x00, 0x00, 0x00, 0xff, 0xe0, 0xff, 0x07, 0x00, 0xe4, 0x0f, 0x00,
    0x19, 0x78, 0x02, 0xff, 0x1f, 0x00, 0x00, 0x00, 0x1e, 0x14, 0x01, 0x00,
    0x00, 0xe4, 0x0f, 0x00, 0x0c, 0x7a, 0x00, 0x1d, 0x00, 0x5f, 0x00, 0x00,
    0x70, 0x62, 0xf0, 0x03, 0x00, 0xe4, 0x0f, 0x00, 0x02, 0x72, 0x1c, 0x00,
    0xff, 0x00, 0x00, 0x00, 0x00, 0x0f, 0x00, 0x00, 0x00, 0xc4, 0x0f, 0x00,
    0x19, 0x78, 0x03, 0xff, 0x1f, 0x00, 0x00, 0x00, 0x00, 0x14, 0x01, 0x00,
    0x00, 0xe4, 0x0f, 0x00, 0x02, 0x72, 0x08, 0x00, 0x20, 0x00, 0x00, 0x00,
    0x00, 0x0f, 0x00, 0x00, 0x00, 0xce, 0x0f, 0x00, 0x47, 0x09, 0x00, 0x00,
    0xb0, 0x05, 0x00, 0x00, 0x00, 0x00, 0x80, 0x03, 0x00, 0xea, 0x0f, 0x00,
    0x24, 0x7a, 0x06, 0x02, 0x00, 0x5f, 0x00, 0x00, 0xff, 0x02, 0x8e, 0x07,
    0x00, 0xe2, 0x0f, 0x00, 0x02, 0x72, 0x21, 0x00, 0xff, 0x00, 0x00, 0x00,
    0x00, 0x0f, 0x00, 0x00, 0x00, 0xe2, 0x0f, 0x00, 0x24, 0x74, 0x23, 0xff,
    0x04, 0x00, 0x00, 0x00, 0xff, 0x00, 0x8e, 0x07, 0x00, 0xe2, 0x0f, 0x00,
    0x45, 0x79, 0x01, 0x00, 0x10, 0x03, 0x00, 0x00, 0x00, 0x00, 0x80, 0x03,
    0x00, 0xe2, 0x0f, 0x00, 0x24, 0x72, 0x25, 0x1e, 0x03, 0x00, 0x00, 0x00,
    0x06, 0x02, 0x8e, 0x07, 0x00, 0xe2, 0x0f, 0x04, 0x10, 0x7a, 0x06, 0x1d,
    0x00, 0x5f, 0x00, 0x00, 0xff, 0xe1, 0xff, 0x07, 0x00, 0xe2, 0x0f, 0x00,
    0x25, 0x7a, 0x04, 0x1e, 0x00, 0x5f, 0x00, 0x00, 0x20, 0x00, 0x8e, 0x07,
    0x00, 0xe2, 0x0f, 0x00, 0x02, 0x72, 0x1c, 0x00, 0xff, 0x00, 0x00, 0x00,
    0x00, 0x0f, 0x00, 0x00, 0x00, 0xe4, 0x0f, 0x00, 0x0c, 0x78, 0x00, 0x06,
    0x60, 0x00, 0x00, 0x00, 0x70, 0x42, 0xf2, 0x03, 0x00, 0xe2, 0x0f, 0x00,
    0x25, 0x76, 0x22, 0x20, 0x00, 0x5a, 0x00, 0x00, 0x23, 0x00, 0x8e, 0x07,
    0x00, 0xe2, 0x0f, 0x00, 0x10, 0x72, 0x25, 0x05, 0x25, 0x00, 0x00, 0x00,
    0xff, 0xe0, 0xff, 0x07, 0x00, 0xc4, 0x0f, 0x00, 0x11, 0x7a, 0x24, 0x04,
    0x00, 0x58, 0x00, 0x00, 0xff, 0x10, 0x80, 0x07, 0x00, 0xc8, 0x0f, 0x00,
    0x11, 0x7a, 0x25, 0x04, 0x00, 0x59, 0x00, 0x00, 0x25, 0x14, 0x0f, 0x00,
    0x00, 0xe4, 0x0f, 0x00, 0x1c, 0x78, 0x00, 0x00, 0x00, 0x00, 0x00, 0x00,
    0x70, 0xf0, 0xf0, 0x03, 0x00, 0xc6, 0x0f, 0x00, 0x47, 0x99, 0x00, 0x00,
    0x50, 0x02, 0x00, 0x00, 0x00, 0x00, 0x80, 0x03, 0x00, 0xea, 0x0f, 0x00,
    0x1c, 0x78, 0x00, 0x00, 0x00, 0x00, 0x00, 0x00, 0x70, 0xe1, 0xf0, 0x03,
    0x00, 0xe4, 0x0f, 0x00, 0x10, 0x78, 0x1f, 0x00, 0xa0, 0xff, 0xff, 0xff,
    0xff, 0xe0, 0xff, 0x07, 0x00, 0xc6, 0x0f, 0x00, 0x81, 0x79, 0x14, 0x24,
    0x04, 0x00, 0x00, 0x00, 0x00, 0x1d, 0x1e, 0x0c, 0x00, 0xa8, 0x0e, 0x00,
    0x81, 0x79, 0x18, 0x22, 0x04, 0x00, 0x00, 0x00, 0x00, 0x1d, 0x1e, 0x0c,
    0x00, 0xa8, 0x0e, 0x00, 0x81, 0x79, 0x04, 0x24, 0x04, 0x80, 0x00, 0x00,
    0x00, 0x1d, 0x1e, 0x0c, 0x00, 0xe8, 0x0e, 0x00, 0x81, 0x79, 0x08, 0x22,
    0x04, 0x80, 0x00, 0x00, 0x00, 0x1d, 0x1e, 0x0c, 0x00, 0xe8, 0x0e, 0x00,
    0x81, 0x79, 0x0c, 0x24, 0x04, 0x00, 0x01, 0x00, 0x00, 0x1d, 0x1e, 0x0c,
    0x00, 0x28, 0x0f, 0x00, 0x81, 0x79, 0x10, 0x22, 0x04, 0x00, 0x01, 0x00,
    0x00, 0x1d, 0x1e, 0x0c, 0x00, 0x22, 0x0f, 0x00, 0x20, 0x72, 0x15, 0x15,
    0x19, 0x00, 0x00, 0x00, 0x00, 0x00, 0x40, 0x00, 0x00, 0xc8, 0x4f, 0x00,
    0x23, 0x72, 0x15, 0x14, 0x18, 0x00, 0x00, 0x00, 0x15, 0x00, 0x00, 0x00,
    0x00, 0xc8, 0x0f, 0x00, 0x23, 0x72, 0x16, 0x16, 0x1a, 0x00, 0x00, 0x00,
    0x15, 0x00, 0x00, 0x00, 0x00, 0xe2, 0x0f, 0x00, 0x20, 0x72, 0x09, 0x05,
    0x09, 0x00, 0x00, 0x00, 0x00, 0x00, 0x40, 0x00, 0x00, 0xc6, 0x8f, 0x00,
    0x23, 0x72, 0x05, 0x17, 0x1b, 0x00, 0x00, 0x00, 0x16, 0x00, 0x00, 0x00,
    0x00, 0xe4, 0x0f, 0x00, 0x81, 0x79, 0x14, 0x24, 0x04, 0x80, 0x01, 0x00,
    0x00, 0x1d, 0x1e, 0x0c, 0x00, 0xa8, 0x00, 0x00, 0x81, 0x79, 0x18, 0x22,
    0x04, 0x80, 0x01, 0x00, 0x00, 0x1d, 0x1e, 0x0c, 0x00, 0xa2, 0x02, 0x00,
    0x23, 0x72, 0x09, 0x04, 0x08, 0x00, 0x00, 0x00, 0x09, 0x00, 0x00, 0x00,
    0x00, 0xe2, 0x0f, 0x00, 0x20, 0x72, 0x0d, 0x0d, 0x11, 0x00, 0x00, 0x00,
    0x00, 0x00, 0x40, 0x00, 0x00, 0xe2, 0x0f, 0x01, 0x10, 0x78, 0x1d, 0x1d,
    0x80, 0x00, 0x00, 0x00, 0xff, 0xe0, 0xff, 0x07, 0x00, 0xe4, 0x0f, 0x00,
    0x23, 0x72, 0x06, 0x06, 0x0a, 0x00, 0x00, 0x00, 0x09, 0x00, 0x00, 0x00,
    0x00, 0xe2, 0x0f, 0x00, 0x23, 0x72, 0x0d, 0x0c, 0x10, 0x00, 0x00, 0x00,
    0x0d, 0x00, 0x00, 0x00, 0x00, 0xe2, 0x0f, 0x00, 0x0c, 0x72, 0x00, 0x1d,
    0x1f, 0x00, 0x00, 0x00, 0x70, 0x62, 0xf2, 0x03, 0x00, 0xe2, 0x0f, 0x00,
    0x21, 0x72, 0x05, 0x05, 0x1c, 0x00, 0x00, 0x00, 0x00, 0x00, 0x00, 0x00,
    0x00, 0xe2, 0x0f, 0x00, 0x23, 0x72, 0x06, 0x07, 0x0b, 0x00, 0x00, 0x00,
    0x06, 0x00, 0x00, 0x00, 0x00, 0xe2, 0x0f, 0x00, 0x23, 0x72, 0x0e, 0x0e,
    0x12, 0x00, 0x00, 0x00, 0x0d, 0x00, 0x00, 0x00, 0x00, 0xc6, 0x0f, 0x00,
    0x21, 0x72, 0x05, 0x05, 0x06, 0x00, 0x00, 0x00, 0x00, 0x00, 0x00, 0x00,
    0x00, 0xe2, 0x0f, 0x00, 0x23, 0x72, 0x0e, 0x0f, 0x13, 0x00, 0x00, 0x00,
    0x0e, 0x00, 0x00, 0x00, 0x00, 0xe2, 0x0f, 0x00, 0x10, 0x78, 0x24, 0x24,
    0x00, 0x02, 0x00, 0x00, 0xff, 0xe0, 0xf5, 0x07, 0x00, 0xe4, 0x1f, 0x00,
    0x10, 0x78, 0x22, 0x22, 0x00, 0x02, 0x00, 0x00, 0xff, 0xe0, 0xf7, 0x07,
    0x00, 0xe2, 0x2f, 0x00, 0x21, 0x72, 0x05, 0x05, 0x0e, 0x00, 0x00, 0x00,
    0x00, 0x00, 0x00, 0x00, 0x00, 0xe4, 0x0f, 0x00, 0x24, 0x72, 0x25, 0xff,
    0xff, 0x00, 0x00, 0x00, 0x25, 0x06, 0x0e, 0x01, 0x00, 0xe2, 0x0f, 0x00,
    0x10, 0x72, 0x23, 0xff, 0x23, 0x00, 0x00, 0x00, 0xff, 0xe4, 0xff, 0x01,
    0x00, 0xe2, 0x0f, 0x00, 0x20, 0x72, 0x15, 0x15, 0x19, 0x00, 0x00, 0x00,
    0x00, 0x00, 0x40, 0x00, 0x00, 0xc8, 0x4f, 0x00, 0x23, 0x72, 0x15, 0x14,
    0x18, 0x00, 0x00, 0x00, 0x15, 0x00, 0x00, 0x00, 0x00, 0xc8, 0x0f, 0x00,
    0x23, 0x72, 0x16, 0x16, 0x1a, 0x00, 0x00, 0x00, 0x15, 0x00, 0x00, 0x00,
    0x00, 0xc8, 0x0f, 0x00, 0x23, 0x72, 0x16, 0x17, 0x1b, 0x00, 0x00, 0x00,
    0x16, 0x00, 0x00, 0x00, 0x00, 0xc8, 0x0f, 0x00, 0x21, 0x72, 0x1c, 0x05,
    0x16, 0x00, 0x00, 0x00, 0x00, 0x00, 0x00, 0x00, 0x00, 0xe2, 0x0f, 0x00,
    0x47, 0x99, 0x00, 0x00, 0xd0, 0xfd, 0xff, 0xff, 0xff, 0xff, 0x83, 0x03,
    0x00, 0xea, 0x0f, 0x00, 0x41, 0x79, 0x01, 0x00, 0x00, 0x00, 0x00, 0x00,
    0x00, 0x00, 0x80, 0x03, 0x00, 0xea, 0x0f, 0x00, 0x10, 0x7a, 0x04, 0x1d,
    0x00, 0x5f, 0x00, 0x00, 0xff, 0xe1, 0xff, 0x07, 0x00, 0xe2, 0x0f, 0x00,
    0x45, 0x79, 0x01, 0x00, 0x70, 0x01, 0x00, 0x00, 0x00, 0x00, 0x80, 0x03,
    0x00, 0xe6, 0x0f, 0x00, 0x0c, 0x78, 0x00, 0x04, 0x20, 0x00, 0x00, 0x00,
    0x70, 0x42, 0xf2, 0x03, 0x00, 0xda, 0x0f, 0x00, 0x47, 0x99, 0x00, 0x00,
    0x40, 0x01, 0x00, 0x00, 0x00, 0x00, 0x80, 0x03, 0x00, 0xea, 0x0f, 0x00,
    0x81, 0x79, 0x04, 0x24, 0x04, 0x00, 0x00, 0x00, 0x00, 0x1d, 0x1e, 0x0c,
    0x00, 0xa8, 0x00, 0x00, 0x81, 0x79, 0x08, 0x22, 0x04, 0x00, 0x00, 0x00,
    0x00, 0x1d, 0x1e, 0x0c, 0x00, 0xa8, 0x02, 0x00, 0x81, 0x79, 0x0c, 0x24,
    0x04, 0x80, 0x00, 0x00, 0x00, 0x1d, 0x1e, 0x0c, 0x00, 0xe8, 0x00, 0x00,
    0x81, 0x79, 0x10, 0x22, 0x04, 0x80, 0x00, 0x00, 0x00, 0x1d, 0x1e, 0x0c,
    0x00, 0xe2, 0x02, 0x00, 0x1c, 0x78, 0x00, 0x00, 0x00, 0x00, 0x00, 0x00,
    0x70, 0xe1, 0xf0, 0x03, 0x00, 0xc4, 0x0f, 0x00, 0x10, 0x78, 0x1d, 0x1d,
    0x40, 0x00, 0x00, 0x00, 0xff, 0xe0, 0xff, 0x07, 0x00, 0xe4, 0x0f, 0x00,
    0x10, 0x78, 0x24, 0x24, 0x00, 0x01, 0x00, 0x00, 0xff, 0xe0, 0xf3, 0x07,
    0x00, 0xe4, 0x1f, 0x00, 0x10, 0x78, 0x22, 0x22, 0x00, 0x01, 0x00, 0x00,
    0xff, 0xe0, 0xf5, 0x07, 0x00, 0xe4, 0x2f, 0x00, 0x10, 0x72, 0x25, 0xff,
    0x25, 0x00, 0x00, 0x00, 0xff, 0xe4, 0xff, 0x00, 0x00, 0xe4, 0x0f, 0x00,
    0x10, 0x72, 0x23, 0xff, 0x23, 0x00, 0x00, 0x00, 0xff, 0xe4, 0x7f, 0x01,
    0x00, 0xe2, 0x0f, 0x00, 0x20, 0x72, 0x05, 0x05, 0x09, 0x00, 0x00, 0x00,
    0x00, 0x00, 0x40, 0x00, 0x00, 0xc8, 0x4f, 0x00, 0x23, 0x72, 0x05, 0x04,
    0x08, 0x00, 0x00, 0x00, 0x05, 0x00, 0x00, 0x00, 0x00, 0xe2, 0x0f, 0x00,
    0x20, 0x72, 0x0d, 0x0d, 0x11, 0x00, 0x00, 0x00, 0x00, 0x00, 0x40, 0x00,
    0x00, 0xc6, 0x8f, 0x00, 0x23, 0x72, 0x06, 0x06, 0x0a, 0x00, 0x00, 0x00,
    0x05, 0x00, 0x00, 0x00, 0x00, 0xe2, 0x0f, 0x00, 0x23, 0x72, 0x0d, 0x0c,
    0x10, 0x00, 0x00, 0x00, 0x0d, 0x00, 0x00, 0x00, 0x00, 0xc6, 0x0f, 0x00,
    0x23, 0x72, 0x07, 0x07, 0x0b, 0x00, 0x00, 0x00, 0x06, 0x00, 0x00, 0x00,
    0x00, 0xe2, 0x0f, 0x00, 0x23, 0x72, 0x0e, 0x0e, 0x12, 0x00, 0x00, 0x00,
    0x0d, 0x00, 0x00, 0x00, 0x00, 0xc6, 0x0f, 0x00, 0x21, 0x72, 0x07, 0x1c,
    0x07, 0x00, 0x00, 0x00, 0x00, 0x00, 0x00, 0x00, 0x00, 0xe2, 0x0f, 0x00,
    0x23, 0x72, 0x0e, 0x0f, 0x13, 0x00, 0x00, 0x00, 0x0e, 0x00, 0x00, 0x00,
    0x00, 0xc8, 0x0f, 0x00, 0x21, 0x72, 0x1c, 0x07, 0x0e, 0x00, 0x00, 0x00,
    0x00, 0x00, 0x00, 0x00, 0x00, 0xe4, 0x0f, 0x00, 0x41, 0x79, 0x01, 0x00,
    0x00, 0x00, 0x00, 0x00, 0x00, 0x00, 0x80, 0x03, 0x00, 0xea, 0x0f, 0x00,
    0x0c, 0x7a, 0x00, 0x1d, 0x00, 0x5f, 0x00, 0x00, 0x70, 0x16, 0x70, 0x00,
    0x00, 0xe2, 0x0f, 0x00, 0x45, 0x79, 0x01, 0x00, 0xa0, 0x00, 0x00, 0x00,
    0x00, 0x00, 0x80, 0x03, 0x00, 0xd8, 0x0f, 0x00, 0x47, 0x89, 0x00, 0x00,
    0x80, 0x00, 0x00, 0x00, 0x00, 0x00, 0x80, 0x03, 0x00, 0xea, 0x0f, 0x00,
    0x81, 0x79, 0x04, 0x24, 0x04, 0x00, 0x00, 0x00, 0x00, 0x1d, 0x1e, 0x0c,
    0x00, 0xa8, 0x0e, 0x00, 0x81, 0x79, 0x08, 0x22, 0x04, 0x00, 0x00, 0x00,
    0x00, 0x1d, 0x1e, 0x0c, 0x00, 0xa2, 0x0e, 0x00, 0x10, 0x78, 0x1d, 0x1d,
    0x20, 0x00, 0x00, 0x00, 0xff, 0xe0, 0xff, 0x07, 0x00, 0xe2, 0x0f, 0x00,
    0x20, 0x72, 0x05, 0x05, 0x09, 0x00, 0x00, 0x00, 0x00, 0x00, 0x40, 0x00,
    0x00, 0xc8, 0x4f, 0x00, 0x23, 0x72, 0x05, 0x04, 0x08, 0x00, 0x00, 0x00,
    0x05, 0x00, 0x00, 0x00, 0x00, 0xc8, 0x0f, 0x00, 0x23, 0x72, 0x06, 0x06,
    0x0a, 0x00, 0x00, 0x00, 0x05, 0x00, 0x00, 0x00, 0x00, 0xc8, 0x0f, 0x00,
    0x23, 0x72, 0x07, 0x07, 0x0b, 0x00, 0x00, 0x00, 0x06, 0x00, 0x00, 0x00,
    0x00, 0xc8, 0x0f, 0x00, 0x21, 0x72, 0x1c, 0x1c, 0x07, 0x00, 0x00, 0x00,
    0x00, 0x00, 0x00, 0x00, 0x00, 0xe4, 0x0f, 0x00, 0x41, 0x79, 0x01, 0x00,
    0x00, 0x00, 0x00, 0x00, 0x00, 0x00, 0x80, 0x03, 0x00, 0xea, 0x0f, 0x00,
    0x10, 0x78, 0x08, 0x1d, 0xfd, 0xff, 0xff, 0xff, 0xff, 0xe0, 0xff, 0x07,
    0x00, 0xe4, 0x0f, 0x00, 0x41, 0x79, 0x00, 0x00, 0x00, 0x00, 0x00, 0x00,
    0x00, 0x00, 0x80, 0x03, 0x00, 0xea, 0x0f, 0x00, 0x0c, 0x7a, 0x00, 0x08,
    0x00, 0x5f, 0x00, 0x00, 0x70, 0x62, 0xf0, 0x03, 0x00, 0xe2, 0x0f, 0x00,
    0x45, 0x79, 0x00, 0x00, 0xf0, 0x09, 0x00, 0x00, 0x00, 0x00, 0x80, 0x03,
    0x00, 0xd8, 0x0f, 0x00, 0x47, 0x09, 0x00, 0x00, 0xd0, 0x09, 0x00, 0x00,
    0x00, 0x00, 0x80, 0x03, 0x00, 0xea, 0x0f, 0x00, 0x12, 0x72, 0x04, 0xff,
    0x08, 0x00, 0x00, 0x00, 0xff, 0x33, 0x8e, 0x07, 0x00, 0xe2, 0x0f, 0x00,
    0x45, 0x79, 0x01, 0x00, 0xe0, 0x01, 0x00, 0x00, 0x00, 0x00, 0x80, 0x03,
    0x00, 0xe6, 0x0f, 0x00, 0x10, 0x7a, 0x05, 0x04, 0x00, 0x5f, 0x00, 0x00,
    0xff, 0xe0, 0xff, 0x07, 0x00, 0xc8, 0x0f, 0x00, 0x11, 0x78, 0x04, 0x05,
    0x01, 0x00, 0x00, 0x00, 0xff, 0xd8, 0x8f, 0x07, 0x00, 0xe4, 0x0f, 0x04,
    0x0c, 0x78, 0x00, 0x05, 0x60, 0x00, 0x00, 0x00, 0x70, 0x60, 0xf0, 0x03,
    0x00, 0xe4, 0x0f, 0x00, 0x12, 0x78, 0x0a, 0x04, 0x03, 0x00, 0x00, 0x00,
    0xff, 0xc0, 0x82, 0x07, 0x00, 0xda, 0x0f, 0x00, 0x47, 0x99, 0x00, 0x00,
    0x80, 0x01, 0x00, 0x00, 0x00, 0x00, 0x80, 0x03, 0x00, 0xea, 0x0f, 0x00,
    0x19, 0x78, 0x09, 0xff, 0x1f, 0x00, 0x00, 0x00, 0x08, 0x14, 0x01, 0x00,
    0x00, 0xe2, 0x0f, 0x00, 0x24, 0x7a, 0x04, 0x02, 0x00, 0x5f, 0x00, 0x00,
    0xff, 0x02, 0x8e, 0x07, 0x00, 0xe2, 0x0f, 0x00, 0x02, 0x78, 0x05, 0x00,
    0x04, 0x00, 0x00, 0x00, 0x00, 0x0f, 0x00, 0x00, 0x00, 0xc6, 0x0f, 0x00,
    0x25, 0x7a, 0x06, 0x1e, 0x00, 0x5f, 0x00, 0x00, 0x08, 0x00, 0x8e, 0x07,
    0x00, 0xc8, 0x0f, 0x00, 0x24, 0x72, 0x0b, 0x1e, 0x03, 0x00, 0x00, 0x00,
    0x04, 0x02, 0x8e, 0x07, 0x00, 0xe2, 0x0f, 0x00, 0x11, 0x7a, 0x09, 0x06,
    0x00, 0x58, 0x00, 0x00, 0xff, 0x10, 0x82, 0x07, 0x00, 0xe2, 0x0f, 0x00,
    0x25, 0x76, 0x04, 0x08, 0x00, 0x5a, 0x00, 0x00, 0x05, 0x02, 0x8e, 0x07,
    0x00, 0xc8, 0x0f, 0x00, 0x24, 0x78, 0x07, 0x0b, 0x01, 0x00, 0x00, 0x00,
    0x07, 0x02, 0x8e, 0x07, 0x00, 0xe2, 0x0f, 0x00, 0x02, 0x72, 0x0b, 0x00,
    0x05, 0x00, 0x00, 0x00, 0x00, 0x0f, 0x00, 0x00, 0x00, 0xc8, 0x0f, 0x00,
    0x11, 0x7a, 0x0c, 0x06, 0x00, 0x59, 0x00, 0x00, 0x07, 0x14, 0x8f, 0x00,
    0x00, 0xe4, 0x0f, 0x00, 0x02, 0x72, 0x05, 0x00, 0x0b, 0x00, 0x00, 0x00,
    0x00, 0x0f, 0x00, 0x00, 0x00, 0xe4, 0x0f, 0x00, 0x02, 0x72, 0x06, 0x00,
    0x09, 0x00, 0x00, 0x00, 0x00, 0x0f, 0x00, 0x00, 0x00, 0xe4, 0x0f, 0x00,
    0x02, 0x72, 0x07, 0x00, 0x0c, 0x00, 0x00, 0x00, 0x00, 0x0f, 0x00, 0x00,
    0x00, 0xe4, 0x0f, 0x00, 0x81, 0x79, 0x05, 0x04, 0x04, 0x00, 0x00, 0x00,
    0x00, 0x19, 0x1e, 0x0c, 0x00, 0xa8, 0x00, 0x00, 0x81, 0x79, 0x06, 0x06,
    0x04, 0x00, 0x00, 0x00, 0x00, 0x19, 0x1e, 0x0c, 0x00, 0xa2, 0x0e, 0x00,
    0x10, 0x78, 0x0a, 0x0a, 0xff, 0xff, 0xff, 0xff, 0xff, 0xe0, 0xff, 0x07,
    0x00, 0xc4, 0x0f, 0x00, 0x10, 0x78, 0x09, 0x09, 0x80, 0x00, 0x00, 0x00,
    0xff, 0xe0, 0xf7, 0x07, 0x00, 0xe4, 0x0f, 0x00, 0x0c, 0x72, 0x00, 0x0a,
    0xff, 0x00, 0x00, 0x00, 0x70, 0x52, 0xf2, 0x03, 0x00, 0xe4, 0x0f, 0x00,
    0x10, 0x78, 0x04, 0x04, 0x80, 0x00, 0x00, 0x00, 0xff, 0xe0, 0xf5, 0x07,
    0x00, 0xe4, 0x1f, 0x00, 0x10, 0x78, 0x08, 0x08, 0x20, 0x00, 0x00, 0x00,
    0xff, 0xe0, 0xff, 0x07, 0x00, 0xe4, 0x0f, 0x00, 0x10, 0x72, 0x0c, 0xff,
    0x0c, 0x00, 0x00, 0x00, 0xff, 0xe4, 0xff, 0x01, 0x00, 0xe2, 0x0f, 0x00,
    0x24, 0x72, 0x0b, 0xff, 0xff, 0x00, 0x00, 0x00, 0x0b, 0x06, 0x0e, 0x01,
    0x00, 0xe2, 0x0f, 0x00, 0x23, 0x72, 0x1c, 0x05, 0x06, 0x00, 0x00, 0x00,
    0x1c, 0x00, 0x00, 0x00, 0x00, 0xca, 0x4f, 0x00, 0x47, 0x19, 0x00, 0x00,
    0x20, 0xff, 0xff, 0xff, 0xff, 0xff, 0x83, 0x03, 0x00, 0xea, 0x0f, 0x00,
    0x41, 0x79, 0x01, 0x00, 0x00, 0x00, 0x00, 0x00, 0x00, 0x00, 0x80, 0x03,
    0x00, 0xea, 0x0f, 0x00, 0x47, 0x89, 0x00, 0x00, 0xc0, 0x07, 0x00, 0x00,
    0x00, 0x00, 0x80, 0x03, 0x00, 0xea, 0x0f, 0x00, 0x10, 0x7a, 0x07, 0x08,
    0x00, 0x5f, 0x00, 0x00, 0xff, 0xe1, 0xff, 0x07, 0x00, 0xe2, 0x0f, 0x00,
    0x24, 0x7a, 0x04, 0x02, 0x00, 0x5f, 0x00, 0x00, 0xff, 0x02, 0x8e, 0x07,
    0x00, 0xe2, 0x0f, 0x00, 0x02, 0x78, 0x05, 0x00, 0x04, 0x00, 0x00, 0x00,
    0x00, 0x0f, 0x00, 0x00, 0x00, 0xe2, 0x0f, 0x00, 0x45, 0x79, 0x01, 0x00,
    0x60, 0x04, 0x00, 0x00, 0x00, 0x00, 0x80, 0x03, 0x00, 0xe2, 0x0f, 0x00,
    0x0c, 0x78, 0x00, 0x07, 0x80, 0x01, 0x00, 0x00, 0x70, 0x42, 0xf2, 0x03,
    0x00, 0xe2, 0x0f, 0x00, 0x24, 0x72, 0x03, 0x1e, 0x03, 0x00, 0x00, 0x00,
    0x04, 0x02, 0x8e, 0x07, 0x00, 0xe2, 0x0f, 0x00, 0x19, 0x78, 0x09, 0xff,
    0x1f, 0x00, 0x00, 0x00, 0x08, 0x14, 0x01, 0x00, 0x00, 0xe2, 0x0f, 0x00,
    0x25, 0x76, 0x04, 0x08, 0x00, 0x5a, 0x00, 0x00, 0x05, 0x02, 0x8e, 0x07,
    0x00, 0xc8, 0x0f, 0x00, 0x25, 0x7a, 0x0a, 0x1e, 0x00, 0x5f, 0x00, 0x00,
    0x08, 0x00, 0x8e, 0x07, 0x00, 0xe2, 0x0f, 0x00, 0x10, 0x78, 0x06, 0x04,
    0x00, 0x01, 0x00, 0x00, 0xff, 0xe0, 0xf1, 0x07, 0x00, 0xc8, 0x0f, 0x00,
    0x10, 0x72, 0x03, 0x03, 0x0b, 0x00, 0x00, 0x00, 0xff, 0xe0, 0xff, 0x07,
    0x00, 0xe4, 0x0f, 0x00, 0x11, 0x7a, 0x04, 0x0a, 0x00, 0x58, 0x00, 0x00,
    0xff, 0x10, 0x84, 0x07, 0x00, 0xe4, 0x0f, 0x04, 0x10, 0x72, 0x07, 0xff,
    0x05, 0x00, 0x00, 0x00, 0xff, 0xe4, 0x7f, 0x00, 0x00, 0xe4, 0x0f, 0x00,
    0x11, 0x7a, 0x05, 0x0a, 0x00, 0x59, 0x00, 0x00, 0x03, 0x14, 0x0f, 0x01,
    0x00, 0xe4, 0x0f, 0x00, 0x1c, 0x78, 0x00, 0x00, 0x00, 0x00, 0x00, 0x00,
    0x70, 0xf0, 0xf0, 0x03, 0x00, 0xe2, 0x0f, 0x00, 0x47, 0x99, 0x00, 0x00,
    0x90, 0x03, 0x00, 0x00, 0x00, 0x00, 0x80, 0x03, 0x00, 0xee, 0x0f, 0x00,
    0x1c, 0x78, 0x00, 0x00, 0x00, 0x00, 0x00, 0x00, 0x70, 0xe1, 0xf0, 0x03,
    0x00, 0xe4, 0x0f, 0x00, 0x10, 0x78, 0x03, 0x00, 0x80, 0xfe, 0xff, 0xff,
    0xff, 0xe0, 0xff, 0x07, 0x00, 0xc6, 0x0f, 0x00, 0x81, 0x79, 0x17, 0x06,
    0x04, 0x00, 0xff, 0xff, 0x00, 0x19, 0x1e, 0x0c, 0x00, 0xa8, 0x0e, 0x00,
    0x81, 0x79, 0x16, 0x04, 0x04, 0x00, 0x00, 0x00, 0x00, 0x19, 0x1e, 0x0c,
    0x00, 0xa8, 0x0e, 0x00, 0x81, 0x79, 0x1f, 0x06, 0x04, 0x80, 0xff, 0xff,
    0x00, 0x19, 0x1e, 0x0c, 0x00, 0xe8, 0x0e, 0x00, 0x81, 0x79, 0x23, 0x04,
    0x04, 0x80, 0x00, 0x00, 0x00, 0x19, 0x1e, 0x0c, 0x00, 0xe8, 0x0e, 0x00,
    0x81, 0x79, 0x1d, 0x06, 0x04, 0x00, 0x00, 0x00, 0x00, 0x19, 0x1e, 0x0c,
    0x00, 0x28, 0x0f, 0x00, 0x81, 0x79, 0x22, 0x04, 0x04, 0x00, 0x01, 0x00,
    0x00, 0x19, 0x1e, 0x0c, 0x00, 0x28, 0x0f, 0x00, 0x81, 0x79, 0x1a, 0x06,
    0x04, 0x80, 0x00, 0x00, 0x00, 0x19, 0x1e, 0x0c, 0x00, 0x68, 0x0f, 0x00,
    0x81, 0x79, 0x1b, 0x04, 0x04, 0x80, 0x01, 0x00, 0x00, 0x19, 0x1e, 0x0c,
    0x00, 0x68, 0x0f, 0x00, 0x81, 0x79, 0x14, 0x06, 0x04, 0x00, 0x01, 0x00,
    0x00, 0x19, 0x1e, 0x0c, 0x00, 0x68, 0x0f, 0x00, 0x81, 0x79, 0x15, 0x04,
    0x04, 0x00, 0x02, 0x00, 0x00, 0x19, 0x1e, 0x0c, 0x00, 0x68, 0x0f, 0x00,
    0x81, 0x79, 0x12, 0x06, 0x04, 0x80, 0x01, 0x00, 0x00, 0x19, 0x1e, 0x0c,
    0x00, 0x68, 0x0f, 0x00, 0x81, 0x79, 0x13, 0x04, 0x04, 0x80, 0x02, 0x00,
    0x00, 0x19, 0x1e, 0x0c, 0x00, 0x68, 0x0f, 0x00, 0x81, 0x79, 0x10, 0x06,
    0x04, 0x00, 0x02, 0x00, 0x00, 0x19, 0x1e, 0x0c, 0x00, 0x68, 0x0f, 0x00,
    0x81, 0x79, 0x11, 0x04, 0x04, 0x00, 0x03, 0x00, 0x00, 0x19, 0x1e, 0x0c,
    0x00, 0x68, 0x0f, 0x00, 0x81, 0x79, 0x0e, 0x06, 0x04, 0x80, 0x02, 0x00,
    0x00, 0x19, 0x1e, 0x0c, 0x00, 0x68, 0x0f, 0x00, 0x81, 0x79, 0x0f, 0x04,
    0x04, 0x80, 0x03, 0x00, 0x00, 0x19, 0x1e, 0x0c, 0x00, 0x68, 0x0f, 0x00,
    0x81, 0x79, 0x0c, 0x06, 0x04, 0x00, 0x03, 0x00, 0x00, 0x19, 0x1e, 0x0c,
    0x00, 0x68, 0x0f, 0x00, 0x81, 0x79, 0x0d, 0x04, 0x04, 0x00, 0x04, 0x00,
    0x00, 0x19, 0x1e, 0x0c, 0x00, 0x68, 0x0f, 0x00, 0x81, 0x79, 0x0a, 0x06,
    0x04, 0x80, 0x03, 0x00, 0x00, 0x19, 0x1e, 0x0c, 0x00, 0x68, 0x0f, 0x00,
    0x81, 0x79, 0x0b, 0x04, 0x04, 0x80, 0x04, 0x00, 0x00, 0x19, 0x1e, 0x0c,
    0x00, 0x68, 0x0f, 0x00, 0x81, 0x79, 0x00, 0x06, 0x04, 0x00, 0x04, 0x00,
    0x00, 0x19, 0x1e, 0x0c, 0x00, 0x68, 0x0f, 0x00, 0x81, 0x79, 0x09, 0x04,
    0x04, 0x00, 0x05, 0x00, 0x00, 0x19, 0x1e, 0x0c, 0x00, 0x68, 0x0f, 0x00,
    0x81, 0x79, 0x18, 0x06, 0x04, 0x80, 0x04, 0x00, 0x00, 0x19, 0x1e, 0x0c,
    0x00, 0x68, 0x0f, 0x00, 0x81, 0x79, 0x19, 0x04, 0x04, 0x80, 0x05, 0x00,
    0x00, 0x19, 0x1e, 0x0c, 0x00, 0x62, 0x0f, 0x00, 0x23, 0x72, 0x16, 0x17,
    0x16, 0x00, 0x00, 0x00, 0x1c, 0x00, 0x00, 0x00, 0x00, 0xc6, 0x4f, 0x00,
    0x81, 0x79, 0x17, 0x04, 0x04, 0x00, 0x06, 0x00, 0x00, 0x19, 0x1e, 0x0c,
    0x00, 0xa2, 0x00, 0x00, 0x23, 0x72, 0x1c, 0x1f, 0x23, 0x00, 0x00, 0x00,
    0x16, 0x00, 0x00, 0x00, 0x00, 0xc6, 0x8f, 0x00, 0x81, 0x79, 0x16, 0x06,
    0x04, 0x00, 0x05, 0x00, 0x00, 0x19, 0x1e, 0x0c, 0x00, 0xa2, 0x02, 0x00,
    0x23, 0x72, 0x1f, 0x1d, 0x22, 0x00, 0x00, 0x00, 0x1c, 0x00, 0x00, 0x00,
    0x00, 0xc6, 0x0f, 0x01, 0x81, 0x79, 0x1d, 0x06, 0x04, 0x80, 0x05, 0x00,
    0x00, 0x19, 0x1e, 0x0c, 0x00, 0xe8, 0x02, 0x00, 0x81, 0x79, 0x1c, 0x04,
    0x04, 0x80, 0x06, 0x00, 0x00, 0x19, 0x1e, 0x0c, 0x00, 0xe2, 0x00, 0x00,
    0x23, 0x72, 0x23, 0x1a, 0x1b, 0x00, 0x00, 0x00, 0x1f, 0x00, 0x00, 0x00,
    0x00, 0xc6, 0x0f, 0x02, 0x81, 0x79, 0x1f, 0x06, 0x04, 0x00, 0x06, 0x00,
    0x00, 0x19, 0x1e, 0x0c, 0x00, 0x28, 0x03, 0x00, 0x81, 0x79, 0x1a, 0x04,
    0x04, 0x00, 0x07, 0x00, 0x00, 0x19, 0x1e, 0x0c, 0x00, 0x28, 0x01, 0x00,
    0x81, 0x79, 0x1b, 0x06, 0x04, 0x80, 0x06, 0x00, 0x00, 0x19, 0x1e, 0x0c,
    0x00, 0x68, 0x03, 0x00, 0x81, 0x79, 0x22, 0x04, 0x04, 0x80, 0x07, 0x00,
    0x00, 0x19, 0x1e, 0x0c, 0x00, 0x62, 0x01, 0x00, 0x23, 0x72, 0x15, 0x14,
    0x15, 0x00, 0x00, 0x00, 0x23, 0x00, 0x00, 0x00, 0x00, 0xc8, 0x0f, 0x00,
    0x23, 0x72, 0x13, 0x12, 0x13, 0x00, 0x00, 0x00, 0x15, 0x00, 0x00, 0x00,
    0x00, 0xc8, 0x0f, 0x00, 0x23, 0x72, 0x11, 0x10, 0x11, 0x00, 0x00, 0x00,
    0x13, 0x00, 0x00, 0x00, 0x00, 0xc8, 0x0f, 0x00, 0x23, 0x72, 0x0f, 0x0e,
    0x0f, 0x00, 0x00, 0x00, 0x11, 0x00, 0x00, 0x00, 0x00, 0xc8, 0x0f, 0x00,
    0x23, 0x72, 0x0d, 0x0c, 0x0d, 0x00, 0x00, 0x00, 0x0f, 0x00, 0x00, 0x00,
    0x00, 0xe2, 0x0f, 0x00, 0x10, 0x78, 0x08, 0x08, 0x00, 0x02, 0x00, 0x00,
    0xff, 0xe0, 0xff, 0x07, 0x00, 0xc6, 0x0f, 0x00, 0x23, 0x72, 0x0b, 0x0a,
    0x0b, 0x00, 0x00, 0x00, 0x0d, 0x00, 0x00, 0x00, 0x00, 0xe2, 0x0f, 0x00,
    0x0c, 0x72, 0x00, 0x08, 0x03, 0x00, 0x00, 0x00, 0x70, 0x62, 0xf2, 0x03,
    0x00, 0xc6, 0x0f, 0x00, 0x23, 0x72, 0x09, 0x00, 0x09, 0x00, 0x00, 0x00,
    0x0b, 0x00, 0x00, 0x00, 0x00, 0xc8, 0x0f, 0x00, 0x23, 0x72, 0x09, 0x18,
    0x19, 0x00, 0x00, 0x00, 0x09, 0x00, 0x00, 0x00, 0x00, 0xe2, 0x0f, 0x00,
    0x10, 0x78, 0x06, 0x06, 0x00, 0x08, 0x00, 0x00, 0xff, 0xe0, 0xf7, 0x07,
    0x00, 0xe4, 0x2f, 0x00, 0x10, 0x78, 0x04, 0x04, 0x00, 0x08, 0x00, 0x00,
    0xff, 0xe0, 0xf5, 0x07, 0x00, 0xc6, 0x1f, 0x00, 0x24, 0x72, 0x07, 0xff,
    0xff, 0x00, 0x00, 0x00, 0x07, 0x06, 0x8e, 0x01, 0x00, 0xe2, 0x0f, 0x00,
    0x10, 0x72, 0x05, 0xff, 0x05, 0x00, 0x00, 0x00, 0xff, 0xe4, 0x7f, 0x01,
    0x00, 0xe2, 0x0f, 0x00, 0x23, 0x72, 0x16, 0x16, 0x17, 0x00, 0x00, 0x00,
    0x09, 0x00, 0x00, 0x00, 0x00, 0xc8, 0x4f, 0x00, 0x23, 0x72, 0x16, 0x1d,
    0x1c, 0x00, 0x00, 0x00, 0x16, 0x00, 0x00, 0x00, 0x00, 0xc8, 0x8f, 0x00,
    0x23, 0x72, 0x16, 0x1f, 0x1a, 0x00, 0x00, 0x00, 0x16, 0x00, 0x00, 0x00,
    0x00, 0xc8, 0x0f, 0x01, 0x23, 0x72, 0x1c, 0x1b, 0x22, 0x00, 0x00, 0x00,
    0x16, 0x00, 0x00, 0x00, 0x00, 0xe2, 0x0f, 0x02, 0x47, 0x99, 0x00, 0x00,
    0x90, 0xfc, 0xff, 0xff, 0xff, 0xff, 0x83, 0x03, 0x00, 0xea, 0x0f, 0x00,
    0x41, 0x79, 0x01, 0x00, 0x00, 0x00, 0x00, 0x00, 0x00, 0x00, 0x80, 0x03,
    0x00, 0xea, 0x0f, 0x00, 0x10, 0x7a, 0x00, 0x08, 0x00, 0x5f, 0x00, 0x00,
    0xff, 0xe1, 0xff, 0x07, 0x00, 0xe2, 0x0f, 0x00, 0x45, 0x79, 0x01, 0x00,
    0x20, 0x02, 0x00, 0x00, 0x00, 0x00, 0x80, 0x03, 0x00, 0xe6, 0x0f, 0x00,
    0x0c, 0x78, 0x00, 0x00, 0x80, 0x00, 0x00, 0x00, 0x70, 0x42, 0xf2, 0x03,
    0x00, 0xda, 0x0f, 0x00, 0x47, 0x99, 0x00, 0x00, 0xf0, 0x01, 0x00, 0x00,
    0x00, 0x00, 0x80, 0x03, 0x00, 0xea, 0x0f, 0x00, 0x81, 0x79, 0x03, 0x06,
    0x04, 0x00, 0xff, 0xff, 0x00, 0x19, 0x1e, 0x0c, 0x00, 0xa8, 0x00, 0x00,
    0x81, 0x79, 0x00, 0x04, 0x04, 0x00, 0x00, 0x00, 0x00, 0x19, 0x1e, 0x0c,
    0x00, 0xa8, 0x0e, 0x00, 0x81, 0x79, 0x09, 0x06, 0x04, 0x80, 0xff, 0xff,
    0x00, 0x19, 0x1e, 0x0c, 0x00, 0xe8, 0x00, 0x00, 0x81, 0x79, 0x0a, 0x04,
    0x04, 0x80, 0x00, 0x00, 0x00, 0x19, 0x1e, 0x0c, 0x00, 0xe8, 0x02, 0x00,
    0x81, 0x79, 0x0b, 0x06, 0x04, 0x00, 0x00, 0x00, 0x00, 0x19, 0x1e, 0x0c,
    0x00, 0x28, 0x01, 0x00, 0x81, 0x79, 0x0c, 0x04, 0x04, 0x00, 0x01, 0x00,
    0x00, 0x19, 0x1e, 0x0c, 0x00, 0x28, 0x03, 0x00, 0x81, 0x79, 0x0d, 0x06,
    0x04, 0x80, 0x00, 0x00, 0x00, 0x19, 0x1e, 0x0c, 0x00, 0x68, 0x01, 0x00,
    0x81, 0x79, 0x0e, 0x04, 0x04, 0x80, 0x01, 0x00, 0x00, 0x19, 0x1e, 0x0c,
    0x00, 0x68, 0x03, 0x00, 0x81, 0x79, 0x0f, 0x06, 0x04, 0x00, 0x01, 0x00,
    0x00, 0x19, 0x1e, 0x0c, 0x00, 0x68, 0x01, 0x00, 0x81, 0x79, 0x10, 0x04,
    0x04, 0x00, 0x02, 0x00, 0x00, 0x19, 0x1e, 0x0c, 0x00, 0x68, 0x03, 0x00,
    0x81, 0x79, 0x11, 0x06, 0x04, 0x80, 0x01, 0x00, 0x00, 0x19, 0x1e, 0x0c,
    0x00, 0x68, 0x01, 0x00, 0x81, 0x79, 0x12, 0x04, 0x04, 0x80, 0x02, 0x00,
    0x00, 0x19, 0x1e, 0x0c, 0x00, 0x68, 0x03, 0x00, 0x81, 0x79, 0x13, 0x06,
    0x04, 0x00, 0x02, 0x00, 0x00, 0x19, 0x1e, 0x0c, 0x00, 0x68, 0x01, 0x00,
    0x81, 0x79, 0x14, 0x04, 0x04, 0x00, 0x03, 0x00, 0x00, 0x19, 0x1e, 0x0c,
    0x00, 0x68, 0x03, 0x00, 0x81, 0x79, 0x15, 0x06, 0x04, 0x80, 0x02, 0x00,
    0x00, 0x19, 0x1e, 0x0c, 0x00, 0x68, 0x01, 0x00, 0x81, 0x79, 0x16, 0x04,
    0x04, 0x80, 0x03, 0x00, 0x00, 0x19, 0x1e, 0x0c, 0x00, 0x62, 0x03, 0x00,
    0x1c, 0x78, 0x00, 0x00, 0x00, 0x00, 0x00, 0x00, 0x70, 0xe1, 0xf0, 0x03,
    0x00, 0xc4, 0x0f, 0x00, 0x10, 0x78, 0x08, 0x08, 0x00, 0x01, 0x00, 0x00,
    0xff, 0xe0, 0xff, 0x07, 0x00, 0xe4, 0x0f, 0x00, 0x10, 0x78, 0x06, 0x06,
    0x00, 0x04, 0x00, 0x00, 0xff, 0xe0, 0xf5, 0x07, 0x00, 0xc8, 0x1f, 0x00,
    0x10, 0x72, 0x07, 0xff, 0x07, 0x00, 0x00, 0x00, 0xff, 0xe4, 0x7f, 0x01,
    0x00, 0xe2, 0x0f, 0x00, 0x23, 0x72, 0x00, 0x03, 0x00, 0x00, 0x00, 0x00,
    0x1c, 0x00, 0x00, 0x00, 0x00, 0xe2, 0x4f, 0x00, 0x10, 0x78, 0x03, 0x04,
    0x00, 0x04, 0x00, 0x00, 0xff, 0xe0, 0xf3, 0x07, 0x00, 0xc8, 0x0f, 0x00,
    0x10, 0x72, 0x05, 0xff, 0x05, 0x00, 0x00, 0x00, 0xff, 0xe4, 0xff, 0x00,
    0x00, 0xe4, 0x2f, 0x00, 0x02, 0x72, 0x04, 0x00, 0x03, 0x00, 0x00, 0x00,
    0x00, 0x0f, 0x00, 0x00, 0x00, 0xe2, 0x0f, 0x00, 0x23, 0x72, 0x00, 0x09,
    0x0a, 0x00, 0x00, 0x00, 0x00, 0x00, 0x00, 0x00, 0x00, 0xc8, 0x8f, 0x00,
    0x23, 0x72, 0x00, 0x0b, 0x0c, 0x00, 0x00, 0x00, 0x00, 0x00, 0x00, 0x00,
    0x00, 0xc8, 0x0f, 0x01, 0x23, 0x72, 0x00, 0x0d, 0x0e, 0x00, 0x00, 0x00,
    0x00, 0x00, 0x00, 0x00, 0x00, 0xc8, 0x0f, 0x02, 0x23, 0x72, 0x00, 0x0f,
    0x10, 0x00, 0x00, 0x00, 0x00, 0x00, 0x00, 0x00, 0x00, 0xc8, 0x0f, 0x00,
    0x23, 0x72, 0x00, 0x11, 0x12, 0x00, 0x00, 0x00, 0x00, 0x00, 0x00, 0x00,
    0x00, 0xc8, 0x0f, 0x00, 0x23, 0x72, 0x00, 0x13, 0x14, 0x00, 0x00, 0x00,
    0x00, 0x00, 0x00, 0x00, 0x00, 0xc8, 0x0f, 0x00, 0x23, 0x72, 0x1c, 0x15,
    0x16, 0x00, 0x00, 0x00, 0x00, 0x00, 0x00, 0x00, 0x00, 0xe4, 0x0f, 0x00,
    0x41, 0x79, 0x01, 0x00, 0x00, 0x00, 0x00, 0x00, 0x00, 0x00, 0x80, 0x03,
    0x00, 0xea, 0x0f, 0x00, 0x0c, 0x7a, 0x00, 0x08, 0x00, 0x5f, 0x00, 0x00,
    0x70, 0x16, 0x70, 0x00, 0x00, 0xda, 0x0f, 0x00, 0x47, 0x89, 0x00, 0x00,
    0xc0, 0x00, 0x00, 0x00, 0x00, 0x00, 0x80, 0x03, 0x00, 0xea, 0x0f, 0x00,
    0x81, 0x79, 0x03, 0x06, 0x04, 0x00, 0xff, 0xff, 0x00, 0x19, 0x1e, 0x0c,
    0x00, 0xa8, 0x0e, 0x00, 0x81, 0x79, 0x00, 0x04, 0x04, 0x00, 0x00, 0x00,
    0x00, 0x19, 0x1e, 0x0c, 0x00, 0xa8, 0x0e, 0x00, 0x81, 0x79, 0x09, 0x06,
    0x04, 0x80, 0xff, 0xff, 0x00, 0x19, 0x1e, 0x0c, 0x00, 0xe8, 0x0e, 0x00,
    0x81, 0x79, 0x08, 0x04, 0x04, 0x80, 0x00, 0x00, 0x00, 0x19, 0x1e, 0x0c,
    0x00, 0xe8, 0x0e, 0x00, 0x81, 0x79, 0x0b, 0x06, 0x04, 0x00, 0x00, 0x00,
    0x00, 0x19, 0x1e, 0x0c, 0x00, 0x28, 0x0f, 0x00, 0x81, 0x79, 0x0a, 0x04,
    0x04, 0x00, 0x01, 0x00, 0x00, 0x19, 0x1e, 0x0c, 0x00, 0x28, 0x0f, 0x00,
    0x81, 0x79, 0x0d, 0x06, 0x04, 0x80, 0x00, 0x00, 0x00, 0x19, 0x1e, 0x0c,
    0x00, 0x68, 0x0f, 0x00, 0x81, 0x79, 0x0c, 0x04, 0x04, 0x80, 0x01, 0x00,
    0x00, 0x19, 0x1e, 0x0c, 0x00, 0x62, 0x0f, 0x00, 0x23, 0x72, 0x00, 0x03,
    0x00, 0x00, 0x00, 0x00, 0x1c, 0x00, 0x00, 0x00, 0x00, 0xc8, 0x4f, 0x00,
    0x23, 0x72, 0x00, 0x09, 0x08, 0x00, 0x00, 0x00, 0x00, 0x00, 0x00, 0x00,
    0x00, 0xc8, 0x8f, 0x00, 0x23, 0x72, 0x00, 0x0b, 0x0a, 0x00, 0x00, 0x00,
    0x00, 0x00, 0x00, 0x00, 0x00, 0xc8, 0x0f, 0x01, 0x23, 0x72, 0x1c, 0x0d,
    0x0c, 0x00, 0x00, 0x00, 0x00, 0x00, 0x00, 0x00, 0x00, 0xe4, 0x0f, 0x02,
    0x41, 0x79, 0x00, 0x00, 0x00, 0x00, 0x00, 0x00, 0x00, 0x00, 0x80, 0x03,
    0x00, 0xea, 0x0f, 0x00, 0x89, 0x7f, 0x03, 0x1c, 0x00, 0x1f, 0x00, 0x0a,
    0x00, 0x00, 0x0e, 0x00, 0x00, 0x22, 0x0e, 0x00, 0x0c, 0x72, 0x00, 0x20,
    0xff, 0x00, 0x00, 0x00, 0x70, 0x52, 0xf0, 0x03, 0x00, 0xe2, 0x0f, 0x00,
    0x21, 0x72, 0x03, 0x03, 0x1c, 0x00, 0x00, 0x00, 0x00, 0x00, 0x00, 0x00,
    0x00, 0xca, 0x1f, 0x00, 0x89, 0x7f, 0x00, 0x03, 0x00, 0x1f, 0x00, 0x09,
    0x00, 0x00, 0x0e, 0x00, 0x00, 0x24, 0x0e, 0x00, 0x21, 0x72, 0x00, 0x03,
    0x00, 0x00, 0x00, 0x00, 0x00, 0x00, 0x00, 0x00, 0x00, 0xca, 0x1f, 0x00,
    0x89, 0x7f, 0x05, 0x00, 0x00, 0x1f, 0x80, 0x08, 0x00, 0x00, 0x0e, 0x00,
    0x00, 0x24, 0x0e, 0x00, 0x21, 0x72, 0x05, 0x00, 0x05, 0x00, 0x00, 0x00,
    0x00, 0x00, 0x00, 0x00, 0x00, 0xca, 0x1f, 0x00, 0x89, 0x7f, 0x04, 0x05,
    0x00, 0x1f, 0x40, 0x08, 0x00, 0x00, 0x0e, 0x00, 0x00, 0x24, 0x0e, 0x00,
    0x21, 0x72, 0x06, 0x05, 0x04, 0x00, 0x00, 0x00, 0x00, 0x00, 0x00, 0x00,
    0x00, 0xca, 0x1f, 0x00, 0x89, 0x7f, 0x07, 0x06, 0x00, 0x1f, 0x20, 0x08,
    0x00, 0x00, 0x0e, 0x00, 0x00, 0x62, 0x00, 0x00, 0x4d, 0x09, 0x00, 0x00,
    0x00, 0x00, 0x00, 0x00, 0x00, 0x00, 0x80, 0x03, 0x00, 0xea, 0x0f, 0x00,
    0x11, 0x7a, 0x04, 0x1e, 0x00, 0x5c, 0x00, 0x00, 0xff, 0x10, 0x80, 0x07,
    0x00, 0xe2, 0x0f, 0x00, 0x21, 0x72, 0x07, 0x06, 0x07, 0x00, 0x00, 0x00,
    0x00, 0x00, 0x00, 0x00, 0x00, 0xc6, 0x2f, 0x00, 0x11, 0x7a, 0x05, 0x1e,
    0x00, 0x5d, 0x00, 0x00, 0x02, 0x14, 0x0f, 0x00, 0x00, 0xca, 0x0f, 0x00,
    0x86, 0x79, 0x00, 0x04, 0x07, 0x00, 0x00, 0x00, 0x04, 0x19, 0x10, 0x0c,
    0x00, 0xe2, 0x0f, 0x00, 0x4d, 0x79, 0x00, 0x00, 0x00, 0x00, 0x00, 0x00,
    0x00, 0x00, 0x80, 0x03, 0x00, 0xea, 0x0f, 0x00, 0x47, 0x79, 0x00, 0x00,
    0xf0, 0xff, 0xff, 0xff, 0xff, 0xff, 0x83, 0x03, 0x00, 0xc0, 0x0f, 0x00,
    0x18, 0x79, 0x00, 0x00, 0x00, 0x00, 0x00, 0x00, 0x00, 0x00, 0x00, 0x00,
    0x00, 0xc0, 0x0f, 0x00, 0x18, 0x79, 0x00, 0x00, 0x00, 0x00, 0x00, 0x00,
    0x00, 0x00, 0x00, 0x00, 0x00, 0xc0, 0x0f, 0x00, 0x18, 0x79, 0x00, 0x00,
    0x00, 0x00, 0x00, 0x00, 0x00, 0x00, 0x00, 0x00, 0x00, 0xc0, 0x0f, 0x00,
    0x18, 0x79, 0x00, 0x00, 0x00, 0x00, 0x00, 0x00, 0x00, 0x00, 0x00, 0x00,
    0x00, 0xc0, 0x0f, 0x00, 0x18, 0x79, 0x00, 0x00, 0x00, 0x00, 0x00, 0x00,
    0x00, 0x00, 0x00, 0x00, 0x00, 0xc0, 0x0f, 0x00, 0x18, 0x79, 0x00, 0x00,
    0x00, 0x00, 0x00, 0x00, 0x00, 0x00, 0x00, 0x00, 0x00, 0xc0, 0x0f, 0x00,
    0x18, 0x79, 0x00, 0x00, 0x00, 0x00, 0x00, 0x00, 0x00, 0x00, 0x00, 0x00,
    0x00, 0xc0, 0x0f, 0x00, 0x18, 0x79, 0x00, 0x00, 0x00, 0x00, 0x00, 0x00,
    0x00, 0x00, 0x00, 0x00, 0x00, 0xc0, 0x0f, 0x00,
};
static const unsigned matvec_param_off_sm86[] = { 0, 8, 16, 24, 28 };

/* matvec_q4k (matvec_q4k) — 6144 B, 384 instrucciones */
static const unsigned char matvec_q4k_sass_sm86[] = {
    0x24, 0x76, 0x01, 0xff, 0x00, 0x0a, 0x00, 0x00, 0xff, 0x00, 0x8e, 0x07,
    0x00, 0xe4, 0x0f, 0x00, 0x19, 0x79, 0x0d, 0x00, 0x00, 0x00, 0x00, 0x00,
    0x00, 0x25, 0x00, 0x00, 0x00, 0x28, 0x0e, 0x00, 0x19, 0x79, 0x00, 0x00,
    0x00, 0x00, 0x00, 0x00, 0x00, 0x21, 0x00, 0x00, 0x00, 0x24, 0x0e, 0x00,
    0x24, 0x7a, 0x0d, 0x0d, 0x00, 0x00, 0x00, 0x00, 0x00, 0x02, 0x8e, 0x07,
    0x00, 0xca, 0x1f, 0x00, 0x19, 0x78, 0x0c, 0xff, 0x05, 0x00, 0x00, 0x00,
    0x0d, 0x14, 0x01, 0x00, 0x00, 0xc8, 0x0f, 0x00, 0x0c, 0x7a, 0x00, 0x0c,
    0x00, 0x5e, 0x00, 0x00, 0x70, 0x62, 0xf0, 0x03, 0x00, 0xda, 0x0f, 0x00,
    0x4d, 0x09, 0x00, 0x00, 0x00, 0x00, 0x00, 0x00, 0x00, 0x00, 0x80, 0x03,
    0x00, 0xea, 0x0f, 0x00, 0xb9, 0x7a, 0x05, 0x00, 0x00, 0x5f, 0x00, 0x00,
    0x00, 0x08, 0x00, 0x00, 0x00, 0xe2, 0x0f, 0x00, 0x12, 0x78, 0x0d, 0x0d,
    0x1f, 0x00, 0x00, 0x00, 0xff, 0xc0, 0x8e, 0x07, 0x00, 0xe2, 0x0f, 0x00,
    0x99, 0x78, 0x06, 0x3f, 0x05, 0x00, 0x00, 0x00, 0x05, 0x14, 0x01, 0x08,
    0x00, 0xe2, 0x0f, 0x00, 0x45, 0x79, 0x00, 0x00, 0x60, 0x15, 0x00, 0x00,
    0x00, 0x00, 0x80, 0x03, 0x00, 0xe2, 0x0f, 0x00, 0x99, 0x78, 0x04, 0x3f,
    0x1f, 0x00, 0x00, 0x00, 0x05, 0x14, 0x01, 0x08, 0x00, 0xe2, 0x0f, 0x00,
    0x19, 0x78, 0x0f, 0xff, 0x1f, 0x00, 0x00, 0x00, 0x0c, 0x14, 0x01, 0x00,
    0x00, 0xe2, 0x0f, 0x00, 0xb9, 0x7a, 0x08, 0x00, 0x00, 0x46, 0x00, 0x00,
    0x00, 0x0a, 0x00, 0x00, 0x00, 0xe2, 0x0f, 0x00, 0x24, 0x72, 0x12, 0xff,
    0xff, 0x00, 0x00, 0x00, 0xff, 0x00, 0x8e, 0x07, 0x00, 0xe2, 0x0f, 0x00,
    0x0c, 0x7c, 0x00, 0x0d, 0x06, 0x00, 0x00, 0x00, 0x70, 0x62, 0xf0, 0x0b,
    0x00, 0xe2, 0x0f, 0x00, 0x91, 0x72, 0x04, 0x04, 0x05, 0x00, 0x00, 0x00,
    0x3f, 0x40, 0x8f, 0x0f, 0x00, 0xd8, 0x0f, 0x00, 0x47, 0x09, 0x00, 0x00,
    0xe0, 0x14, 0x00, 0x00, 0x00, 0x00, 0x80, 0x03, 0x00, 0xea, 0x0f, 0x00,
    0x99, 0x78, 0x05, 0x3f, 0x08, 0x00, 0x00, 0x00, 0x04, 0x14, 0x01, 0x08,
    0x00, 0xe2, 0x0f, 0x00, 0x24, 0x76, 0x04, 0xff, 0x00, 0x5a, 0x00, 0x00,
    0xff, 0x00, 0x8e, 0x07, 0x00, 0xe4, 0x0f, 0x00, 0x24, 0x72, 0x12, 0xff,
    0xff, 0x00, 0x00, 0x00, 0xff, 0x00, 0x8e, 0x07, 0x00, 0xe2, 0x0f, 0x00,
    0xa4, 0x78, 0x05, 0x05, 0x90, 0x00, 0x00, 0x00, 0x3f, 0x02, 0x8e, 0x0f,
    0x00, 0xe2, 0x0f, 0x00, 0x24, 0x72, 0x13, 0xff, 0xff, 0x00, 0x00, 0x00,
    0x0d, 0x00, 0x8e, 0x07, 0x00, 0xe2, 0x0f, 0x00, 0x10, 0x78, 0x04, 0x04,
    0x10, 0x00, 0x00, 0x00, 0xff, 0xe0, 0xf1, 0x07, 0x00, 0xc8, 0x0f, 0x00,
    0x25, 0x7c, 0x02, 0x0c, 0x05, 0x00, 0x00, 0x00, 0xff, 0x02, 0x8e, 0x0f,
    0x00, 0xc8, 0x0f, 0x00, 0x24, 0x76, 0x05, 0xff, 0x00, 0x5b, 0x00, 0x00,
    0xff, 0x06, 0x0e, 0x00, 0x00, 0xe2, 0x0f, 0x00, 0x10, 0x7a, 0x10, 0x02,
    0x00, 0x58, 0x00, 0x00, 0xff, 0xe0, 0xf3, 0x07, 0x00, 0xc8, 0x0f, 0x00,
    0x10, 0x7a, 0x0e, 0x03, 0x00, 0x59, 0x00, 0x00, 0xff, 0xe4, 0xff, 0x00,
    0x00, 0xe4, 0x0f, 0x00, 0x19, 0x78, 0x0b, 0xff, 0x03, 0x00, 0x00, 0x00,
    0x13, 0x16, 0x01, 0x00, 0x00, 0xca, 0x0f, 0x00, 0x25, 0x78, 0x06, 0x0b,
    0x90, 0x00, 0x00, 0x00, 0x02, 0x02, 0x8e, 0x07, 0x00, 0xca, 0x0f, 0x00,
    0x10, 0x7a, 0x08, 0x06, 0x00, 0x58, 0x00, 0x00, 0xff, 0xe0, 0xf1, 0x07,
    0x00, 0xc8, 0x0f, 0x00, 0x10, 0x7a, 0x09, 0x07, 0x00, 0x59, 0x00, 0x00,
    0xff, 0xe4, 0x7f, 0x00, 0x00, 0xca, 0x0f, 0x00, 0x81, 0x79, 0x11, 0x08,
    0x08, 0x01, 0x00, 0x00, 0x00, 0x11, 0x1e, 0x0c, 0x00, 0xa8, 0x0e, 0x00,
    0x81, 0x79, 0x00, 0x08, 0x08, 0x00, 0x00, 0x00, 0x00, 0x11, 0x1e, 0x0c,
    0x00, 0xe2, 0x0e, 0x00, 0x45, 0x79, 0x01, 0x00, 0xb0, 0x01, 0x00, 0x00,
    0x00, 0x00, 0x80, 0x03, 0x00, 0xe2, 0x0f, 0x00, 0x19, 0x78, 0x0a, 0xff,
    0x02, 0x00, 0x00, 0x00, 0x11, 0x16, 0x01, 0x00, 0x00, 0xc8, 0x4f, 0x00,
    0x12, 0x78, 0xff, 0x0a, 0x1f, 0x00, 0x00, 0x00, 0xff, 0xc0, 0x80, 0x07,
    0x00, 0xe4, 0x0f, 0x00, 0x16, 0x78, 0x00, 0x11, 0x04, 0x76, 0x00, 0x00,
    0x00, 0x00, 0x00, 0x00, 0x00, 0xe2, 0x8f, 0x04, 0x24, 0x78, 0x11, 0x11,
    0x00, 0x01, 0x00, 0x00, 0xff, 0x00, 0x8e, 0x07, 0x00, 0xc6, 0x0f, 0x00,
    0x12, 0x78, 0x15, 0x00, 0xff, 0x03, 0x00, 0x00, 0xff, 0xc0, 0x8e, 0x07,
    0x00, 0xe4, 0x0f, 0x00, 0x19, 0x78, 0x14, 0xff, 0x0f, 0x00, 0x00, 0x00,
    0x11, 0x16, 0x01, 0x00, 0x00, 0xca, 0x0f, 0x00, 0x47, 0x89, 0x00, 0x00,
    0xb0, 0x00, 0x00, 0x00, 0x00, 0x00, 0x80, 0x03, 0x00, 0xea, 0x0f, 0x00,
    0x12, 0x78, 0x0a, 0x0a, 0x1f, 0x00, 0x00, 0x00, 0xff, 0xc0, 0x8e, 0x07,
    0x00, 0xe2, 0x0f, 0x00, 0x24, 0x78, 0x14, 0x14, 0x00, 0x00, 0x00, 0x80,
    0xff, 0x00, 0x8e, 0x07, 0x00, 0xc6, 0x0f, 0x00, 0x0c, 0x78, 0x00, 0x0a,
    0x1f, 0x00, 0x00, 0x00, 0x70, 0x52, 0xf0, 0x03, 0x00, 0xda, 0x0f, 0x00,
    0x10, 0x08, 0x11, 0x0a, 0x70, 0x00, 0x00, 0x00, 0xff, 0xe0, 0xff, 0x07,
    0x00, 0xe2, 0x0f, 0x00, 0x24, 0x08, 0x00, 0x15, 0x00, 0x20, 0x00, 0x00,
    0x14, 0x02, 0x8e, 0x07, 0x00, 0xe2, 0x0f, 0x04, 0x0c, 0x82, 0x00, 0x15,
    0xff, 0x00, 0x00, 0x00, 0x70, 0x52, 0xf2, 0x03, 0x00, 0xe2, 0x0f, 0x00,
    0x24, 0x84, 0x0a, 0xff, 0x00, 0x00, 0x80, 0x7f, 0xff, 0x00, 0x8e, 0x07,
    0x00, 0xe4, 0x0f, 0x00, 0x24, 0x08, 0x11, 0x11, 0x00, 0x00, 0x80, 0x00,
    0x00, 0x02, 0x8e, 0x07, 0x00, 0xc6, 0x0f, 0x00, 0x07, 0x88, 0x00, 0x0a,
    0x00, 0x00, 0xc0, 0x7f, 0x00, 0x00, 0x80, 0x04, 0x00, 0xca, 0x0f, 0x00,
    0x24, 0x88, 0x11, 0x14, 0x01, 0x00, 0x00, 0x00, 0x00, 0x02, 0x8e, 0x07,
    0x00, 0xe2, 0x0f, 0x00, 0x47, 0x79, 0x00, 0x00, 0x80, 0x00, 0x00, 0x00,
    0x00, 0x00, 0x80, 0x03, 0x00, 0xea, 0x0f, 0x00, 0x0c, 0x72, 0x00, 0x15,
    0xff, 0x00, 0x00, 0x00, 0x70, 0x52, 0xf0, 0x03, 0x00, 0xda, 0x0f, 0x00,
    0x06, 0x03, 0x00, 0x00, 0x15, 0x00, 0x00, 0x00, 0x00, 0x10, 0x10, 0x00,
    0x00, 0x22, 0x0e, 0x00, 0x16, 0x08, 0x0a, 0x14, 0x10, 0x99, 0x00, 0x00,
    0xff, 0x00, 0x00, 0x00, 0x00, 0xc8, 0x0f, 0x00, 0x0c, 0x72, 0x00, 0x0a,
    0xff, 0x00, 0x00, 0x00, 0x70, 0x52, 0x72, 0x00, 0x00, 0xe2, 0x0f, 0x00,
    0x20, 0x08, 0x00, 0x00, 0x00, 0x00, 0x80, 0x3a, 0x00, 0x00, 0x40, 0x00,
    0x00, 0xc8, 0x1f, 0x00, 0x20, 0x08, 0x11, 0x00, 0x00, 0x00, 0x80, 0x38,
    0x00, 0x00, 0x40, 0x00, 0x00, 0xd0, 0x0f, 0x00, 0x20, 0x18, 0x11, 0x00,
    0x00, 0x00, 0x80, 0xb8, 0x00, 0x00, 0x40, 0x00, 0x00, 0xe2, 0x0f, 0x00,
    0x24, 0x88, 0x11, 0x14, 0x00, 0x00, 0x00, 0x80, 0xff, 0x00, 0x8e, 0x07,
    0x00, 0xe4, 0x0f, 0x00, 0x41, 0x79, 0x01, 0x00, 0x00, 0x00, 0x00, 0x00,
    0x00, 0x00, 0x80, 0x03, 0x00, 0xea, 0x0f, 0x00, 0x81, 0x79, 0x15, 0x08,
    0x08, 0x03, 0x00, 0x00, 0x00, 0x11, 0x1e, 0x0c, 0x00, 0xa8, 0x0e, 0x00,
    0x81, 0x79, 0x00, 0x08, 0x08, 0x02, 0x00, 0x00, 0x00, 0x11, 0x1e, 0x0c,
    0x00, 0xe2, 0x0e, 0x00, 0x45, 0x79, 0x01, 0x00, 0xb0, 0x01, 0x00, 0x00,
    0x00, 0x00, 0x80, 0x03, 0x00, 0xe2, 0x0f, 0x00, 0x19, 0x78, 0x0a, 0xff,
    0x02, 0x00, 0x00, 0x00, 0x15, 0x16, 0x01, 0x00, 0x00, 0xc8, 0x4f, 0x00,
    0x12, 0x78, 0xff, 0x0a, 0x1f, 0x00, 0x00, 0x00, 0xff, 0xc0, 0x80, 0x07,
    0x00, 0xe4, 0x0f, 0x00, 0x16, 0x78, 0x00, 0x15, 0x04, 0x76, 0x00, 0x00,
    0x00, 0x00, 0x00, 0x00, 0x00, 0xe2, 0x8f, 0x04, 0x24, 0x78, 0x15, 0x15,
    0x00, 0x01, 0x00, 0x00, 0xff, 0x00, 0x8e, 0x07, 0x00, 0xc6, 0x0f, 0x00,
    0x12, 0x78, 0x16, 0x00, 0xff, 0x03, 0x00, 0x00, 0xff, 0xc0, 0x8e, 0x07,
    0x00, 0xe4, 0x0f, 0x00, 0x19, 0x78, 0x15, 0xff, 0x0f, 0x00, 0x00, 0x00,
    0x15, 0x16, 0x01, 0x00, 0x00, 0xca, 0x0f, 0x00, 0x47, 0x89, 0x00, 0x00,
    0xb0, 0x00, 0x00, 0x00, 0x00, 0x00, 0x80, 0x03, 0x00, 0xea, 0x0f, 0x00,
    0x12, 0x78, 0x0a, 0x0a, 0x1f, 0x00, 0x00, 0x00, 0xff, 0xc0, 0x8e, 0x07,
    0x00, 0xe2, 0x0f, 0x00, 0x24, 0x78, 0x15, 0x15, 0x00, 0x00, 0x00, 0x80,
    0xff, 0x00, 0x8e, 0x07, 0x00, 0xc6, 0x0f, 0x00, 0x0c, 0x78, 0x00, 0x0a,
    0x1f, 0x00, 0x00, 0x00, 0x70, 0x52, 0xf0, 0x03, 0x00, 0xda, 0x0f, 0x00,
    0x24, 0x84, 0x00, 0xff, 0x00, 0x00, 0x80, 0x7f, 0xff, 0x00, 0x8e, 0x07,
    0x00, 0xe2, 0x0f, 0x00, 0x0c, 0x82, 0x00, 0x16, 0xff, 0x00, 0x00, 0x00,
    0x70, 0x52, 0xf2, 0x03, 0x00, 0xe2, 0x0f, 0x04, 0x24, 0x08, 0x09, 0x16,
    0x00, 0x20, 0x00, 0x00, 0x15, 0x02, 0x8e, 0x07, 0x00, 0xe2, 0x0f, 0x00,
    0x10, 0x08, 0x14, 0x0a, 0x70, 0x00, 0x00, 0x00, 0xff, 0xe0, 0xff, 0x07,
    0x00, 0xe4, 0x0f, 0x00, 0x07, 0x88, 0x00, 0x00, 0x00, 0x00, 0xc0, 0x7f,
    0x00, 0x00, 0x80, 0x04, 0x00, 0xc6, 0x0f, 0x00, 0x24, 0x08, 0x14, 0x14,
    0x00, 0x00, 0x80, 0x00, 0x09, 0x02, 0x8e, 0x07, 0x00, 0xe4, 0x0f, 0x00,
    0x24, 0x88, 0x14, 0x15, 0x01, 0x00, 0x00, 0x00, 0x00, 0x02, 0x8e, 0x07,
    0x00, 0xe2, 0x0f, 0x00, 0x47, 0x79, 0x00, 0x00, 0x80, 0x00, 0x00, 0x00,
    0x00, 0x00, 0x80, 0x03, 0x00, 0xea, 0x0f, 0x00, 0x0c, 0x72, 0x00, 0x16,
    0xff, 0x00, 0x00, 0x00, 0x70, 0x52, 0xf0, 0x03, 0x00, 0xda, 0x0f, 0x00,
    0x06, 0x03, 0x00, 0x00, 0x16, 0x00, 0x00, 0x00, 0x00, 0x10, 0x10, 0x00,
    0x00, 0x22, 0x0e, 0x00, 0x16, 0x08, 0x08, 0x15, 0x10, 0x99, 0x00, 0x00,
    0xff, 0x00, 0x00, 0x00, 0x00, 0xc8, 0x0f, 0x00, 0x0c, 0x72, 0x00, 0x08,
    0xff, 0x00, 0x00, 0x00, 0x70, 0x52, 0x72, 0x00, 0x00, 0xe2, 0x0f, 0x00,
    0x20, 0x08, 0x00, 0x00, 0x00, 0x00, 0x80, 0x3a, 0x00, 0x00, 0x40, 0x00,
    0x00, 0xc8, 0x1f, 0x00, 0x20, 0x08, 0x14, 0x00, 0x00, 0x00, 0x80, 0x38,
    0x00, 0x00, 0x40, 0x00, 0x00, 0xd0, 0x0f, 0x00, 0x20, 0x18, 0x14, 0x00,
    0x00, 0x00, 0x80, 0xb8, 0x00, 0x00, 0x40, 0x00, 0x00, 0xe2, 0x0f, 0x00,
    0x24, 0x88, 0x14, 0x15, 0x00, 0x00, 0x00, 0x80, 0xff, 0x00, 0x8e, 0x07,
    0x00, 0xe4, 0x0f, 0x00, 0x41, 0x79, 0x01, 0x00, 0x00, 0x00, 0x00, 0x00,
    0x00, 0x00, 0x80, 0x03, 0x00, 0xea, 0x0f, 0x00, 0x24, 0x78, 0x08, 0x13,
    0x10, 0x00, 0x00, 0x00, 0xff, 0x00, 0x8e, 0x07, 0x00, 0xe4, 0x0f, 0x00,
    0x24, 0x72, 0x09, 0xff, 0xff, 0x00, 0x00, 0x00, 0xff, 0x00, 0x8e, 0x07,
    0x00, 0xc6, 0x0f, 0x00, 0x12, 0x78, 0x08, 0x08, 0x60, 0x00, 0x00, 0x00,
    0xff, 0xc0, 0x8e, 0x07, 0x00, 0xca, 0x0f, 0x00, 0x25, 0x78, 0x08, 0x0b,
    0x90, 0x00, 0x00, 0x00, 0x08, 0x02, 0x8e, 0x07, 0x00, 0xca, 0x0f, 0x00,
    0x10, 0x72, 0x0a, 0x08, 0x10, 0x00, 0x00, 0x00, 0xff, 0xe0, 0xf1, 0x07,
    0x00, 0xca, 0x0f, 0x00, 0x24, 0x78, 0x0b, 0x09, 0x01, 0x00, 0x00, 0x00,
    0x0e, 0x06, 0x0e, 0x00, 0x00, 0xca, 0x0f, 0x00, 0x81, 0x79, 0x1a, 0x0a,
    0x08, 0x10, 0x00, 0x00, 0x00, 0x11, 0x1e, 0x0c, 0x00, 0xa8, 0x0e, 0x00,
    0x81, 0x79, 0x18, 0x0a, 0x08, 0x11, 0x00, 0x00, 0x00, 0x11, 0x1e, 0x0c,
    0x00, 0xe2, 0x0e, 0x00, 0x25, 0x78, 0x08, 0x13, 0x80, 0x00, 0x00, 0x00,
    0x04, 0x00, 0x8e, 0x07, 0x00, 0xc6, 0x0f, 0x00, 0x81, 0x79, 0x15, 0x0a,
    0x08, 0x12, 0x00, 0x00, 0x00, 0x11, 0x1e, 0x0c, 0x00, 0x28, 0x0f, 0x00,
    0x81, 0x79, 0x21, 0x08, 0x08, 0xf0, 0xff, 0xff, 0x00, 0x19, 0x1e, 0x0c,
    0x00, 0x68, 0x0f, 0x00, 0x81, 0x79, 0x17, 0x08, 0x08, 0xf4, 0xff, 0xff,
    0x00, 0x19, 0x1e, 0x0c, 0x00, 0x28, 0x0f, 0x00, 0x81, 0x79, 0x16, 0x0a,
    0x08, 0x13, 0x00, 0x00, 0x00, 0x11, 0x1e, 0x0c, 0x00, 0x28, 0x0f, 0x00,
    0x81, 0x79, 0x1e, 0x08, 0x08, 0xf8, 0xff, 0xff, 0x00, 0x19, 0x1e, 0x0c,
    0x00, 0x28, 0x0f, 0x00, 0x81, 0x79, 0x1d, 0x0a, 0x08, 0x14, 0x00, 0x00,
    0x00, 0x11, 0x1e, 0x0c, 0x00, 0x22, 0x0f, 0x00, 0x12, 0x78, 0xff, 0x13,
    0x01, 0x00, 0x00, 0x00, 0xff, 0xc0, 0x82, 0x07, 0x00, 0xc6, 0x0f, 0x00,
    0x81, 0x79, 0x1f, 0x08, 0x08, 0xfc, 0xff, 0xff, 0x00, 0x19, 0x1e, 0x0c,
    0x00, 0x28, 0x0f, 0x00, 0x81, 0x79, 0x19, 0x0a, 0x08, 0x15, 0x00, 0x00,
    0x00, 0x11, 0x1e, 0x0c, 0x00, 0x28, 0x0f, 0x00, 0x81, 0x79, 0x1c, 0x08,
    0x08, 0x00, 0x00, 0x00, 0x00, 0x19, 0x1e, 0x0c, 0x00, 0x28, 0x0f, 0x00,
    0x81, 0x79, 0x1b, 0x08, 0x08, 0x04, 0x00, 0x00, 0x00, 0x19, 0x1e, 0x0c,
    0x00, 0x22, 0x0f, 0x00, 0x19, 0x78, 0x00, 0xff, 0x04, 0x00, 0x00, 0x00,
    0x1a, 0x16, 0x01, 0x00, 0x00, 0xc4, 0x4f, 0x00, 0x12, 0x98, 0x00, 0x1a,
    0x0f, 0x00, 0x00, 0x00, 0xff, 0xc0, 0x8e, 0x07, 0x00, 0xe4, 0x0f, 0x00,
    0x81, 0x79, 0x1a, 0x0a, 0x08, 0x16, 0x00, 0x00, 0x00, 0x11, 0x1e, 0x0c,
    0x00, 0xa2, 0x0e, 0x00, 0x19, 0x78, 0x20, 0xff, 0x04, 0x00, 0x00, 0x00,
    0x18, 0x16, 0x01, 0x00, 0x00, 0xe4, 0x8f, 0x00, 0x12, 0x98, 0x20, 0x18,
    0x0f, 0x00, 0x00, 0x00, 0xff, 0xc0, 0x8e, 0x07, 0x00, 0xe4, 0x0f, 0x00,
    0x81, 0x79, 0x18, 0x0a, 0x08, 0x17, 0x00, 0x00, 0x00, 0x11, 0x1e, 0x0c,
    0x00, 0xe2, 0x0e, 0x00, 0x45, 0x72, 0x00, 0x00, 0x00, 0x00, 0x00, 0x00,
    0x00, 0x10, 0x20, 0x00, 0x00, 0xe4, 0x0f, 0x00, 0x45, 0x72, 0x23, 0x00,
    0x20, 0x00, 0x00, 0x00, 0x00, 0x10, 0x20, 0x00, 0x00, 0xc6, 0x0f, 0x00,
    0x23, 0x72, 0x00, 0x00, 0x21, 0x00, 0x00, 0x00, 0xff, 0x00, 0x00, 0x00,
    0x00, 0xe2, 0x0f, 0x02, 0x21, 0x72, 0x20, 0xff, 0x21, 0x00, 0x00, 0x00,
    0x00, 0x00, 0x00, 0x00, 0x00, 0xc6, 0x0f, 0x00, 0x23, 0x72, 0x21, 0x23,
    0x17, 0x00, 0x00, 0x00, 0x00, 0x00, 0x00, 0x00, 0x00, 0xe2, 0x0f, 0x01,
    0x19, 0x78, 0x00, 0xff, 0x04, 0x00, 0x00, 0x00, 0x15, 0x16, 0x01, 0x00,
    0x00, 0xe2, 0x0f, 0x00, 0x21, 0x72, 0x23, 0x20, 0x17, 0x00, 0x00, 0x00,
    0x00, 0x00, 0x00, 0x00, 0x00, 0xe2, 0x0f, 0x00, 0x12, 0x98, 0x00, 0x15,
    0x0f, 0x00, 0x00, 0x00, 0xff, 0xc0, 0x8e, 0x07, 0x00, 0xe2, 0x0f, 0x00,
    0x81, 0x79, 0x17, 0x08, 0x08, 0x08, 0x00, 0x00, 0x00, 0x19, 0x1e, 0x0c,
    0x00, 0x22, 0x0f, 0x00, 0x19, 0x78, 0x20, 0xff, 0x04, 0x00, 0x00, 0x00,
    0x16, 0x16, 0x01, 0x00, 0x00, 0xe4, 0x0f, 0x00, 0x12, 0x98, 0x20, 0x16,
    0x0f, 0x00, 0x00, 0x00, 0xff, 0xc0, 0x8e, 0x07, 0x00, 0xe2, 0x0f, 0x00,
    0x81, 0x79, 0x15, 0x08, 0x08, 0x0c, 0x00, 0x00, 0x00, 0x19, 0x1e, 0x0c,
    0x00, 0x62, 0x0f, 0x00, 0x45, 0x72, 0x16, 0x00, 0x00, 0x00, 0x00, 0x00,
    0x00, 0x10, 0x20, 0x00, 0x00, 0xc6, 0x0f, 0x00, 0x81, 0x79, 0x00, 0x0a,
    0x08, 0x18, 0x00, 0x00, 0x00, 0x11, 0x1e, 0x0c, 0x00, 0x64, 0x0f, 0x00,
    0x23, 0x72, 0x22, 0x16, 0x1e, 0x00, 0x00, 0x00, 0x21, 0x00, 0x00, 0x00,
    0x00, 0xe2, 0x0f, 0x00, 0x45, 0x72, 0x21, 0x00, 0x20, 0x00, 0x00, 0x00,
    0x00, 0x10, 0x20, 0x00, 0x00, 0xe2, 0x0f, 0x00, 0x81, 0x79, 0x16, 0x0a,
    0x08, 0x19, 0x00, 0x00, 0x00, 0x11, 0x1e, 0x0c, 0x00, 0x62, 0x0f, 0x00,
    0x19, 0x78, 0x20, 0xff, 0x04, 0x00, 0x00, 0x00, 0x1d, 0x16, 0x01, 0x00,
    0x00, 0xe2, 0x0f, 0x00, 0x21, 0x72, 0x1e, 0x23, 0x1e, 0x00, 0x00, 0x00,
    0x00, 0x00, 0x00, 0x00, 0x00, 0xe2, 0x0f, 0x00, 0x12, 0x98, 0x20, 0x1d,
    0x0f, 0x00, 0x00, 0x00, 0xff, 0xc0, 0x8e, 0x07, 0x00, 0xe2, 0x0f, 0x00,
    0x23, 0x72, 0x21, 0x21, 0x1f, 0x00, 0x00, 0x00, 0x22, 0x00, 0x00, 0x00,
    0x00, 0xe4, 0x0f, 0x00, 0x21, 0x72, 0x1f, 0x1e, 0x1f, 0x00, 0x00, 0x00,
    0x00, 0x00, 0x00, 0x00, 0x00, 0xe2, 0x0f, 0x00, 0x45, 0x72, 0x20, 0x00,
    0x20, 0x00, 0x00, 0x00, 0x00, 0x10, 0x20, 0x00, 0x00, 0xe2, 0x0f, 0x00,
    0x81, 0x79, 0x1e, 0x08, 0x08, 0x14, 0x00, 0x00, 0x00, 0x19, 0x1e, 0x0c,
    0x00, 0x62, 0x0f, 0x00, 0x19, 0x78, 0x1d, 0xff, 0x04, 0x00, 0x00, 0x00,
    0x19, 0x16, 0x01, 0x00, 0x00, 0xe2, 0x0f, 0x00, 0x21, 0x72, 0x22, 0x1f,
    0x1c, 0x00, 0x00, 0x00, 0x00, 0x00, 0x00, 0x00, 0x00, 0xe2, 0x0f, 0x00,
    0x12, 0x98, 0x1d, 0x19, 0x0f, 0x00, 0x00, 0x00, 0xff, 0xc0, 0x8e, 0x07,
    0x00, 0xe2, 0x0f, 0x00, 0x23, 0x72, 0x20, 0x20, 0x1c, 0x00, 0x00, 0x00,
    0x21, 0x00, 0x00, 0x00, 0x00, 0xe2, 0x0f, 0x00, 0x81, 0x79, 0x19, 0x08,
    0x08, 0x10, 0x00, 0x00, 0x00, 0x19, 0x1e, 0x0c, 0x00, 0x64, 0x0f, 0x00,
    0x45, 0x72, 0x1d, 0x00, 0x1d, 0x00, 0x00, 0x00, 0x00, 0x10, 0x20, 0x00,
    0x00, 0xc4, 0x0f, 0x00, 0x81, 0x79, 0x1c, 0x0a, 0x08, 0x1a, 0x00, 0x00,
    0x00, 0x11, 0x1e, 0x0c, 0x00, 0x68, 0x0f, 0x00, 0x81, 0x79, 0x1f, 0x0a,
    0x08, 0x1b, 0x00, 0x00, 0x00, 0x11, 0x1e, 0x0c, 0x00, 0x62, 0x0f, 0x00,
    0x21, 0x72, 0x22, 0x22, 0x1b, 0x00, 0x00, 0x00, 0x00, 0x00, 0x00, 0x00,
    0x00, 0xe2, 0x0f, 0x00, 0x23, 0x72, 0x24, 0x1d, 0x1b, 0x00, 0x00, 0x00,
    0x20, 0x00, 0x00, 0x00, 0x00, 0xe4, 0x0f, 0x00, 0x81, 0x79, 0x20, 0x0a,
    0x08, 0x1c, 0x00, 0x00, 0x00, 0x11, 0x1e, 0x0c, 0x00, 0x68, 0x0f, 0x00,
    0x81, 0x79, 0x1d, 0x08, 0x08, 0x18, 0x00, 0x00, 0x00, 0x19, 0x1e, 0x0c,
    0x00, 0x62, 0x0f, 0x00, 0x19, 0x78, 0x1b, 0xff, 0x04, 0x00, 0x00, 0x00,
    0x1a, 0x16, 0x01, 0x00, 0x00, 0xc4, 0x4f, 0x00, 0x12, 0x98, 0x1b, 0x1a,
    0x0f, 0x00, 0x00, 0x00, 0xff, 0xc0, 0x8e, 0x07, 0x00, 0xe4, 0x0f, 0x00,
    0x81, 0x79, 0x1a, 0x08, 0x08, 0x20, 0x00, 0x00, 0x00, 0x19, 0x1e, 0x0c,
    0x00, 0xa4, 0x0e, 0x00, 0x45, 0x72, 0x23, 0x00, 0x1b, 0x00, 0x00, 0x00,
    0x00, 0x10, 0x20, 0x00, 0x00, 0xe4, 0x0f, 0x00, 0x81, 0x79, 0x1b, 0x08,
    0x08, 0x1c, 0x00, 0x00, 0x00, 0x19, 0x1e, 0x0c, 0x00, 0xa2, 0x0e, 0x00,
    0x19, 0x78, 0x21, 0xff, 0x04, 0x00, 0x00, 0x00, 0x18, 0x16, 0x01, 0x00,
    0x00, 0xe4, 0x8f, 0x00, 0x12, 0x98, 0x21, 0x18, 0x0f, 0x00, 0x00, 0x00,
    0xff, 0xc0, 0x8e, 0x07, 0x00, 0xe4, 0x0f, 0x00, 0x81, 0x79, 0x18, 0x0a,
    0x08, 0x1e, 0x00, 0x00, 0x00, 0x11, 0x1e, 0x0c, 0x00, 0xe4, 0x0e, 0x00,
    0x45, 0x72, 0x21, 0x00, 0x21, 0x00, 0x00, 0x00, 0x00, 0x10, 0x20, 0x00,
    0x00, 0xe2, 0x0f, 0x00, 0x23, 0x72, 0x24, 0x23, 0x17, 0x00, 0x00, 0x00,
    0x24, 0x00, 0x00, 0x00, 0x00, 0xe2, 0x0f, 0x01, 0x21, 0x72, 0x23, 0x22,
    0x17, 0x00, 0x00, 0x00, 0x00, 0x00, 0x00, 0x00, 0x00, 0xc4, 0x0f, 0x00,
    0x81, 0x79, 0x17, 0x0a, 0x08, 0x1d, 0x00, 0x00, 0x00, 0x11, 0x1e, 0x0c,
    0x00, 0x22, 0x0f, 0x00, 0x23, 0x72, 0x22, 0x21, 0x15, 0x00, 0x00, 0x00,
    0x24, 0x00, 0x00, 0x00, 0x00, 0xe2, 0x0f, 0x02, 0x21, 0x72, 0x24, 0x23,
    0x15, 0x00, 0x00, 0x00, 0x00, 0x00, 0x00, 0x00, 0x00, 0xe2, 0x0f, 0x00,
    0x19, 0x78, 0x21, 0xff, 0x04, 0x00, 0x00, 0x00, 0x00, 0x16, 0x01, 0x00,
    0x00, 0xe4, 0x0f, 0x00, 0x12, 0x98, 0x21, 0x00, 0x0f, 0x00, 0x00, 0x00,
    0xff, 0xc0, 0x8e, 0x07, 0x00, 0xe4, 0x0f, 0x00, 0x19, 0x78, 0x15, 0xff,
    0x04, 0x00, 0x00, 0x00, 0x16, 0x16, 0x01, 0x00, 0x00, 0xe2, 0x0f, 0x00,
    0x81, 0x79, 0x00, 0x08, 0x08, 0x24, 0x00, 0x00, 0x00, 0x19, 0x1e, 0x0c,
    0x00, 0x62, 0x0f, 0x00, 0x12, 0x98, 0x15, 0x16, 0x0f, 0x00, 0x00, 0x00,
    0xff, 0xc0, 0x8e, 0x07, 0x00, 0xe4, 0x0f, 0x00, 0x45, 0x72, 0x21, 0x00,
    0x21, 0x00, 0x00, 0x00, 0x00, 0x10, 0x20, 0x00, 0x00, 0xc4, 0x0f, 0x00,
    0x45, 0x72, 0x16, 0x00, 0x15, 0x00, 0x00, 0x00, 0x00, 0x10, 0x20, 0x00,
    0x00, 0xc6, 0x0f, 0x00, 0x23, 0x72, 0x21, 0x21, 0x19, 0x00, 0x00, 0x00,
    0x22, 0x00, 0x00, 0x00, 0x00, 0xe2, 0x0f, 0x00, 0x21, 0x72, 0x19, 0x24,
    0x19, 0x00, 0x00, 0x00, 0x00, 0x00, 0x00, 0x00, 0x00, 0xe2, 0x0f, 0x00,
    0x19, 0x78, 0x22, 0xff, 0x04, 0x00, 0x00, 0x00, 0x1c, 0x16, 0x01, 0x00,
    0x00, 0xe4, 0x0f, 0x00, 0x12, 0x98, 0x22, 0x1c, 0x0f, 0x00, 0x00, 0x00,
    0xff, 0xc0, 0x8e, 0x07, 0x00, 0xe2, 0x0f, 0x00, 0x23, 0x72, 0x1c, 0x16,
    0x1e, 0x00, 0x00, 0x00, 0x21, 0x00, 0x00, 0x00, 0x00, 0xe2, 0x0f, 0x00,
    0x19, 0x78, 0x15, 0xff, 0x04, 0x00, 0x00, 0x00, 0x1f, 0x16, 0x01, 0x00,
    0x00, 0xe2, 0x0f, 0x00, 0x21, 0x72, 0x1e, 0x19, 0x1e, 0x00, 0x00, 0x00,
    0x00, 0x00, 0x00, 0x00, 0x00, 0xe2, 0x0f, 0x00, 0x12, 0x98, 0x15, 0x1f,
    0x0f, 0x00, 0x00, 0x00, 0xff, 0xc0, 0x8e, 0x07, 0x00, 0xe4, 0x0f, 0x00,
    0x45, 0x72, 0x19, 0x00, 0x22, 0x00, 0x00, 0x00, 0x00, 0x10, 0x20, 0x00,
    0x00, 0xe2, 0x0f, 0x00, 0x81, 0x79, 0x1f, 0x0a, 0x08, 0x1f, 0x00, 0x00,
    0x00, 0x11, 0x1e, 0x0c, 0x00, 0x62, 0x0f, 0x00, 0x19, 0x78, 0x16, 0xff,
    0x04, 0x00, 0x00, 0x00, 0x20, 0x16, 0x01, 0x00, 0x00, 0xc4, 0x0f, 0x00,
    0x12, 0x98, 0x16, 0x20, 0x0f, 0x00, 0x00, 0x00, 0xff, 0xc0, 0x8e, 0x07,
    0x00, 0xe2, 0x0f, 0x00, 0x23, 0x72, 0x22, 0x19, 0x1d, 0x00, 0x00, 0x00,
    0x1c, 0x00, 0x00, 0x00, 0x00, 0xe2, 0x0f, 0x00, 0x45, 0x72, 0x15, 0x00,
    0x15, 0x00, 0x00, 0x00, 0x00, 0x10, 0x20, 0x00, 0x00, 0xe2, 0x0f, 0x00,
    0x81, 0x79, 0x19, 0x08, 0x08, 0x28, 0x00, 0x00, 0x00, 0x19, 0x1e, 0x0c,
    0x00, 0x62, 0x0f, 0x00, 0x21, 0x72, 0x20, 0x1e, 0x1d, 0x00, 0x00, 0x00,
    0x00, 0x00, 0x00, 0x00, 0x00, 0xe2, 0x0f, 0x00, 0x45, 0x72, 0x16, 0x00,
    0x16, 0x00, 0x00, 0x00, 0x00, 0x10, 0x20, 0x00, 0x00, 0xe4, 0x0f, 0x00,
    0x81, 0x79, 0x1c, 0x0a, 0x08, 0x20, 0x00, 0x00, 0x00, 0x11, 0x1e, 0x0c,
    0x00, 0x68, 0x0f, 0x00, 0x81, 0x79, 0x1e, 0x08, 0x08, 0x2c, 0x00, 0x00,
    0x00, 0x19, 0x1e, 0x0c, 0x00, 0x68, 0x0f, 0x00, 0x81, 0x79, 0x1d, 0x0a,
    0x08, 0x21, 0x00, 0x00, 0x00, 0x11, 0x1e, 0x0c, 0x00, 0x62, 0x0f, 0x00,
    0x23, 0x72, 0x15, 0x15, 0x1b, 0x00, 0x00, 0x00, 0x22, 0x00, 0x00, 0x00,
    0x00, 0xe2, 0x4f, 0x00, 0x21, 0x72, 0x23, 0x20, 0x1b, 0x00, 0x00, 0x00,
    0x00, 0x00, 0x00, 0x00, 0x00, 0xc4, 0x0f, 0x00, 0x81, 0x79, 0x1b, 0x0a,
    0x08, 0x22, 0x00, 0x00, 0x00, 0x11, 0x1e, 0x0c, 0x00, 0xa2, 0x0e, 0x00,
    0x23, 0x72, 0x21, 0x16, 0x1a, 0x00, 0x00, 0x00, 0x15, 0x00, 0x00, 0x00,
    0x00, 0xe2, 0x0f, 0x00, 0x21, 0x72, 0x23, 0x23, 0x1a, 0x00, 0x00, 0x00,
    0x00, 0x00, 0x00, 0x00, 0x00, 0xe4, 0x0f, 0x00, 0x81, 0x79, 0x1a, 0x08,
    0x08, 0x30, 0x00, 0x00, 0x00, 0x19, 0x1e, 0x0c, 0x00, 0xa2, 0x0e, 0x00,
    0x19, 0x78, 0x20, 0xff, 0x04, 0x00, 0x00, 0x00, 0x18, 0x16, 0x01, 0x00,
    0x00, 0xe4, 0x8f, 0x00, 0x12, 0x98, 0x20, 0x18, 0x0f, 0x00, 0x00, 0x00,
    0xff, 0xc0, 0x8e, 0x07, 0x00, 0xe2, 0x0f, 0x00, 0x81, 0x79, 0x15, 0x08,
    0x08, 0x38, 0x00, 0x00, 0x00, 0x19, 0x1e, 0x0c, 0x00, 0xe8, 0x0e, 0x00,
    0x81, 0x79, 0x18, 0x08, 0x08, 0x34, 0x00, 0x00, 0x00, 0x19, 0x1e, 0x0c,
    0x00, 0xe2, 0x0e, 0x00, 0x19, 0x78, 0x16, 0xff, 0x04, 0x00, 0x00, 0x00,
    0x17, 0x16, 0x01, 0x00, 0x00, 0xc4, 0x0f, 0x01, 0x12, 0x98, 0x16, 0x17,
    0x0f, 0x00, 0x00, 0x00, 0xff, 0xc0, 0x8e, 0x07, 0x00, 0xe4, 0x0f, 0x00,
    0x81, 0x79, 0x17, 0x0a, 0x08, 0x24, 0x00, 0x00, 0x00, 0x11, 0x1e, 0x0c,
    0x00, 0x24, 0x0f, 0x00, 0x45, 0x72, 0x22, 0x00, 0x16, 0x00, 0x00, 0x00,
    0x00, 0x10, 0x20, 0x00, 0x00, 0xe4, 0x0f, 0x00, 0x81, 0x79, 0x16, 0x0a,
    0x08, 0x23, 0x00, 0x00, 0x00, 0x11, 0x1e, 0x0c, 0x00, 0x26, 0x0f, 0x00,
    0x23, 0x72, 0x22, 0x22, 0x00, 0x00, 0x00, 0x00, 0x21, 0x00, 0x00, 0x00,
    0x00, 0xe2, 0x0f, 0x02, 0x45, 0x72, 0x21, 0x00, 0x20, 0x00, 0x00, 0x00,
    0x00, 0x10, 0x20, 0x00, 0x00, 0xe2, 0x0f, 0x00, 0x21, 0x72, 0x00, 0x23,
    0x00, 0x00, 0x00, 0x00, 0x00, 0x00, 0x00, 0x00, 0x00, 0xe2, 0x0f, 0x00,
    0x19, 0x78, 0x20, 0xff, 0x04, 0x00, 0x00, 0x00, 0x1f, 0x16, 0x01, 0x00,
    0x00, 0xc4, 0x0f, 0x00, 0x12, 0x98, 0x20, 0x1f, 0x0f, 0x00, 0x00, 0x00,
    0xff, 0xc0, 0x8e, 0x07, 0x00, 0xc8, 0x0f, 0x00, 0x45, 0x72, 0x20, 0x00,
    0x20, 0x00, 0x00, 0x00, 0x00, 0x10, 0x20, 0x00, 0x00, 0xe2, 0x0f, 0x00,
    0x23, 0x72, 0x21, 0x21, 0x19, 0x00, 0x00, 0x00, 0x22, 0x00, 0x00, 0x00,
    0x00, 0xe2, 0x0f, 0x00, 0x21, 0x72, 0x19, 0x00, 0x19, 0x00, 0x00, 0x00,
    0x00, 0x00, 0x00, 0x00, 0x00, 0xe2, 0x0f, 0x00, 0x19, 0x78, 0x22, 0xff,
    0x04, 0x00, 0x00, 0x00, 0x1c, 0x16, 0x01, 0x00, 0x00, 0xe2, 0x0f, 0x00,
    0x81, 0x79, 0x00, 0x08, 0x08, 0x3c, 0x00, 0x00, 0x00, 0x19, 0x1e, 0x0c,
    0x00, 0x62, 0x0f, 0x00, 0x12, 0x98, 0x22, 0x1c, 0x0f, 0x00, 0x00, 0x00,
    0xff, 0xc0, 0x8e, 0x07, 0x00, 0xe2, 0x0f, 0x00, 0x23, 0x72, 0x23, 0x20,
    0x1e, 0x00, 0x00, 0x00, 0x21, 0x00, 0x00, 0x00, 0x00, 0xe2, 0x0f, 0x00,
    0x21, 0x72, 0x21, 0x19, 0x1e, 0x00, 0x00, 0x00, 0x00, 0x00, 0x00, 0x00,
    0x00, 0xe4, 0x0f, 0x00, 0x45, 0x72, 0x22, 0x00, 0x22, 0x00, 0x00, 0x00,
    0x00, 0x10, 0x20, 0x00, 0x00, 0xe2, 0x0f, 0x00, 0x81, 0x79, 0x19, 0x0a,
    0x08, 0x25, 0x00, 0x00, 0x00, 0x11, 0x1e, 0x0c, 0x00, 0x62, 0x0f, 0x00,
    0x19, 0x78, 0x1f, 0xff, 0x04, 0x00, 0x00, 0x00, 0x1d, 0x16, 0x01, 0x00,
    0x00, 0xc4, 0x0f, 0x00, 0x12, 0x98, 0x1f, 0x1d, 0x0f, 0x00, 0x00, 0x00,
    0xff, 0xc0, 0x8e, 0x07, 0x00, 0xe2, 0x0f, 0x00, 0x81, 0x79, 0x1c, 0x0a,
    0x08, 0x26, 0x00, 0x00, 0x00, 0x11, 0x1e, 0x0c, 0x00, 0x66, 0x0f, 0x00,
    0x45, 0x72, 0x1e, 0x00, 0x1f, 0x00, 0x00, 0x00, 0x00, 0x10, 0x20, 0x00,
    0x00, 0xe2, 0x0f, 0x00, 0x81, 0x79, 0x1d, 0x08, 0x08, 0x40, 0x00, 0x00,
    0x00, 0x19, 0x1e, 0x0c, 0x00, 0x68, 0x0f, 0x00, 0x81, 0x79, 0x1f, 0x0a,
    0x08, 0x28, 0x00, 0x00, 0x00, 0x11, 0x1e, 0x0c, 0x00, 0x62, 0x0f, 0x00,
    0x19, 0x78, 0x20, 0xff, 0x04, 0x00, 0x00, 0x00, 0x1b, 0x16, 0x01, 0x00,
    0x00, 0xe2, 0x4f, 0x00, 0x21, 0x72, 0x21, 0x21, 0x1a, 0x00, 0x00, 0x00,
    0x00, 0x00, 0x00, 0x00, 0x00, 0xe2, 0x0f, 0x00, 0x23, 0x72, 0x23, 0x22,
    0x1a, 0x00, 0x00, 0x00, 0x23, 0x00, 0x00, 0x00, 0x00, 0xe2, 0x0f, 0x00,
    0x12, 0x98, 0x20, 0x1b, 0x0f, 0x00, 0x00, 0x00, 0xff, 0xc0, 0x8e, 0x07,
    0x00, 0xc4, 0x0f, 0x00, 0x21, 0x72, 0x1a, 0x21, 0x18, 0x00, 0x00, 0x00,
    0x00, 0x00, 0x00, 0x00, 0x00, 0xe4, 0x8f, 0x00, 0x81, 0x79, 0x21, 0x08,
    0x08, 0x44, 0x00, 0x00, 0x00, 0x19, 0x1e, 0x0c, 0x00, 0xa2, 0x0e, 0x00,
    0x45, 0x72, 0x1b, 0x00, 0x20, 0x00, 0x00, 0x00, 0x00, 0x10, 0x20, 0x00,
    0x00, 0xe2, 0x0f, 0x00, 0x23, 0x72, 0x1e, 0x1e, 0x18, 0x00, 0x00, 0x00,
    0x23, 0x00, 0x00, 0x00, 0x00, 0xe4, 0x0f, 0x00, 0x81, 0x79, 0x20, 0x08,
    0x08, 0x48, 0x00, 0x00, 0x00, 0x19, 0x1e, 0x0c, 0x00, 0xe4, 0x0e, 0x00,
    0x23, 0x72, 0x23, 0x1b, 0x15, 0x00, 0x00, 0x00, 0x1e, 0x00, 0x00, 0x00,
    0x00, 0xe4, 0x0f, 0x00, 0x81, 0x79, 0x18, 0x0a, 0x08, 0x27, 0x00, 0x00,
    0x00, 0x11, 0x1e, 0x0c, 0x00, 0xe8, 0x0e, 0x00, 0x81, 0x79, 0x1e, 0x08,
    0x08, 0x4c, 0x00, 0x00, 0x00, 0x19, 0x1e, 0x0c, 0x00, 0xe8, 0x0e, 0x00,
    0x81, 0x79, 0x1b, 0x08, 0x08, 0x50, 0x00, 0x00, 0x00, 0x19, 0x1e, 0x0c,
    0x00, 0xe2, 0x0e, 0x00, 0x21, 0x72, 0x15, 0x1a, 0x15, 0x00, 0x00, 0x00,
    0x00, 0x00, 0x00, 0x00, 0x00, 0xc6, 0x0f, 0x00, 0x81, 0x79, 0x1a, 0x0a,
    0x08, 0x29, 0x00, 0x00, 0x00, 0x11, 0x1e, 0x0c, 0x00, 0xe2, 0x0e, 0x00,
    0x19, 0x78, 0x22, 0xff, 0x04, 0x00, 0x00, 0x00, 0x16, 0x16, 0x01, 0x00,
    0x00, 0xe4, 0x0f, 0x01, 0x12, 0x98, 0x22, 0x16, 0x0f, 0x00, 0x00, 0x00,
    0xff, 0xc0, 0x8e, 0x07, 0x00, 0xe4, 0x0f, 0x00, 0x19, 0x78, 0x16, 0xff,
    0x04, 0x00, 0x00, 0x00, 0x17, 0x16, 0x01, 0x00, 0x00, 0xe4, 0x0f, 0x00,
    0x45, 0x72, 0x22, 0x00, 0x22, 0x00, 0x00, 0x00, 0x00, 0x10, 0x20, 0x00,
    0x00, 0xe4, 0x0f, 0x00, 0x12, 0x98, 0x16, 0x17, 0x0f, 0x00, 0x00, 0x00,
    0xff, 0xc0, 0x8e, 0x07, 0x00, 0xc6, 0x0f, 0x00, 0x23, 0x72, 0x22, 0x22,
    0x00, 0x00, 0x00, 0x00, 0x23, 0x00, 0x00, 0x00, 0x00, 0xe2, 0x0f, 0x02,
    0x21, 0x72, 0x00, 0x15, 0x00, 0x00, 0x00, 0x00, 0x00, 0x00, 0x00, 0x00,
    0x00, 0xe2, 0x0f, 0x00, 0x45, 0x72, 0x15, 0x00, 0x16, 0x00, 0x00, 0x00,
    0x00, 0x10, 0x20, 0x00, 0x00, 0xe4, 0x0f, 0x00, 0x19, 0x78, 0x16, 0xff,
    0x04, 0x00, 0x00, 0x00, 0x19, 0x16, 0x01, 0x00, 0x00, 0xe4, 0x0f, 0x00,
    0x12, 0x98, 0x16, 0x19, 0x0f, 0x00, 0x00, 0x00, 0xff, 0xc0, 0x8e, 0x07,
    0x00, 0xe4, 0x0f, 0x00, 0x19, 0x78, 0x17, 0xff, 0x04, 0x00, 0x00, 0x00,
    0x1c, 0x16, 0x01, 0x00, 0x00, 0xe2, 0x0f, 0x00, 0x81, 0x79, 0x19, 0x08,
    0x08, 0x5c, 0x00, 0x00, 0x00, 0x19, 0x1e, 0x0c, 0x00, 0x22, 0x01, 0x00,
    0x12, 0x98, 0x17, 0x1c, 0x0f, 0x00, 0x00, 0x00, 0xff, 0xc0, 0x8e, 0x07,
    0x00, 0xe2, 0x0f, 0x00, 0x21, 0x72, 0x00, 0x00, 0x1d, 0x00, 0x00, 0x00,
    0x00, 0x00, 0x00, 0x00, 0x00, 0xe2, 0x0f, 0x00, 0x23, 0x72, 0x22, 0x15,
    0x1d, 0x00, 0x00, 0x00, 0x22, 0x00, 0x00, 0x00, 0x00, 0xe2, 0x0f, 0x00,
    0x45, 0x72, 0x15, 0x00, 0x16, 0x00, 0x00, 0x00, 0x00, 0x10, 0x20, 0x00,
    0x00, 0xe2, 0x0f, 0x00, 0x81, 0x79, 0x1c, 0x08, 0x08, 0x6c, 0x00, 0x00,
    0x00, 0x19, 0x1e, 0x0c, 0x00, 0x62, 0x01, 0x00, 0x45, 0x72, 0x16, 0x00,
    0x17, 0x00, 0x00, 0x00, 0x00, 0x10, 0x20, 0x00, 0x00, 0xc4, 0x0f, 0x00,
    0x19, 0x78, 0x1d, 0xff, 0x04, 0x00, 0x00, 0x00, 0x1f, 0x16, 0x01, 0x00,
    0x00, 0xe4, 0x0f, 0x00, 0x12, 0x98, 0x1d, 0x1f, 0x0f, 0x00, 0x00, 0x00,
    0xff, 0xc0, 0x8e, 0x07, 0x00, 0xe4, 0x0f, 0x00, 0x12, 0x78, 0x1f, 0x13,
    0x07, 0x00, 0x00, 0x00, 0xff, 0xc0, 0x8e, 0x07, 0x00, 0xc8, 0x0f, 0x00,
    0x0c, 0x78, 0x00, 0x1f, 0x04, 0x00, 0x00, 0x00, 0x70, 0x60, 0xf0, 0x03,
    0x00, 0xe2, 0x0f, 0x00, 0x21, 0x72, 0x17, 0x00, 0x21, 0x00, 0x00, 0x00,
    0x00, 0x00, 0x00, 0x00, 0x00, 0xe2, 0x4f, 0x00, 0x23, 0x72, 0x15, 0x15,
    0x21, 0x00, 0x00, 0x00, 0x22, 0x00, 0x00, 0x00, 0x00, 0xc6, 0x0f, 0x00,
    0x21, 0x72, 0x21, 0x17, 0x20, 0x00, 0x00, 0x00, 0x00, 0x00, 0x00, 0x00,
    0x00, 0xe2, 0x8f, 0x00, 0x19, 0x78, 0x00, 0xff, 0x04, 0x00, 0x00, 0x00,
    0x18, 0x16, 0x01, 0x00, 0x00, 0xe2, 0x0f, 0x00, 0x23, 0x72, 0x23, 0x16,
    0x20, 0x00, 0x00, 0x00, 0x15, 0x00, 0x00, 0x00, 0x00, 0xe2, 0x0f, 0x00,
    0x12, 0x98, 0x00, 0x18, 0x0f, 0x00, 0x00, 0x00, 0xff, 0xc0, 0x8e, 0x07,
    0x00, 0xe2, 0x0f, 0x00, 0x81, 0x79, 0x16, 0x08, 0x08, 0x54, 0x00, 0x00,
    0x00, 0x19, 0x1e, 0x0c, 0x00, 0xa2, 0x00, 0x00, 0x21, 0x72, 0x24, 0x21,
    0x1e, 0x00, 0x00, 0x00, 0x00, 0x00, 0x00, 0x00, 0x00, 0xe2, 0x0f, 0x00,
    0x10, 0x78, 0x21, 0x1f, 0xfc, 0xff, 0xff, 0xff, 0xff, 0xe0, 0xff, 0x07,
    0x00, 0xe4, 0x0f, 0x00, 0x45, 0x72, 0x22, 0x00, 0x00, 0x00, 0x00, 0x00,
    0x00, 0x10, 0x20, 0x00, 0x00, 0xe2, 0x0f, 0x00, 0x81, 0x79, 0x18, 0x08,
    0x08, 0x58, 0x00, 0x00, 0x00, 0x19, 0x1e, 0x0c, 0x00, 0xe2, 0x00, 0x00,
    0x19, 0x78, 0x25, 0xff, 0x1f, 0x00, 0x00, 0x00, 0x21, 0x14, 0x01, 0x00,
    0x00, 0xc4, 0x0f, 0x00, 0x10, 0x7a, 0x06, 0x06, 0x00, 0x58, 0x00, 0x00,
    0x21, 0xe0, 0xb5, 0x07, 0x00, 0xe2, 0x0f, 0x00, 0x23, 0x72, 0x23, 0x22,
    0x1e, 0x00, 0x00, 0x00, 0x23, 0x00, 0x00, 0x00, 0x00, 0xe2, 0x0f, 0x00,
    0x45, 0x72, 0x20, 0x00, 0x1d, 0x00, 0x00, 0x00, 0x00, 0x10, 0x20, 0x00,
    0x00, 0xe2, 0x0f, 0x00, 0x81, 0x79, 0x17, 0x08, 0x08, 0x60, 0x00, 0x00,
    0x00, 0x19, 0x1e, 0x0c, 0x00, 0x62, 0x01, 0x00, 0x10, 0x7a, 0x07, 0x07,
    0x00, 0x59, 0x00, 0x00, 0x25, 0x64, 0x7e, 0x01, 0x00, 0xe2, 0x0f, 0x00,
    0x21, 0x72, 0x1d, 0x1b, 0x24, 0x00, 0x00, 0x00, 0x00, 0x00, 0x00, 0x00,
    0x00, 0xe4, 0x0f, 0x00, 0x81, 0x79, 0x15, 0x08, 0x08, 0x64, 0x00, 0x00,
    0x00, 0x19, 0x1e, 0x0c, 0x00, 0x62, 0x01, 0x00, 0x23, 0x72, 0x1b, 0x20,
    0x1b, 0x00, 0x00, 0x00, 0x23, 0x00, 0x00, 0x00, 0x00, 0xc6, 0x0f, 0x00,
    0x81, 0x79, 0x00, 0x08, 0x08, 0x68, 0x00, 0x00, 0x00, 0x19, 0x1e, 0x0c,
    0x00, 0x68, 0x01, 0x00, 0x81, 0x79, 0x21, 0x06, 0x08, 0x08, 0x00, 0x00,
    0x00, 0x11, 0x1e, 0x0c, 0x00, 0x68, 0x07, 0x00, 0x81, 0x79, 0x23, 0x0a,
    0x08, 0x2a, 0x00, 0x00, 0x00, 0x11, 0x1e, 0x0c, 0x00, 0x68, 0x0f, 0x00,
    0x81, 0x79, 0x09, 0x0a, 0x08, 0x2b, 0x00, 0x00, 0x00, 0x11, 0x1e, 0x0c,
    0x00, 0x68, 0x1f, 0x00, 0x81, 0x09, 0x24, 0x06, 0x08, 0x04, 0x00, 0x00,
    0x00, 0x11, 0x1e, 0x0c, 0x00, 0x62, 0x07, 0x00, 0x19, 0x78, 0x1e, 0xff,
    0x04, 0x00, 0x00, 0x00, 0x1a, 0x16, 0x01, 0x00, 0x00, 0xc6, 0x0f, 0x00,
    0x81, 0x79, 0x22, 0x06, 0x08, 0x0c, 0x00, 0x00, 0x00, 0x11, 0x1e, 0x0c,
    0x00, 0x62, 0x07, 0x00, 0x12, 0x98, 0x1e, 0x1a, 0x0f, 0x00, 0x00, 0x00,
    0xff, 0xc0, 0x8e, 0x07, 0x00, 0xc6, 0x0f, 0x00, 0x81, 0x79, 0x1a, 0x0a,
    0x08, 0x2c, 0x00, 0x00, 0x00, 0x11, 0x1e, 0x0c, 0x00, 0x68, 0x01, 0x00,
    0x81, 0x79, 0x08, 0x0a, 0x08, 0x2d, 0x00, 0x00, 0x00, 0x11, 0x1e, 0x0c,
    0x00, 0x68, 0x01, 0x00, 0x81, 0x79, 0x1f, 0x0a, 0x08, 0x2e, 0x00, 0x00,
    0x00, 0x11, 0x1e, 0x0c, 0x00, 0x68, 0x01, 0x00, 0x81, 0x79, 0x20, 0x0a,
    0x08, 0x2f, 0x00, 0x00, 0x00, 0x11, 0x1e, 0x0c, 0x00, 0x62, 0x01, 0x00,
    0x45, 0x72, 0x1e, 0x00, 0x1e, 0x00, 0x00, 0x00, 0x00, 0x10, 0x20, 0x00,
    0x00, 0xc4, 0x0f, 0x00, 0x10, 0x78, 0x13, 0x13, 0x20, 0x00, 0x00, 0x00,
    0xff, 0xe0, 0xff, 0x07, 0x00, 0xc6, 0x0f, 0x00, 0x23, 0x72, 0x1b, 0x1e,
    0x16, 0x00, 0x00, 0x00, 0x1b, 0x00, 0x00, 0x00, 0x00, 0xe2, 0x4f, 0x00,
    0x21, 0x72, 0x1d, 0x1d, 0x16, 0x00, 0x00, 0x00, 0x00, 0x00, 0x00, 0x00,
    0x00, 0xc8, 0x0f, 0x00, 0x21, 0x72, 0x06, 0x1d, 0x18, 0x00, 0x00, 0x00,
    0x00, 0x00, 0x00, 0x00, 0x00, 0xc8, 0x8f, 0x00, 0x21, 0x72, 0x06, 0x06,
    0x19, 0x00, 0x00, 0x00, 0x00, 0x00, 0x00, 0x00, 0x00, 0xe2, 0x0f, 0x01,
    0x19, 0x78, 0x16, 0xff, 0x04, 0x00, 0x00, 0x00, 0x23, 0x16, 0x01, 0x00,
    0x00, 0xe4, 0x0f, 0x02, 0x19, 0x78, 0x0a, 0xff, 0x04, 0x00, 0x00, 0x00,
    0x09, 0x16, 0x01, 0x00, 0x00, 0xe4, 0x1f, 0x00, 0x12, 0x98, 0x0a, 0x09,
    0x0f, 0x00, 0x00, 0x00, 0xff, 0xc0, 0x8e, 0x07, 0x00, 0xe4, 0x0f, 0x00,
    0x19, 0x08, 0x09, 0xff, 0x02, 0x00, 0x00, 0x00, 0x21, 0x16, 0x01, 0x00,
    0x00, 0xe4, 0x0f, 0x00, 0x12, 0x98, 0x16, 0x23, 0x0f, 0x00, 0x00, 0x00,
    0xff, 0xc0, 0x8e, 0x07, 0x00, 0xe4, 0x0f, 0x00, 0x12, 0x08, 0x07, 0x09,
    0x30, 0x00, 0x00, 0x00, 0xff, 0xc0, 0x8e, 0x07, 0x00, 0xc4, 0x0f, 0x00,
    0x45, 0x72, 0x16, 0x00, 0x16, 0x00, 0x00, 0x00, 0x00, 0x10, 0x20, 0x00,
    0x00, 0xe4, 0x0f, 0x00, 0x19, 0x08, 0x24, 0xff, 0x02, 0x00, 0x00, 0x00,
    0x24, 0x16, 0x01, 0x00, 0x00, 0xe4, 0x0f, 0x00, 0x11, 0x02, 0x07, 0x22,
    0x07, 0x00, 0x00, 0x00, 0xff, 0xe0, 0x8f, 0x07, 0x00, 0xe4, 0x0f, 0x04,
    0x12, 0x88, 0x07, 0x22, 0x3f, 0x00, 0x00, 0x00, 0xff, 0xc0, 0x8e, 0x07,
    0x00, 0xe2, 0x0f, 0x00, 0x23, 0x72, 0x16, 0x16, 0x18, 0x00, 0x00, 0x00,
    0x1b, 0x00, 0x00, 0x00, 0x00, 0xe2, 0x0f, 0x00, 0x12, 0x08, 0x09, 0x24,
    0x30, 0x00, 0x00, 0x00, 0xff, 0xc0, 0x8e, 0x07, 0x00, 0xe4, 0x0f, 0x00,
    0x45, 0x72, 0x0b, 0x00, 0x0a, 0x00, 0x00, 0x00, 0x00, 0x10, 0x20, 0x00,
    0x00, 0xc4, 0x0f, 0x00, 0x19, 0x78, 0x0a, 0xff, 0x04, 0x00, 0x00, 0x00,
    0x1a, 0x16, 0x01, 0x00, 0x00, 0xe4, 0x0f, 0x00, 0x19, 0x78, 0x18, 0xff,
    0x04, 0x00, 0x00, 0x00, 0x08, 0x16, 0x01, 0x00, 0x00, 0xe4, 0x0f, 0x00,
    0x12, 0x98, 0x0a, 0x1a, 0x0f, 0x00, 0x00, 0x00, 0xff, 0xc0, 0x8e, 0x07,
    0x00, 0xe4, 0x0f, 0x00, 0x12, 0x98, 0x18, 0x08, 0x0f, 0x00, 0x00, 0x00,
    0xff, 0xc0, 0x8e, 0x07, 0x00, 0xe2, 0x0f, 0x00, 0x06, 0x73, 0x07, 0x00,
    0x07, 0x00, 0x00, 0x00, 0x00, 0x10, 0x10, 0x00, 0x00, 0x22, 0x0e, 0x00,
    0x12, 0x08, 0x09, 0x09, 0x0f, 0x00, 0x00, 0x00, 0x22, 0xf8, 0x8e, 0x07,
    0x00, 0xe2, 0x0f, 0x00, 0x23, 0x72, 0x16, 0x0b, 0x19, 0x00, 0x00, 0x00,
    0x16, 0x00, 0x00, 0x00, 0x00, 0xe2, 0x0f, 0x00, 0x12, 0x88, 0x09, 0x21,
    0x3f, 0x00, 0x00, 0x00, 0xff, 0xc0, 0x8e, 0x07, 0x00, 0xc4, 0x0f, 0x00,
    0x45, 0x72, 0x0b, 0x00, 0x0a, 0x00, 0x00, 0x00, 0x00, 0x10, 0x20, 0x00,
    0x00, 0xe2, 0x0f, 0x00, 0x21, 0x72, 0x06, 0x06, 0x17, 0x00, 0x00, 0x00,
    0x00, 0x00, 0x00, 0x00, 0x00, 0xe2, 0x0f, 0x00, 0x45, 0x72, 0x19, 0x00,
    0x18, 0x00, 0x00, 0x00, 0x00, 0x10, 0x20, 0x00, 0x00, 0xe4, 0x0f, 0x00,
    0x06, 0x73, 0x18, 0x00, 0x09, 0x00, 0x00, 0x00, 0x00, 0x10, 0x10, 0x00,
    0x00, 0x62, 0x0e, 0x00, 0x19, 0x78, 0x1b, 0xff, 0x04, 0x00, 0x00, 0x00,
    0x1f, 0x16, 0x01, 0x00, 0x00, 0xe2, 0x0f, 0x00, 0x23, 0x72, 0x16, 0x0b,
    0x17, 0x00, 0x00, 0x00, 0x16, 0x00, 0x00, 0x00, 0x00, 0xe2, 0x0f, 0x00,
    0x12, 0x98, 0x1b, 0x1f, 0x0f, 0x00, 0x00, 0x00, 0xff, 0xc0, 0x8e, 0x07,
    0x00, 0xe2, 0x0f, 0x00, 0x21, 0x72, 0x0b, 0x06, 0x15, 0x00, 0x00, 0x00,
    0x00, 0x00, 0x00, 0x00, 0x00, 0xe2, 0x0f, 0x00, 0x19, 0x78, 0x0a, 0xff,
    0x04, 0x00, 0x00, 0x00, 0x20, 0x16, 0x01, 0x00, 0x00, 0xe2, 0x0f, 0x00,
    0x23, 0x72, 0x19, 0x19, 0x15, 0x00, 0x00, 0x00, 0x16, 0x00, 0x00, 0x00,
    0x00, 0xe2, 0x0f, 0x00, 0x12, 0x98, 0x0a, 0x20, 0x0f, 0x00, 0x00, 0x00,
    0xff, 0xc0, 0x8e, 0x07, 0x00, 0xe2, 0x0f, 0x00, 0x21, 0x72, 0x0b, 0x0b,
    0x00, 0x00, 0x00, 0x00, 0x00, 0x00, 0x00, 0x00, 0x00, 0xe2, 0x0f, 0x00,
    0x45, 0x72, 0x08, 0x00, 0x1b, 0x00, 0x00, 0x00, 0x00, 0x10, 0x20, 0x00,
    0x00, 0xc4, 0x0f, 0x00, 0x0c, 0x7c, 0x00, 0x13, 0x06, 0x00, 0x00, 0x00,
    0x70, 0x62, 0xf0, 0x0b, 0x00, 0xe2, 0x0f, 0x00, 0x20, 0x72, 0x14, 0x07,
    0x14, 0x00, 0x00, 0x00, 0x00, 0x00, 0x40, 0x00, 0x00, 0xe2, 0x1f, 0x00,
    0x45, 0x72, 0x0a, 0x00, 0x0a, 0x00, 0x00, 0x00, 0x00, 0x10, 0x20, 0x00,
    0x00, 0xe2, 0x0f, 0x00, 0x23, 0x72, 0x19, 0x08, 0x00, 0x00, 0x00, 0x00,
    0x19, 0x00, 0x00, 0x00, 0x00, 0xe2, 0x0f, 0x00, 0x21, 0x72, 0x0b, 0x0b,
    0x1c, 0x00, 0x00, 0x00, 0x00, 0x00, 0x00, 0x00, 0x00, 0xe2, 0x0f, 0x00,
    0x20, 0x72, 0x11, 0x18, 0x11, 0x00, 0x00, 0x00, 0x00, 0x00, 0x40, 0x00,
    0x00, 0xe4, 0x2f, 0x00, 0x23, 0x72, 0x0a, 0x0a, 0x1c, 0x00, 0x00, 0x00,
    0x19, 0x00, 0x00, 0x00, 0x00, 0xe2, 0x0f, 0x00, 0x20, 0x72, 0x0b, 0x0b,
    0x14, 0x00, 0x00, 0x00, 0x00, 0x00, 0x40, 0x00, 0x00, 0xc8, 0x0f, 0x00,
    0x23, 0x72, 0x0b, 0x0a, 0x11, 0x00, 0x00, 0x00, 0x0b, 0x08, 0x00, 0x00,
    0x00, 0xc8, 0x0f, 0x00, 0x21, 0x72, 0x12, 0x0b, 0x12, 0x00, 0x00, 0x00,
    0x00, 0x00, 0x00, 0x00, 0x00, 0xe2, 0x0f, 0x00, 0x44, 0x09, 0x00, 0x00,
    0x10, 0x00, 0x00, 0x00, 0x00, 0x00, 0xc0, 0x03, 0x00, 0xe2, 0x0f, 0x00,
    0x47, 0x79, 0x00, 0x00, 0xc0, 0xeb, 0xff, 0xff, 0xff, 0xff, 0x83, 0x03,
    0x00, 0xea, 0x0f, 0x00, 0x41, 0x79, 0x00, 0x00, 0x00, 0x00, 0x00, 0x00,
    0x00, 0x00, 0x80, 0x03, 0x00, 0xea, 0x0f, 0x00, 0x89, 0x7f, 0x03, 0x12,
    0x00, 0x1f, 0x00, 0x0a, 0x00, 0x00, 0x0e, 0x00, 0x00, 0x22, 0x0e, 0x00,
    0x0c, 0x72, 0x00, 0x0d, 0xff, 0x00, 0x00, 0x00, 0x70, 0x52, 0xf0, 0x03,
    0x00, 0xe2, 0x0f, 0x00, 0x21, 0x72, 0x03, 0x03, 0x12, 0x00, 0x00, 0x00,
    0x00, 0x00, 0x00, 0x00, 0x00, 0xca, 0x1f, 0x00, 0x89, 0x7f, 0x00, 0x03,
    0x00, 0x1f, 0x00, 0x09, 0x00, 0x00, 0x0e, 0x00, 0x00, 0x24, 0x0e, 0x00,
    0x21, 0x72, 0x00, 0x03, 0x00, 0x00, 0x00, 0x00, 0x00, 0x00, 0x00, 0x00,
    0x00, 0xca, 0x1f, 0x00, 0x89, 0x7f, 0x05, 0x00, 0x00, 0x1f, 0x80, 0x08,
    0x00, 0x00, 0x0e, 0x00, 0x00, 0x24, 0x0e, 0x00, 0x21, 0x72, 0x05, 0x00,
    0x05, 0x00, 0x00, 0x00, 0x00, 0x00, 0x00, 0x00, 0x00, 0xca, 0x1f, 0x00,
    0x89, 0x7f, 0x02, 0x05, 0x00, 0x1f, 0x40, 0x08, 0x00, 0x00, 0x0e, 0x00,
    0x00, 0x24, 0x0e, 0x00, 0x21, 0x72, 0x04, 0x05, 0x02, 0x00, 0x00, 0x00,
    0x00, 0x00, 0x00, 0x00, 0x00, 0xca, 0x1f, 0x00, 0x89, 0x7f, 0x07, 0x04,
    0x00, 0x1f, 0x20, 0x08, 0x00, 0x00, 0x0e, 0x00, 0x00, 0x62, 0x00, 0x00,
    0x4d, 0x09, 0x00, 0x00, 0x00, 0x00, 0x00, 0x00, 0x00, 0x00, 0x80, 0x03,
    0x00, 0xea, 0x0f, 0x00, 0x11, 0x7a, 0x02, 0x0c, 0x00, 0x5c, 0x00, 0x00,
    0xff, 0x10, 0x80, 0x07, 0x00, 0xe2, 0x0f, 0x00, 0x21, 0x72, 0x07, 0x04,
    0x07, 0x00, 0x00, 0x00, 0x00, 0x00, 0x00, 0x00, 0x00, 0xc6, 0x2f, 0x00,
    0x11, 0x7a, 0x03, 0x0c, 0x00, 0x5d, 0x00, 0x00, 0x0f, 0x14, 0x0f, 0x00,
    0x00, 0xca, 0x0f, 0x00, 0x86, 0x79, 0x00, 0x02, 0x07, 0x00, 0x00, 0x00,
    0x08, 0x19, 0x10, 0x0c, 0x00, 0xe2, 0x0f, 0x00, 0x4d, 0x79, 0x00, 0x00,
    0x00, 0x00, 0x00, 0x00, 0x00, 0x00, 0x80, 0x03, 0x00, 0xea, 0x0f, 0x00,
    0x47, 0x79, 0x00, 0x00, 0xf0, 0xff, 0xff, 0xff, 0xff, 0xff, 0x83, 0x03,
    0x00, 0xc0, 0x0f, 0x00, 0x18, 0x79, 0x00, 0x00, 0x00, 0x00, 0x00, 0x00,
    0x00, 0x00, 0x00, 0x00, 0x00, 0xc0, 0x0f, 0x00, 0x18, 0x79, 0x00, 0x00,
    0x00, 0x00, 0x00, 0x00, 0x00, 0x00, 0x00, 0x00, 0x00, 0xc0, 0x0f, 0x00,
    0x18, 0x79, 0x00, 0x00, 0x00, 0x00, 0x00, 0x00, 0x00, 0x00, 0x00, 0x00,
    0x00, 0xc0, 0x0f, 0x00, 0x18, 0x79, 0x00, 0x00, 0x00, 0x00, 0x00, 0x00,
    0x00, 0x00, 0x00, 0x00, 0x00, 0xc0, 0x0f, 0x00, 0x18, 0x79, 0x00, 0x00,
    0x00, 0x00, 0x00, 0x00, 0x00, 0x00, 0x00, 0x00, 0x00, 0xc0, 0x0f, 0x00,
    0x18, 0x79, 0x00, 0x00, 0x00, 0x00, 0x00, 0x00, 0x00, 0x00, 0x00, 0x00,
    0x00, 0xc0, 0x0f, 0x00, 0x18, 0x79, 0x00, 0x00, 0x00, 0x00, 0x00, 0x00,
    0x00, 0x00, 0x00, 0x00, 0x00, 0xc0, 0x0f, 0x00, 0x18, 0x79, 0x00, 0x00,
    0x00, 0x00, 0x00, 0x00, 0x00, 0x00, 0x00, 0x00, 0x00, 0xc0, 0x0f, 0x00,
    0x18, 0x79, 0x00, 0x00, 0x00, 0x00, 0x00, 0x00, 0x00, 0x00, 0x00, 0x00,
    0x00, 0xc0, 0x0f, 0x00, 0x18, 0x79, 0x00, 0x00, 0x00, 0x00, 0x00, 0x00,
    0x00, 0x00, 0x00, 0x00, 0x00, 0xc0, 0x0f, 0x00, 0x18, 0x79, 0x00, 0x00,
    0x00, 0x00, 0x00, 0x00, 0x00, 0x00, 0x00, 0x00, 0x00, 0xc0, 0x0f, 0x00,
    0x18, 0x79, 0x00, 0x00, 0x00, 0x00, 0x00, 0x00, 0x00, 0x00, 0x00, 0x00,
    0x00, 0xc0, 0x0f, 0x00, 0x18, 0x79, 0x00, 0x00, 0x00, 0x00, 0x00, 0x00,
    0x00, 0x00, 0x00, 0x00, 0x00, 0xc0, 0x0f, 0x00, 0x18, 0x79, 0x00, 0x00,
    0x00, 0x00, 0x00, 0x00, 0x00, 0x00, 0x00, 0x00, 0x00, 0xc0, 0x0f, 0x00,
};
static const unsigned matvec_q4k_param_off_sm86[] = { 0, 8, 16, 24, 28 };

/* matvec_q80 (matvec_q80) — 3328 B, 208 instrucciones */
static const unsigned char matvec_q80_sass_sm86[] = {
    0x02, 0x7a, 0x01, 0x00, 0x00, 0x0a, 0x00, 0x00, 0x00, 0x0f, 0x00, 0x00,
    0x00, 0xe4, 0x0f, 0x00, 0x19, 0x79, 0x02, 0x00, 0x00, 0x00, 0x00, 0x00,
    0x00, 0x25, 0x00, 0x00, 0x00, 0x28, 0x0e, 0x00, 0x19, 0x79, 0x03, 0x00,
    0x00, 0x00, 0x00, 0x00, 0x00, 0x21, 0x00, 0x00, 0x00, 0x24, 0x0e, 0x00,
    0x24, 0x7a, 0x02, 0x02, 0x00, 0x00, 0x00, 0x00, 0x03, 0x02, 0x8e, 0x07,
    0x00, 0xca, 0x1f, 0x00, 0x19, 0x78, 0x09, 0xff, 0x05, 0x00, 0x00, 0x00,
    0x02, 0x14, 0x01, 0x00, 0x00, 0xc8, 0x0f, 0x00, 0x0c, 0x7a, 0x00, 0x09,
    0x00, 0x5e, 0x00, 0x00, 0x70, 0x62, 0xf0, 0x03, 0x00, 0xda, 0x0f, 0x00,
    0x4d, 0x09, 0x00, 0x00, 0x00, 0x00, 0x00, 0x00, 0x00, 0x00, 0x80, 0x03,
    0x00, 0xea, 0x0f, 0x00, 0xb9, 0x7a, 0x05, 0x00, 0x00, 0x5f, 0x00, 0x00,
    0x00, 0x08, 0x00, 0x00, 0x00, 0xe2, 0x0f, 0x00, 0x12, 0x78, 0x02, 0x02,
    0x1f, 0x00, 0x00, 0x00, 0xff, 0xc0, 0x8e, 0x07, 0x00, 0xe2, 0x0f, 0x00,
    0x99, 0x78, 0x04, 0x3f, 0x1f, 0x00, 0x00, 0x00, 0x05, 0x14, 0x01, 0x08,
    0x00, 0xe2, 0x0f, 0x00, 0x45, 0x79, 0x00, 0x00, 0x80, 0x0a, 0x00, 0x00,
    0x00, 0x00, 0x80, 0x03, 0x00, 0xe2, 0x0f, 0x00, 0xb9, 0x7a, 0x06, 0x00,
    0x00, 0x46, 0x00, 0x00, 0x00, 0x0a, 0x00, 0x00, 0x00, 0xe2, 0x0f, 0x00,
    0x19, 0x78, 0x08, 0xff, 0x1f, 0x00, 0x00, 0x00, 0x09, 0x14, 0x01, 0x00,
    0x00, 0xe2, 0x0f, 0x00, 0x91, 0x72, 0x04, 0x04, 0x05, 0x00, 0x00, 0x00,
    0x3f, 0x28, 0x8f, 0x0f, 0x00, 0xe2, 0x0f, 0x00, 0x02, 0x72, 0x0a, 0x00,
    0xff, 0x00, 0x00, 0x00, 0x00, 0x0f, 0x00, 0x00, 0x00, 0xc6, 0x0f, 0x00,
    0x99, 0x78, 0x04, 0x3f, 0x05, 0x00, 0x00, 0x00, 0x04, 0x14, 0x01, 0x08,
    0x00, 0xcc, 0x0f, 0x00, 0x0c, 0x7c, 0x00, 0x02, 0x04, 0x00, 0x00, 0x00,
    0x70, 0x62, 0xf0, 0x0b, 0x00, 0xda, 0x0f, 0x00, 0x47, 0x09, 0x00, 0x00,
    0x00, 0x0a, 0x00, 0x00, 0x00, 0x00, 0x80, 0x03, 0x00, 0xea, 0x0f, 0x00,
    0x99, 0x78, 0x05, 0x3f, 0x1f, 0x00, 0x00, 0x00, 0x04, 0x14, 0x01, 0x08,
    0x00, 0xe2, 0x0f, 0x00, 0x02, 0x72, 0x03, 0x00, 0xff, 0x00, 0x00, 0x00,
    0x00, 0x0f, 0x00, 0x00, 0x00, 0xe2, 0x0f, 0x00, 0x24, 0x7c, 0x00, 0x08,
    0x04, 0x00, 0x00, 0x00, 0xff, 0x02, 0x8e, 0x0f, 0x00, 0xe2, 0x0f, 0x00,
    0x02, 0x78, 0x0d, 0x00, 0x24, 0x00, 0x00, 0x00, 0x00, 0x0f, 0x00, 0x00,
    0x00, 0xe4, 0x0f, 0x00, 0x02, 0x78, 0x05, 0x00, 0x80, 0x00, 0x00, 0x00,
    0x00, 0x0f, 0x00, 0x00, 0x00, 0xe2, 0x0f, 0x00, 0x25, 0x7c, 0x06, 0x09,
    0x04, 0x00, 0x00, 0x00, 0x02, 0x00, 0x8e, 0x0f, 0x00, 0xe2, 0x0f, 0x00,
    0x02, 0x72, 0x0a, 0x00, 0xff, 0x00, 0x00, 0x00, 0x00, 0x0f, 0x00, 0x00,
    0x00, 0xc6, 0x0f, 0x00, 0x24, 0x7c, 0x0b, 0x09, 0x05, 0x00, 0x00, 0x00,
    0x00, 0x02, 0x8e, 0x0f, 0x00, 0xe4, 0x0f, 0x00, 0x25, 0x76, 0x04, 0x02,
    0x00, 0x5a, 0x00, 0x00, 0x05, 0x00, 0x8e, 0x07, 0x00, 0xc6, 0x0f, 0x00,
    0x10, 0x72, 0x00, 0x07, 0x0b, 0x00, 0x00, 0x00, 0xff, 0xe0, 0xff, 0x07,
    0x00, 0xe2, 0x0f, 0x00, 0x25, 0x76, 0x06, 0x06, 0x00, 0x58, 0x00, 0x00,
    0x0d, 0x00, 0x8e, 0x07, 0x00, 0xe2, 0x0f, 0x00, 0x10, 0x78, 0x04, 0x04,
    0x40, 0x00, 0x00, 0x00, 0xff, 0xe0, 0xf3, 0x07, 0x00, 0xc6, 0x0f, 0x00,
    0x24, 0x78, 0x0b, 0x00, 0x24, 0x00, 0x00, 0x00, 0xff, 0x02, 0x8e, 0x07,
    0x00, 0xe2, 0x0f, 0x00, 0x10, 0x78, 0x06, 0x06, 0x11, 0x00, 0x00, 0x00,
    0xff, 0xe0, 0xf1, 0x07, 0x00, 0xe4, 0x0f, 0x00, 0x10, 0x72, 0x05, 0xff,
    0x05, 0x00, 0x00, 0x00, 0xff, 0xe4, 0xff, 0x00, 0x00, 0xe4, 0x0f, 0x00,
    0x10, 0x72, 0x07, 0x07, 0x0b, 0x00, 0x00, 0x00, 0xff, 0xe4, 0x7f, 0x00,
    0x00, 0xe4, 0x0f, 0x00, 0x02, 0x72, 0x0b, 0x00, 0x02, 0x00, 0x00, 0x00,
    0x00, 0x0f, 0x00, 0x00, 0x00, 0xc6, 0x0f, 0x00, 0x81, 0x79, 0x00, 0x06,
    0x06, 0xf3, 0xff, 0xff, 0x00, 0x13, 0x1e, 0x0c, 0x00, 0xa8, 0x0e, 0x00,
    0x81, 0x79, 0x1c, 0x06, 0x06, 0xf4, 0xff, 0xff, 0x00, 0x13, 0x1e, 0x0c,
    0x00, 0xe8, 0x0e, 0x00, 0x81, 0x79, 0x1d, 0x06, 0x06, 0xf5, 0xff, 0xff,
    0x00, 0x13, 0x1e, 0x0c, 0x00, 0x28, 0x0f, 0x00, 0x81, 0x79, 0x17, 0x06,
    0x06, 0xf6, 0xff, 0xff, 0x00, 0x13, 0x1e, 0x0c, 0x00, 0x68, 0x0f, 0x00,
    0x81, 0x79, 0x15, 0x06, 0x06, 0xf7, 0xff, 0xff, 0x00, 0x13, 0x1e, 0x0c,
    0x00, 0x28, 0x0f, 0x00, 0x81, 0x79, 0x1f, 0x04, 0x06, 0xc0, 0xff, 0xff,
    0x00, 0x19, 0x1e, 0x0c, 0x00, 0x68, 0x0f, 0x00, 0x81, 0x79, 0x11, 0x06,
    0x06, 0xf8, 0xff, 0xff, 0x00, 0x13, 0x1e, 0x0c, 0x00, 0x68, 0x0f, 0x00,
    0x81, 0x79, 0x19, 0x04, 0x06, 0xc4, 0xff, 0xff, 0x00, 0x19, 0x1e, 0x0c,
    0x00, 0x68, 0x0f, 0x00, 0x81, 0x79, 0x18, 0x04, 0x06, 0xc8, 0xff, 0xff,
    0x00, 0x19, 0x1e, 0x0c, 0x00, 0x68, 0x0f, 0x00, 0x81, 0x79, 0x14, 0x04,
    0x06, 0xcc, 0xff, 0xff, 0x00, 0x19, 0x1e, 0x0c, 0x00, 0x68, 0x0f, 0x00,
    0x81, 0x79, 0x16, 0x06, 0x06, 0xf9, 0xff, 0xff, 0x00, 0x13, 0x1e, 0x0c,
    0x00, 0x68, 0x0f, 0x00, 0x81, 0x79, 0x12, 0x04, 0x06, 0xd0, 0xff, 0xff,
    0x00, 0x19, 0x1e, 0x0c, 0x00, 0x68, 0x0f, 0x00, 0x81, 0x79, 0x10, 0x06,
    0x06, 0xfa, 0xff, 0xff, 0x00, 0x13, 0x1e, 0x0c, 0x00, 0x68, 0x0f, 0x00,
    0x81, 0x79, 0x0e, 0x04, 0x06, 0xd4, 0xff, 0xff, 0x00, 0x19, 0x1e, 0x0c,
    0x00, 0x68, 0x0f, 0x00, 0x81, 0x79, 0x13, 0x06, 0x06, 0xfb, 0xff, 0xff,
    0x00, 0x13, 0x1e, 0x0c, 0x00, 0x68, 0x0f, 0x00, 0x81, 0x79, 0x0f, 0x04,
    0x06, 0xd8, 0xff, 0xff, 0x00, 0x19, 0x1e, 0x0c, 0x00, 0x68, 0x0f, 0x00,
    0x81, 0x79, 0x0d, 0x04, 0x06, 0xdc, 0xff, 0xff, 0x00, 0x19, 0x1e, 0x0c,
    0x00, 0x68, 0x0f, 0x00, 0x81, 0x79, 0x1b, 0x06, 0x06, 0xfc, 0xff, 0xff,
    0x00, 0x13, 0x1e, 0x0c, 0x00, 0x68, 0x0f, 0x00, 0x81, 0x79, 0x0c, 0x04,
    0x06, 0xe0, 0xff, 0xff, 0x00, 0x19, 0x1e, 0x0c, 0x00, 0x68, 0x0f, 0x00,
    0x81, 0x79, 0x22, 0x04, 0x06, 0xe4, 0xff, 0xff, 0x00, 0x19, 0x1e, 0x0c,
    0x00, 0x68, 0x0f, 0x00, 0x81, 0x79, 0x23, 0x06, 0x06, 0xfd, 0xff, 0xff,
    0x00, 0x13, 0x1e, 0x0c, 0x00, 0x68, 0x0f, 0x00, 0x81, 0x79, 0x20, 0x06,
    0x06, 0xfe, 0xff, 0xff, 0x00, 0x13, 0x1e, 0x0c, 0x00, 0x68, 0x0f, 0x00,
    0x81, 0x79, 0x24, 0x06, 0x06, 0xff, 0xff, 0xff, 0x00, 0x13, 0x1e, 0x0c,
    0x00, 0x68, 0x0f, 0x00, 0x81, 0x79, 0x1e, 0x06, 0x06, 0x04, 0x00, 0x00,
    0x00, 0x13, 0x1e, 0x0c, 0x00, 0x62, 0x0f, 0x00, 0x06, 0x73, 0x00, 0x00,
    0x00, 0x00, 0x00, 0x00, 0x00, 0x14, 0x10, 0x00, 0x00, 0x70, 0x4f, 0x00,
    0x06, 0x73, 0x21, 0x00, 0x1c, 0x00, 0x00, 0x00, 0x00, 0x14, 0x10, 0x00,
    0x00, 0x70, 0x80, 0x00, 0x06, 0x73, 0x1d, 0x00, 0x1d, 0x00, 0x00, 0x00,
    0x00, 0x14, 0x10, 0x00, 0x00, 0xa2, 0x0e, 0x01, 0x81, 0x79, 0x1c, 0x04,
    0x06, 0xf0, 0xff, 0xff, 0x00, 0x19, 0x1e, 0x0c, 0x00, 0xe2, 0x1e, 0x00,
    0x23, 0x72, 0x1a, 0x00, 0x1f, 0x00, 0x00, 0x00, 0xff, 0x00, 0x00, 0x00,
    0x00, 0xc6, 0x0f, 0x02, 0x81, 0x79, 0x1f, 0x04, 0x06, 0xe8, 0xff, 0xff,
    0x00, 0x19, 0x1e, 0x0c, 0x00, 0x26, 0x0f, 0x00, 0x06, 0x73, 0x17, 0x00,
    0x17, 0x00, 0x00, 0x00, 0x00, 0x14, 0x10, 0x00, 0x00, 0x22, 0x0e, 0x00,
    0x23, 0x72, 0x1a, 0x21, 0x19, 0x00, 0x00, 0x00, 0x1a, 0x00, 0x00, 0x00,
    0x00, 0xe4, 0x2f, 0x00, 0x81, 0x79, 0x19, 0x06, 0x06, 0x00, 0x00, 0x00,
    0x00, 0x13, 0x1e, 0x0c, 0x00, 0x6a, 0x0f, 0x00, 0x06, 0x73, 0x15, 0x00,
    0x15, 0x00, 0x00, 0x00, 0x00, 0x14, 0x10, 0x00, 0x00, 0x62, 0x0e, 0x00,
    0x23, 0x72, 0x18, 0x1d, 0x18, 0x00, 0x00, 0x00, 0x1a, 0x00, 0x00, 0x00,
    0x00, 0xe2, 0x4f, 0x00, 0x81, 0x79, 0x21, 0x06, 0x06, 0x03, 0x00, 0x00,
    0x00, 0x13, 0x1e, 0x0c, 0x00, 0xa8, 0x0e, 0x00, 0x81, 0x79, 0x1a, 0x06,
    0x06, 0x01, 0x00, 0x00, 0x00, 0x13, 0x1e, 0x0c, 0x00, 0xa4, 0x0e, 0x00,
    0x06, 0x73, 0x11, 0x00, 0x11, 0x00, 0x00, 0x00, 0x00, 0x14, 0x10, 0x00,
    0x00, 0x62, 0x0e, 0x00, 0x23, 0x72, 0x14, 0x17, 0x14, 0x00, 0x00, 0x00,
    0x18, 0x00, 0x00, 0x00, 0x00, 0xe2, 0x1f, 0x00, 0x81, 0x79, 0x1d, 0x04,
    0x06, 0xec, 0xff, 0xff, 0x00, 0x19, 0x1e, 0x0c, 0x00, 0xe8, 0x0e, 0x00,
    0x81, 0x79, 0x18, 0x06, 0x06, 0x02, 0x00, 0x00, 0x00, 0x13, 0x1e, 0x0c,
    0x00, 0xe4, 0x0e, 0x00, 0x06, 0x73, 0x00, 0x00, 0x16, 0x00, 0x00, 0x00,
    0x00, 0x14, 0x10, 0x00, 0x00, 0x22, 0x0e, 0x00, 0x23, 0x72, 0x12, 0x15,
    0x12, 0x00, 0x00, 0x00, 0x14, 0x00, 0x00, 0x00, 0x00, 0xe2, 0x2f, 0x00,
    0x81, 0x79, 0x17, 0x04, 0x06, 0x0c, 0x00, 0x00, 0x00, 0x19, 0x1e, 0x0c,
    0x00, 0xe8, 0x0e, 0x00, 0x81, 0x79, 0x15, 0x04, 0x06, 0xf8, 0xff, 0xff,
    0x00, 0x19, 0x1e, 0x0c, 0x00, 0xe4, 0x0e, 0x00, 0x06, 0x73, 0x10, 0x00,
    0x10, 0x00, 0x00, 0x00, 0x00, 0x14, 0x10, 0x00, 0x00, 0x62, 0x0e, 0x00,
    0x23, 0x72, 0x11, 0x11, 0x0e, 0x00, 0x00, 0x00, 0x12, 0x00, 0x00, 0x00,
    0x00, 0xe2, 0x0f, 0x00, 0x81, 0x79, 0x14, 0x06, 0x06, 0x05, 0x00, 0x00,
    0x00, 0x13, 0x1e, 0x0c, 0x00, 0xe8, 0x0e, 0x00, 0x81, 0x79, 0x0e, 0x04,
    0x06, 0xf4, 0xff, 0xff, 0x00, 0x19, 0x1e, 0x0c, 0x00, 0xe4, 0x0e, 0x00,
    0x06, 0x73, 0x13, 0x00, 0x13, 0x00, 0x00, 0x00, 0x00, 0x14, 0x10, 0x00,
    0x00, 0x62, 0x0e, 0x00, 0x23, 0x72, 0x0f, 0x00, 0x0f, 0x00, 0x00, 0x00,
    0x11, 0x00, 0x00, 0x00, 0x00, 0xe2, 0x1f, 0x00, 0x81, 0x79, 0x16, 0x06,
    0x06, 0x06, 0x00, 0x00, 0x00, 0x13, 0x1e, 0x0c, 0x00, 0xe8, 0x0e, 0x00,
    0x81, 0x79, 0x11, 0x04, 0x06, 0xfc, 0xff, 0xff, 0x00, 0x19, 0x1e, 0x0c,
    0x00, 0xe2, 0x0e, 0x00, 0x23, 0x72, 0x00, 0x10, 0x0d, 0x00, 0x00, 0x00,
    0x0f, 0x00, 0x00, 0x00, 0x00, 0xc6, 0x2f, 0x00, 0x81, 0x79, 0x12, 0x04,
    0x06, 0x00, 0x00, 0x00, 0x00, 0x19, 0x1e, 0x0c, 0x00, 0xe2, 0x0e, 0x00,
    0x06, 0x73, 0x1b, 0x00, 0x1b, 0x00, 0x00, 0x00, 0x00, 0x14, 0x10, 0x00,
    0x00, 0x26, 0x0e, 0x00, 0x81, 0x79, 0x10, 0x06, 0x06, 0x07, 0x00, 0x00,
    0x00, 0x13, 0x1e, 0x0c, 0x00, 0xe2, 0x0e, 0x00, 0x23, 0x72, 0x0d, 0x13,
    0x0c, 0x00, 0x00, 0x00, 0x00, 0x00, 0x00, 0x00, 0x00, 0xc6, 0x0f, 0x00,
    0x81, 0x79, 0x13, 0x04, 0x06, 0x04, 0x00, 0x00, 0x00, 0x19, 0x1e, 0x0c,
    0x00, 0xe8, 0x0e, 0x00, 0x81, 0x79, 0x0c, 0x04, 0x06, 0x08, 0x00, 0x00,
    0x00, 0x19, 0x1e, 0x0c, 0x00, 0xe8, 0x0e, 0x00, 0x81, 0x79, 0x0f, 0x06,
    0x06, 0x08, 0x00, 0x00, 0x00, 0x13, 0x1e, 0x0c, 0x00, 0xe2, 0x0e, 0x00,
    0x23, 0x72, 0x22, 0x1b, 0x22, 0x00, 0x00, 0x00, 0x0d, 0x00, 0x00, 0x00,
    0x00, 0xc6, 0x1f, 0x00, 0x81, 0x79, 0x0d, 0x04, 0x06, 0x10, 0x00, 0x00,
    0x00, 0x19, 0x1e, 0x0c, 0x00, 0xe8, 0x0e, 0x00, 0x81, 0x79, 0x00, 0x04,
    0x06, 0x14, 0x00, 0x00, 0x00, 0x19, 0x1e, 0x0c, 0x00, 0xe2, 0x0e, 0x00,
    0x06, 0x73, 0x23, 0x00, 0x23, 0x00, 0x00, 0x00, 0x00, 0x14, 0x10, 0x00,
    0x00, 0x30, 0x0f, 0x00, 0x06, 0x73, 0x20, 0x00, 0x20, 0x00, 0x00, 0x00,
    0x00, 0x14, 0x10, 0x00, 0x00, 0xf0, 0x0e, 0x00, 0x06, 0x73, 0x1b, 0x00,
    0x24, 0x00, 0x00, 0x00, 0x00, 0x14, 0x10, 0x00, 0x00, 0x30, 0x0e, 0x00,
    0x06, 0x73, 0x1e, 0x00, 0x1e, 0x00, 0x00, 0x00, 0x00, 0x14, 0x10, 0x00,
    0x00, 0xe2, 0x0f, 0x00, 0x23, 0x72, 0x1f, 0x23, 0x1f, 0x00, 0x00, 0x00,
    0x22, 0x00, 0x00, 0x00, 0x00, 0xce, 0x0f, 0x01, 0x06, 0x73, 0x19, 0x00,
    0x19, 0x00, 0x00, 0x00, 0x00, 0x14, 0x10, 0x00, 0x00, 0x70, 0x0e, 0x02,
    0x06, 0x73, 0x1a, 0x00, 0x1a, 0x00, 0x00, 0x00, 0x00, 0x14, 0x10, 0x00,
    0x00, 0xa2, 0x4e, 0x00, 0x23, 0x72, 0x22, 0x20, 0x1d, 0x00, 0x00, 0x00,
    0x1f, 0x00, 0x00, 0x00, 0x00, 0xe4, 0x8f, 0x00, 0x81, 0x79, 0x1d, 0x06,
    0x06, 0x09, 0x00, 0x00, 0x00, 0x13, 0x1e, 0x0c, 0x00, 0x2a, 0x07, 0x00,
    0x06, 0x73, 0x18, 0x00, 0x18, 0x00, 0x00, 0x00, 0x00, 0x14, 0x10, 0x00,
    0x00, 0x62, 0x0f, 0x00, 0x23, 0x72, 0x1c, 0x1b, 0x1c, 0x00, 0x00, 0x00,
    0x22, 0x00, 0x00, 0x00, 0x00, 0xc4, 0x1f, 0x00, 0x81, 0x79, 0x1b, 0x06,
    0x06, 0x0a, 0x00, 0x00, 0x00, 0x13, 0x1e, 0x0c, 0x00, 0x28, 0x07, 0x00,
    0x81, 0x79, 0x22, 0x04, 0x06, 0x38, 0x00, 0x00, 0x00, 0x19, 0x1e, 0x0c,
    0x00, 0x22, 0x01, 0x00, 0x06, 0x73, 0x21, 0x00, 0x21, 0x00, 0x00, 0x00,
    0x00, 0x14, 0x10, 0x00, 0x00, 0x22, 0x0e, 0x00, 0x23, 0x72, 0x1f, 0x19,
    0x0e, 0x00, 0x00, 0x00, 0x1c, 0x00, 0x00, 0x00, 0x00, 0xe4, 0x2f, 0x00,
    0x81, 0x79, 0x0e, 0x06, 0x06, 0x0b, 0x00, 0x00, 0x00, 0x13, 0x1e, 0x0c,
    0x00, 0x2a, 0x07, 0x00, 0x06, 0x73, 0x19, 0x00, 0x14, 0x00, 0x00, 0x00,
    0x00, 0x14, 0x10, 0x00, 0x00, 0x62, 0x02, 0x00, 0x23, 0x72, 0x23, 0x1a,
    0x15, 0x00, 0x00, 0x00, 0x1f, 0x00, 0x00, 0x00, 0x00, 0xe2, 0x4f, 0x00,
    0x81, 0x79, 0x1c, 0x06, 0x06, 0x0c, 0x00, 0x00, 0x00, 0x13, 0x1e, 0x0c,
    0x00, 0xa6, 0x06, 0x00, 0x23, 0x72, 0x20, 0x18, 0x11, 0x00, 0x00, 0x00,
    0x23, 0x00, 0x00, 0x00, 0x00, 0xe2, 0x0f, 0x02, 0x81, 0x79, 0x1a, 0x06,
    0x06, 0x0d, 0x00, 0x00, 0x00, 0x13, 0x1e, 0x0c, 0x00, 0x64, 0x07, 0x00,
    0x06, 0x73, 0x16, 0x00, 0x16, 0x00, 0x00, 0x00, 0x00, 0x14, 0x10, 0x00,
    0x00, 0x64, 0x0e, 0x00, 0x81, 0x79, 0x1f, 0x04, 0x06, 0x18, 0x00, 0x00,
    0x00, 0x19, 0x1e, 0x0c, 0x00, 0x62, 0x03, 0x00, 0x23, 0x72, 0x21, 0x21,
    0x12, 0x00, 0x00, 0x00, 0x20, 0x00, 0x00, 0x00, 0x00, 0xc6, 0x1f, 0x00,
    0x81, 0x79, 0x15, 0x06, 0x06, 0x0e, 0x00, 0x00, 0x00, 0x13, 0x1e, 0x0c,
    0x00, 0x68, 0x07, 0x00, 0x81, 0x79, 0x11, 0x04, 0x06, 0x1c, 0x00, 0x00,
    0x00, 0x19, 0x1e, 0x0c, 0x00, 0x62, 0x01, 0x00, 0x06, 0x73, 0x20, 0x00,
    0x10, 0x00, 0x00, 0x00, 0x00, 0x14, 0x10, 0x00, 0x00, 0x22, 0x0e, 0x00,
    0x23, 0x72, 0x1e, 0x1e, 0x13, 0x00, 0x00, 0x00, 0x21, 0x00, 0x00, 0x00,
    0x00, 0xe4, 0x0f, 0x00, 0x81, 0x79, 0x18, 0x06, 0x06, 0x0f, 0x00, 0x00,
    0x00, 0x13, 0x1e, 0x0c, 0x00, 0x68, 0x07, 0x00, 0x81, 0x79, 0x14, 0x04,
    0x06, 0x20, 0x00, 0x00, 0x00, 0x19, 0x1e, 0x0c, 0x00, 0x62, 0x23, 0x00,
    0x23, 0x72, 0x21, 0x19, 0x0c, 0x00, 0x00, 0x00, 0x1e, 0x00, 0x00, 0x00,
    0x00, 0xc6, 0x0f, 0x00, 0x81, 0x79, 0x12, 0x06, 0x06, 0x10, 0x00, 0x00,
    0x00, 0x13, 0x1e, 0x0c, 0x00, 0x68, 0x07, 0x00, 0x81, 0x79, 0x13, 0x04,
    0x06, 0x24, 0x00, 0x00, 0x00, 0x19, 0x1e, 0x0c, 0x00, 0x62, 0x03, 0x00,
    0x06, 0x73, 0x0f, 0x00, 0x0f, 0x00, 0x00, 0x00, 0x00, 0x14, 0x10, 0x00,
    0x00, 0x26, 0x0e, 0x00, 0x81, 0x79, 0x0c, 0x06, 0x06, 0x11, 0x00, 0x00,
    0x00, 0x13, 0x1e, 0x0c, 0x00, 0x62, 0x07, 0x00, 0x23, 0x72, 0x17, 0x16,
    0x17, 0x00, 0x00, 0x00, 0x21, 0x00, 0x00, 0x00, 0x00, 0xc6, 0x0f, 0x00,
    0x81, 0x79, 0x1e, 0x04, 0x06, 0x28, 0x00, 0x00, 0x00, 0x19, 0x1e, 0x0c,
    0x00, 0x68, 0x03, 0x00, 0x81, 0x79, 0x19, 0x04, 0x06, 0x2c, 0x00, 0x00,
    0x00, 0x19, 0x1e, 0x0c, 0x00, 0x68, 0x03, 0x00, 0x81, 0x79, 0x16, 0x06,
    0x06, 0x12, 0x00, 0x00, 0x00, 0x13, 0x1e, 0x0c, 0x00, 0x62, 0x07, 0x00,
    0x23, 0x72, 0x24, 0x20, 0x0d, 0x00, 0x00, 0x00, 0x17, 0x00, 0x00, 0x00,
    0x00, 0xc6, 0x1f, 0x00, 0x81, 0x79, 0x10, 0x04, 0x06, 0x30, 0x00, 0x00,
    0x00, 0x19, 0x1e, 0x0c, 0x00, 0x68, 0x03, 0x00, 0x81, 0x79, 0x0d, 0x06,
    0x06, 0xef, 0xff, 0xff, 0x00, 0x11, 0x1e, 0x0c, 0x00, 0x68, 0x07, 0x00,
    0x81, 0x79, 0x20, 0x06, 0x06, 0xf0, 0xff, 0xff, 0x00, 0x11, 0x1e, 0x0c,
    0x00, 0x68, 0x07, 0x00, 0x81, 0x79, 0x17, 0x04, 0x06, 0x34, 0x00, 0x00,
    0x00, 0x19, 0x1e, 0x0c, 0x00, 0x62, 0x03, 0x00, 0x23, 0x72, 0x24, 0x0f,
    0x00, 0x00, 0x00, 0x00, 0x24, 0x00, 0x00, 0x00, 0x00, 0xc6, 0x0f, 0x00,
    0x81, 0x79, 0x21, 0x06, 0x06, 0xf1, 0xff, 0xff, 0x00, 0x11, 0x1e, 0x0c,
    0x00, 0x68, 0x07, 0x00, 0x81, 0x79, 0x0f, 0x06, 0x06, 0xf2, 0xff, 0xff,
    0x00, 0x11, 0x1e, 0x0c, 0x00, 0x68, 0x07, 0x00, 0x81, 0x79, 0x00, 0x04,
    0x06, 0x3c, 0x00, 0x00, 0x00, 0x19, 0x1e, 0x0c, 0x00, 0x62, 0x03, 0x00,
    0x10, 0x78, 0x0b, 0x0b, 0x20, 0x00, 0x00, 0x00, 0xff, 0xe0, 0xff, 0x07,
    0x00, 0xc8, 0x0f, 0x00, 0x0c, 0x7c, 0x00, 0x0b, 0x04, 0x00, 0x00, 0x00,
    0x70, 0x62, 0xf0, 0x0b, 0x00, 0xe4, 0x0f, 0x00, 0x10, 0x78, 0x06, 0x06,
    0x80, 0x04, 0x00, 0x00, 0xff, 0xe0, 0xf3, 0x07, 0x00, 0xe4, 0x8f, 0x00,
    0x10, 0x78, 0x04, 0x04, 0x00, 0x10, 0x00, 0x00, 0xff, 0xe0, 0xf5, 0x07,
    0x00, 0xe4, 0x2f, 0x00, 0x10, 0x72, 0x07, 0xff, 0x07, 0x00, 0x00, 0x00,
    0xff, 0xe4, 0xff, 0x00, 0x00, 0xe4, 0x0f, 0x00, 0x10, 0x72, 0x05, 0xff,
    0x05, 0x00, 0x00, 0x00, 0xff, 0xe4, 0x7f, 0x01, 0x00, 0xe2, 0x0f, 0x00,
    0x06, 0x73, 0x1d, 0x00, 0x1d, 0x00, 0x00, 0x00, 0x00, 0x14, 0x10, 0x00,
    0x00, 0x70, 0x0f, 0x01, 0x06, 0x73, 0x1b, 0x00, 0x1b, 0x00, 0x00, 0x00,
    0x00, 0x14, 0x10, 0x00, 0x00, 0x30, 0x0e, 0x00, 0x06, 0x73, 0x23, 0x00,
    0x0e, 0x00, 0x00, 0x00, 0x00, 0x14, 0x10, 0x00, 0x00, 0x70, 0x0e, 0x00,
    0x06, 0x73, 0x1c, 0x00, 0x1c, 0x00, 0x00, 0x00, 0x00, 0x14, 0x10, 0x00,
    0x00, 0xa2, 0x4e, 0x00, 0x23, 0x72, 0x24, 0x1d, 0x1f, 0x00, 0x00, 0x00,
    0x24, 0x00, 0x00, 0x00, 0x00, 0xce, 0x0f, 0x02, 0x06, 0x73, 0x25, 0x00,
    0x1a, 0x00, 0x00, 0x00, 0x00, 0x14, 0x10, 0x00, 0x00, 0xe2, 0x0e, 0x00,
    0x23, 0x72, 0x24, 0x1b, 0x11, 0x00, 0x00, 0x00, 0x24, 0x00, 0x00, 0x00,
    0x00, 0xce, 0x1f, 0x00, 0x06, 0x73, 0x15, 0x00, 0x15, 0x00, 0x00, 0x00,
    0x00, 0x14, 0x10, 0x00, 0x00, 0x22, 0x0e, 0x00, 0x23, 0x72, 0x23, 0x23,
    0x14, 0x00, 0x00, 0x00, 0x24, 0x00, 0x00, 0x00, 0x00, 0xce, 0x2f, 0x00,
    0x06, 0x73, 0x1f, 0x00, 0x18, 0x00, 0x00, 0x00, 0x00, 0x14, 0x10, 0x00,
    0x00, 0x62, 0x0e, 0x00, 0x23, 0x72, 0x14, 0x1c, 0x13, 0x00, 0x00, 0x00,
    0x23, 0x00, 0x00, 0x00, 0x00, 0xce, 0x4f, 0x00, 0x06, 0x73, 0x12, 0x00,
    0x12, 0x00, 0x00, 0x00, 0x00, 0x14, 0x10, 0x00, 0x00, 0xa2, 0x0e, 0x00,
    0x23, 0x72, 0x14, 0x25, 0x1e, 0x00, 0x00, 0x00, 0x14, 0x00, 0x00, 0x00,
    0x00, 0xce, 0x8f, 0x00, 0x06, 0x73, 0x0c, 0x00, 0x0c, 0x00, 0x00, 0x00,
    0x00, 0x14, 0x10, 0x00, 0x00, 0xe2, 0x0e, 0x00, 0x23, 0x72, 0x14, 0x15,
    0x19, 0x00, 0x00, 0x00, 0x14, 0x00, 0x00, 0x00, 0x00, 0xce, 0x1f, 0x00,
    0x06, 0x73, 0x16, 0x00, 0x16, 0x00, 0x00, 0x00, 0x00, 0x14, 0x10, 0x00,
    0x00, 0x22, 0x0e, 0x00, 0x23, 0x72, 0x1f, 0x1f, 0x10, 0x00, 0x00, 0x00,
    0x14, 0x00, 0x00, 0x00, 0x00, 0xe2, 0x2f, 0x00, 0x16, 0x78, 0x20, 0x20,
    0x04, 0x76, 0x00, 0x00, 0x0d, 0x00, 0x00, 0x00, 0x00, 0xc6, 0x0f, 0x00,
    0x23, 0x72, 0x17, 0x12, 0x17, 0x00, 0x00, 0x00, 0x1f, 0x00, 0x00, 0x00,
    0x00, 0xe2, 0x4f, 0x00, 0x16, 0x78, 0x20, 0x21, 0x54, 0x70, 0x00, 0x00,
    0x20, 0x00, 0x00, 0x00, 0x00, 0xc6, 0x0f, 0x00, 0x23, 0x72, 0x17, 0x0c,
    0x22, 0x00, 0x00, 0x00, 0x17, 0x00, 0x00, 0x00, 0x00, 0xe2, 0x8f, 0x00,
    0x16, 0x78, 0x0f, 0x0f, 0x54, 0x06, 0x00, 0x00, 0x20, 0x00, 0x00, 0x00,
    0x00, 0xc6, 0x0f, 0x00, 0x23, 0x72, 0x17, 0x16, 0x00, 0x00, 0x00, 0x00,
    0x17, 0x00, 0x00, 0x00, 0x00, 0xc8, 0x1f, 0x00, 0x23, 0x72, 0x0a, 0x17,
    0x0f, 0x00, 0x00, 0x00, 0x0a, 0x00, 0x00, 0x00, 0x00, 0xe2, 0x0f, 0x00,
    0x47, 0x89, 0x00, 0x00, 0x10, 0xf7, 0xff, 0xff, 0xff, 0xff, 0x83, 0x03,
    0x00, 0xea, 0x0f, 0x00, 0x41, 0x79, 0x00, 0x00, 0x00, 0x00, 0x00, 0x00,
    0x00, 0x00, 0x80, 0x03, 0x00, 0xea, 0x0f, 0x00, 0x89, 0x7f, 0x03, 0x0a,
    0x00, 0x1f, 0x00, 0x0a, 0x00, 0x00, 0x0e, 0x00, 0x00, 0x22, 0x0e, 0x00,
    0x0c, 0x72, 0x00, 0x02, 0xff, 0x00, 0x00, 0x00, 0x70, 0x52, 0xf0, 0x03,
    0x00, 0xe2, 0x0f, 0x00, 0x21, 0x72, 0x03, 0x03, 0x0a, 0x00, 0x00, 0x00,
    0x00, 0x00, 0x00, 0x00, 0x00, 0xca, 0x1f, 0x00, 0x89, 0x7f, 0x00, 0x03,
    0x00, 0x1f, 0x00, 0x09, 0x00, 0x00, 0x0e, 0x00, 0x00, 0x24, 0x0e, 0x00,
    0x21, 0x72, 0x00, 0x03, 0x00, 0x00, 0x00, 0x00, 0x00, 0x00, 0x00, 0x00,
    0x00, 0xca, 0x1f, 0x00, 0x89, 0x7f, 0x05, 0x00, 0x00, 0x1f, 0x80, 0x08,
    0x00, 0x00, 0x0e, 0x00, 0x00, 0x24, 0x0e, 0x00, 0x21, 0x72, 0x05, 0x00,
    0x05, 0x00, 0x00, 0x00, 0x00, 0x00, 0x00, 0x00, 0x00, 0xca, 0x1f, 0x00,
    0x89, 0x7f, 0x04, 0x05, 0x00, 0x1f, 0x40, 0x08, 0x00, 0x00, 0x0e, 0x00,
    0x00, 0x24, 0x0e, 0x00, 0x21, 0x72, 0x04, 0x05, 0x04, 0x00, 0x00, 0x00,
    0x00, 0x00, 0x00, 0x00, 0x00, 0xca, 0x1f, 0x00, 0x89, 0x7f, 0x07, 0x04,
    0x00, 0x1f, 0x20, 0x08, 0x00, 0x00, 0x0e, 0x00, 0x00, 0x62, 0x00, 0x00,
    0x4d, 0x09, 0x00, 0x00, 0x00, 0x00, 0x00, 0x00, 0x00, 0x00, 0x80, 0x03,
    0x00, 0xea, 0x0f, 0x00, 0x11, 0x7a, 0x02, 0x09, 0x00, 0x5c, 0x00, 0x00,
    0xff, 0x10, 0x80, 0x07, 0x00, 0xe2, 0x0f, 0x00, 0x21, 0x72, 0x07, 0x04,
    0x07, 0x00, 0x00, 0x00, 0x00, 0x00, 0x00, 0x00, 0x00, 0xc6, 0x2f, 0x00,
    0x11, 0x7a, 0x03, 0x09, 0x00, 0x5d, 0x00, 0x00, 0x08, 0x14, 0x0f, 0x00,
    0x00, 0xca, 0x0f, 0x00, 0x86, 0x79, 0x00, 0x02, 0x07, 0x00, 0x00, 0x00,
    0x06, 0x19, 0x10, 0x0c, 0x00, 0xe2, 0x0f, 0x00, 0x4d, 0x79, 0x00, 0x00,
    0x00, 0x00, 0x00, 0x00, 0x00, 0x00, 0x80, 0x03, 0x00, 0xea, 0x0f, 0x00,
    0x47, 0x79, 0x00, 0x00, 0xf0, 0xff, 0xff, 0xff, 0xff, 0xff, 0x83, 0x03,
    0x00, 0xc0, 0x0f, 0x00, 0x18, 0x79, 0x00, 0x00, 0x00, 0x00, 0x00, 0x00,
    0x00, 0x00, 0x00, 0x00, 0x00, 0xc0, 0x0f, 0x00, 0x18, 0x79, 0x00, 0x00,
    0x00, 0x00, 0x00, 0x00, 0x00, 0x00, 0x00, 0x00, 0x00, 0xc0, 0x0f, 0x00,
    0x18, 0x79, 0x00, 0x00, 0x00, 0x00, 0x00, 0x00, 0x00, 0x00, 0x00, 0x00,
    0x00, 0xc0, 0x0f, 0x00, 0x18, 0x79, 0x00, 0x00, 0x00, 0x00, 0x00, 0x00,
    0x00, 0x00, 0x00, 0x00, 0x00, 0xc0, 0x0f, 0x00, 0x18, 0x79, 0x00, 0x00,
    0x00, 0x00, 0x00, 0x00, 0x00, 0x00, 0x00, 0x00, 0x00, 0xc0, 0x0f, 0x00,
    0x18, 0x79, 0x00, 0x00, 0x00, 0x00, 0x00, 0x00, 0x00, 0x00, 0x00, 0x00,
    0x00, 0xc0, 0x0f, 0x00, 0x18, 0x79, 0x00, 0x00, 0x00, 0x00, 0x00, 0x00,
    0x00, 0x00, 0x00, 0x00, 0x00, 0xc0, 0x0f, 0x00, 0x18, 0x79, 0x00, 0x00,
    0x00, 0x00, 0x00, 0x00, 0x00, 0x00, 0x00, 0x00, 0x00, 0xc0, 0x0f, 0x00,
    0x18, 0x79, 0x00, 0x00, 0x00, 0x00, 0x00, 0x00, 0x00, 0x00, 0x00, 0x00,
    0x00, 0xc0, 0x0f, 0x00, 0x18, 0x79, 0x00, 0x00, 0x00, 0x00, 0x00, 0x00,
    0x00, 0x00, 0x00, 0x00, 0x00, 0xc0, 0x0f, 0x00, 0x18, 0x79, 0x00, 0x00,
    0x00, 0x00, 0x00, 0x00, 0x00, 0x00, 0x00, 0x00, 0x00, 0xc0, 0x0f, 0x00,
    0x18, 0x79, 0x00, 0x00, 0x00, 0x00, 0x00, 0x00, 0x00, 0x00, 0x00, 0x00,
    0x00, 0xc0, 0x0f, 0x00,
};
static const unsigned matvec_q80_param_off_sm86[] = { 0, 8, 16, 24, 28 };

/* matmul (matmul_xwt_f32) — 5504 B, 344 instrucciones */
static const unsigned char matmul_sass_sm86[] = {
    0x02, 0x7a, 0x01, 0x00, 0x00, 0x0a, 0x00, 0x00, 0x00, 0x0f, 0x00, 0x00,
    0x00, 0xe4, 0x0f, 0x00, 0x19, 0x79, 0x00, 0x00, 0x00, 0x00, 0x00, 0x00,
    0x00, 0x26, 0x00, 0x00, 0x00, 0x24, 0x0e, 0x00, 0x0c, 0x7a, 0x00, 0x00,
    0x00, 0x60, 0x00, 0x00, 0x70, 0x62, 0xf0, 0x03, 0x00, 0xda, 0x1f, 0x00,
    0x4d, 0x09, 0x00, 0x00, 0x00, 0x00, 0x00, 0x00, 0x00, 0x00, 0x80, 0x03,
    0x00, 0xea, 0x0f, 0x00, 0x19, 0x79, 0x22, 0x00, 0x00, 0x00, 0x00, 0x00,
    0x00, 0x25, 0x00, 0x00, 0x00, 0x28, 0x0e, 0x00, 0x19, 0x79, 0x03, 0x00,
    0x00, 0x00, 0x00, 0x00, 0x00, 0x21, 0x00, 0x00, 0x00, 0x24, 0x0e, 0x00,
    0x24, 0x7a, 0x22, 0x22, 0x00, 0x00, 0x00, 0x00, 0x03, 0x02, 0x8e, 0x07,
    0x00, 0xca, 0x1f, 0x00, 0x19, 0x78, 0x20, 0xff, 0x05, 0x00, 0x00, 0x00,
    0x22, 0x14, 0x01, 0x00, 0x00, 0xc8, 0x0f, 0x00, 0x0c, 0x7a, 0x00, 0x20,
    0x00, 0x5e, 0x00, 0x00, 0x70, 0x62, 0xf0, 0x03, 0x00, 0xda, 0x0f, 0x00,
    0x4d, 0x09, 0x00, 0x00, 0x00, 0x00, 0x00, 0x00, 0x00, 0x00, 0x80, 0x03,
    0x00, 0xea, 0x0f, 0x00, 0x12, 0x78, 0x22, 0x22, 0x1f, 0x00, 0x00, 0x00,
    0xff, 0xc0, 0x8e, 0x07, 0x00, 0xe2, 0x0f, 0x00, 0xb9, 0x7a, 0x04, 0x00,
    0x00, 0x46, 0x00, 0x00, 0x00, 0x0a, 0x00, 0x00, 0x00, 0xe2, 0x0f, 0x00,
    0x02, 0x7a, 0x02, 0x00, 0x00, 0x5f, 0x00, 0x00, 0x00, 0x0f, 0x00, 0x00,
    0x00, 0xe2, 0x0f, 0x00, 0x45, 0x79, 0x00, 0x00, 0x90, 0x06, 0x00, 0x00,
    0x00, 0x00, 0x80, 0x03, 0x00, 0xe2, 0x0f, 0x00, 0x10, 0x78, 0x04, 0x22,
    0x03, 0x00, 0x00, 0x00, 0xff, 0xe0, 0xff, 0x07, 0x00, 0xe4, 0x0f, 0x00,
    0x19, 0x78, 0x21, 0xff, 0x1f, 0x00, 0x00, 0x00, 0x20, 0x14, 0x01, 0x00,
    0x00, 0xe4, 0x0f, 0x00, 0x0c, 0x7a, 0x00, 0x04, 0x00, 0x5f, 0x00, 0x00,
    0x70, 0x62, 0xf0, 0x03, 0x00, 0xe4, 0x0f, 0x00, 0x19, 0x78, 0x03, 0xff,
    0x1f, 0x00, 0x00, 0x00, 0x00, 0x14, 0x01, 0x00, 0x00, 0xc4, 0x0f, 0x00,
    0x02, 0x72, 0x1d, 0x00, 0xff, 0x00, 0x00, 0x00, 0x00, 0x0f, 0x00, 0x00,
    0x00, 0xe4, 0x0f, 0x00, 0x19, 0x78, 0x1c, 0xff, 0x1f, 0x00, 0x00, 0x00,
    0x02, 0x14, 0x01, 0x00, 0x00, 0xe4, 0x0f, 0x00, 0x02, 0x72, 0x1e, 0x00,
    0x22, 0x00, 0x00, 0x00, 0x00, 0x0f, 0x00, 0x00, 0x00, 0xca, 0x0f, 0x00,
    0x47, 0x09, 0x00, 0x00, 0x00, 0x06, 0x00, 0x00, 0x00, 0x00, 0x80, 0x03,
    0x00, 0xea, 0x0f, 0x00, 0x02, 0x72, 0x1e, 0x00, 0x04, 0x00, 0x00, 0x00,
    0x00, 0x0f, 0x00, 0x00, 0x00, 0xe2, 0x0f, 0x00, 0x24, 0x7a, 0x09, 0x03,
    0x00, 0x5f, 0x00, 0x00, 0xff, 0x02, 0x8e, 0x07, 0x00, 0xe2, 0x0f, 0x00,
    0x02, 0x72, 0x23, 0x00, 0xff, 0x00, 0x00, 0x00, 0x00, 0x0f, 0x00, 0x00,
    0x00, 0xe2, 0x0f, 0x00, 0x24, 0x7a, 0x0b, 0x21, 0x00, 0x5f, 0x00, 0x00,
    0xff, 0x02, 0x8e, 0x07, 0x00, 0xe2, 0x0f, 0x00, 0x10, 0x7a, 0x08, 0x1e,
    0x00, 0x5f, 0x00, 0x00, 0xff, 0xe1, 0xff, 0x07, 0x00, 0xe2, 0x0f, 0x00,
    0x24, 0x72, 0x09, 0x00, 0x1c, 0x00, 0x00, 0x00, 0x09, 0x02, 0x8e, 0x07,
    0x00, 0xe2, 0x0f, 0x04, 0x45, 0x79, 0x01, 0x00, 0x30, 0x03, 0x00, 0x00,
    0x00, 0x00, 0x80, 0x03, 0x00, 0xe2, 0x0f, 0x00, 0x25, 0x7a, 0x06, 0x00,
    0x00, 0x5f, 0x00, 0x00, 0x22, 0x00, 0x8e, 0x07, 0x00, 0xe2, 0x0f, 0x10,
    0x0c, 0x78, 0x00, 0x08, 0x60, 0x00, 0x00, 0x00, 0x70, 0x42, 0xf2, 0x03,
    0x00, 0xe4, 0x0f, 0x00, 0x02, 0x72, 0x1d, 0x00, 0xff, 0x00, 0x00, 0x00,
    0x00, 0x0f, 0x00, 0x00, 0x00, 0xe2, 0x0f, 0x00, 0x25, 0x7a, 0x04, 0x20,
    0x00, 0x5f, 0x00, 0x00, 0x22, 0x00, 0x8e, 0x07, 0x00, 0xe2, 0x0f, 0x00,
    0x10, 0x72, 0x27, 0x07, 0x09, 0x00, 0x00, 0x00, 0xff, 0xe0, 0xff, 0x07,
    0x00, 0xc4, 0x0f, 0x00, 0x11, 0x7a, 0x26, 0x06, 0x00, 0x5a, 0x00, 0x00,
    0xff, 0x10, 0x80, 0x07, 0x00, 0xe2, 0x0f, 0x00, 0x24, 0x72, 0x0b, 0x20,
    0x1c, 0x00, 0x00, 0x00, 0x0b, 0x02, 0x8e, 0x07, 0x00, 0xe2, 0x0f, 0x00,
    0x11, 0x7a, 0x24, 0x04, 0x00, 0x58, 0x00, 0x00, 0xff, 0x10, 0x84, 0x07,
    0x00, 0xe4, 0x0f, 0x00, 0x11, 0x7a, 0x27, 0x06, 0x00, 0x5b, 0x00, 0x00,
    0x27, 0x14, 0x0f, 0x00, 0x00, 0xe4, 0x0f, 0x00, 0x10, 0x72, 0x25, 0x05,
    0x0b, 0x00, 0x00, 0x00, 0xff, 0xe0, 0xff, 0x07, 0x00, 0xe4, 0x0f, 0x00,
    0x1c, 0x78, 0x00, 0x00, 0x00, 0x00, 0x00, 0x00, 0x70, 0xf0, 0xf0, 0x03,
    0x00, 0xe4, 0x0f, 0x00, 0x11, 0x7a, 0x25, 0x04, 0x00, 0x59, 0x00, 0x00,
    0x25, 0x14, 0x0f, 0x01, 0x00, 0xe2, 0x0f, 0x00, 0x47, 0x99, 0x00, 0x00,
    0x50, 0x02, 0x00, 0x00, 0x00, 0x00, 0x80, 0x03, 0x00, 0xea, 0x0f, 0x00,
    0x1c, 0x78, 0x00, 0x00, 0x00, 0x00, 0x00, 0x00, 0x70, 0xe1, 0xf0, 0x03,
    0x00, 0xe4, 0x0f, 0x00, 0x10, 0x78, 0x1f, 0x02, 0xa0, 0xff, 0xff, 0xff,
    0xff, 0xe0, 0xff, 0x07, 0x00, 0xc6, 0x0f, 0x00, 0x81, 0x79, 0x14, 0x24,
    0x04, 0x00, 0x00, 0x00, 0x00, 0x1d, 0x1e, 0x0c, 0x00, 0xa8, 0x0e, 0x00,
    0x81, 0x79, 0x18, 0x26, 0x04, 0x00, 0x00, 0x00, 0x00, 0x1d, 0x1e, 0x0c,
    0x00, 0xa8, 0x0e, 0x00, 0x81, 0x79, 0x08, 0x24, 0x04, 0x80, 0x00, 0x00,
    0x00, 0x1d, 0x1e, 0x0c, 0x00, 0xe8, 0x0e, 0x00, 0x81, 0x79, 0x04, 0x26,
    0x04, 0x80, 0x00, 0x00, 0x00, 0x1d, 0x1e, 0x0c, 0x00, 0xe8, 0x0e, 0x00,
    0x81, 0x79, 0x0c, 0x24, 0x04, 0x00, 0x01, 0x00, 0x00, 0x1d, 0x1e, 0x0c,
    0x00, 0x28, 0x0f, 0x00, 0x81, 0x79, 0x10, 0x26, 0x04, 0x00, 0x01, 0x00,
    0x00, 0x1d, 0x1e, 0x0c, 0x00, 0x22, 0x0f, 0x00, 0x20, 0x72, 0x15, 0x15,
    0x19, 0x00, 0x00, 0x00, 0x00, 0x00, 0x40, 0x00, 0x00, 0xc8, 0x4f, 0x00,
    0x23, 0x72, 0x15, 0x14, 0x18, 0x00, 0x00, 0x00, 0x15, 0x00, 0x00, 0x00,
    0x00, 0xe2, 0x0f, 0x00, 0x20, 0x72, 0x05, 0x09, 0x05, 0x00, 0x00, 0x00,
    0x00, 0x00, 0x40, 0x00, 0x00, 0xc6, 0x8f, 0x00, 0x23, 0x72, 0x16, 0x16,
    0x1a, 0x00, 0x00, 0x00, 0x15, 0x00, 0x00, 0x00, 0x00, 0xe2, 0x0f, 0x00,
    0x23, 0x72, 0x05, 0x08, 0x04, 0x00, 0x00, 0x00, 0x05, 0x00, 0x00, 0x00,
    0x00, 0xc6, 0x0f, 0x00, 0x23, 0x72, 0x04, 0x17, 0x1b, 0x00, 0x00, 0x00,
    0x16, 0x00, 0x00, 0x00, 0x00, 0xe4, 0x0f, 0x00, 0x81, 0x79, 0x14, 0x24,
    0x04, 0x80, 0x01, 0x00, 0x00, 0x1d, 0x1e, 0x0c, 0x00, 0xa8, 0x00, 0x00,
    0x81, 0x79, 0x18, 0x26, 0x04, 0x80, 0x01, 0x00, 0x00, 0x1d, 0x1e, 0x0c,
    0x00, 0xa2, 0x02, 0x00, 0x20, 0x72, 0x0d, 0x0d, 0x11, 0x00, 0x00, 0x00,
    0x00, 0x00, 0x40, 0x00, 0x00, 0xe2, 0x0f, 0x01, 0x10, 0x78, 0x1e, 0x1e,
    0x80, 0x00, 0x00, 0x00, 0xff, 0xe0, 0xff, 0x07, 0x00, 0xe2, 0x0f, 0x00,
    0x23, 0x72, 0x06, 0x0a, 0x06, 0x00, 0x00, 0x00, 0x05, 0x00, 0x00, 0x00,
    0x00, 0xe4, 0x0f, 0x00, 0x23, 0x72, 0x0d, 0x0c, 0x10, 0x00, 0x00, 0x00,
    0x0d, 0x00, 0x00, 0x00, 0x00, 0xe2, 0x0f, 0x00, 0x0c, 0x72, 0x00, 0x1e,
    0x1f, 0x00, 0x00, 0x00, 0x70, 0x62, 0xf2, 0x03, 0x00, 0xe2, 0x0f, 0x00,
    0x21, 0x72, 0x04, 0x04, 0x1d, 0x00, 0x00, 0x00, 0x00, 0x00, 0x00, 0x00,
    0x00, 0xe2, 0x0f, 0x00, 0x23, 0x72, 0x07, 0x0b, 0x07, 0x00, 0x00, 0x00,
    0x06, 0x00, 0x00, 0x00, 0x00, 0xe2, 0x0f, 0x00, 0x23, 0x72, 0x0e, 0x0e,
    0x12, 0x00, 0x00, 0x00, 0x0d, 0x00, 0x00, 0x00, 0x00, 0xc6, 0x0f, 0x00,
    0x21, 0x72, 0x04, 0x04, 0x07, 0x00, 0x00, 0x00, 0x00, 0x00, 0x00, 0x00,
    0x00, 0xe2, 0x0f, 0x00, 0x23, 0x72, 0x0f, 0x0f, 0x13, 0x00, 0x00, 0x00,
    0x0e, 0x00, 0x00, 0x00, 0x00, 0xe2, 0x0f, 0x00, 0x10, 0x78, 0x26, 0x26,
    0x00, 0x02, 0x00, 0x00, 0xff, 0xe0, 0xf5, 0x07, 0x00, 0xe4, 0x2f, 0x00,
    0x10, 0x78, 0x24, 0x24, 0x00, 0x02, 0x00, 0x00, 0xff, 0xe0, 0xf7, 0x07,
    0x00, 0xe2, 0x1f, 0x00, 0x21, 0x72, 0x04, 0x04, 0x0f, 0x00, 0x00, 0x00,
    0x00, 0x00, 0x00, 0x00, 0x00, 0xe4, 0x0f, 0x00, 0x24, 0x72, 0x27, 0xff,
    0xff, 0x00, 0x00, 0x00, 0x27, 0x06, 0x0e, 0x01, 0x00, 0xe2, 0x0f, 0x00,
    0x10, 0x72, 0x25, 0xff, 0x25, 0x00, 0x00, 0x00, 0xff, 0xe4, 0xff, 0x01,
    0x00, 0xe2, 0x0f, 0x00, 0x20, 0x72, 0x15, 0x15, 0x19, 0x00, 0x00, 0x00,
    0x00, 0x00, 0x40, 0x00, 0x00, 0xc8, 0x4f, 0x00, 0x23, 0x72, 0x15, 0x14,
    0x18, 0x00, 0x00, 0x00, 0x15, 0x00, 0x00, 0x00, 0x00, 0xc8, 0x0f, 0x00,
    0x23, 0x72, 0x16, 0x16, 0x1a, 0x00, 0x00, 0x00, 0x15, 0x00, 0x00, 0x00,
    0x00, 0xc8, 0x0f, 0x00, 0x23, 0x72, 0x17, 0x17, 0x1b, 0x00, 0x00, 0x00,
    0x16, 0x00, 0x00, 0x00, 0x00, 0xc8, 0x0f, 0x00, 0x21, 0x72, 0x1d, 0x04,
    0x17, 0x00, 0x00, 0x00, 0x00, 0x00, 0x00, 0x00, 0x00, 0xe2, 0x0f, 0x00,
    0x47, 0x99, 0x00, 0x00, 0xd0, 0xfd, 0xff, 0xff, 0xff, 0xff, 0x83, 0x03,
    0x00, 0xea, 0x0f, 0x00, 0x41, 0x79, 0x01, 0x00, 0x00, 0x00, 0x00, 0x00,
    0x00, 0x00, 0x80, 0x03, 0x00, 0xea, 0x0f, 0x00, 0x10, 0x7a, 0x04, 0x1e,
    0x00, 0x5f, 0x00, 0x00, 0xff, 0xe1, 0xff, 0x07, 0x00, 0xe2, 0x0f, 0x00,
    0x45, 0x79, 0x01, 0x00, 0x70, 0x01, 0x00, 0x00, 0x00, 0x00, 0x80, 0x03,
    0x00, 0xe6, 0x0f, 0x00, 0x0c, 0x78, 0x00, 0x04, 0x20, 0x00, 0x00, 0x00,
    0x70, 0x42, 0xf2, 0x03, 0x00, 0xda, 0x0f, 0x00, 0x47, 0x99, 0x00, 0x00,
    0x40, 0x01, 0x00, 0x00, 0x00, 0x00, 0x80, 0x03, 0x00, 0xea, 0x0f, 0x00,
    0x81, 0x79, 0x04, 0x24, 0x04, 0x00, 0x00, 0x00, 0x00, 0x1d, 0x1e, 0x0c,
    0x00, 0xa8, 0x00, 0x00, 0x81, 0x79, 0x08, 0x26, 0x04, 0x00, 0x00, 0x00,
    0x00, 0x1d, 0x1e, 0x0c, 0x00, 0xa8, 0x02, 0x00, 0x81, 0x79, 0x0c, 0x24,
    0x04, 0x80, 0x00, 0x00, 0x00, 0x1d, 0x1e, 0x0c, 0x00, 0xe8, 0x00, 0x00,
    0x81, 0x79, 0x10, 0x26, 0x04, 0x80, 0x00, 0x00, 0x00, 0x1d, 0x1e, 0x0c,
    0x00, 0xe2, 0x02, 0x00, 0x1c, 0x78, 0x00, 0x00, 0x00, 0x00, 0x00, 0x00,
    0x70, 0xe1, 0xf0, 0x03, 0x00, 0xc4, 0x0f, 0x00, 0x10, 0x78, 0x1e, 0x1e,
    0x40, 0x00, 0x00, 0x00, 0xff, 0xe0, 0xff, 0x07, 0x00, 0xe4, 0x0f, 0x00,
    0x10, 0x78, 0x24, 0x24, 0x00, 0x01, 0x00, 0x00, 0xff, 0xe0, 0xf5, 0x07,
    0x00, 0xe4, 0x1f, 0x00, 0x10, 0x78, 0x26, 0x26, 0x00, 0x01, 0x00, 0x00,
    0xff, 0xe0, 0xf3, 0x07, 0x00, 0xe4, 0x2f, 0x00, 0x10, 0x72, 0x25, 0xff,
    0x25, 0x00, 0x00, 0x00, 0xff, 0xe4, 0x7f, 0x01, 0x00, 0xe4, 0x0f, 0x00,
    0x10, 0x72, 0x27, 0xff, 0x27, 0x00, 0x00, 0x00, 0xff, 0xe4, 0xff, 0x00,
    0x00, 0xe2, 0x0f, 0x00, 0x20, 0x72, 0x05, 0x05, 0x09, 0x00, 0x00, 0x00,
    0x00, 0x00, 0x40, 0x00, 0x00, 0xc8, 0x4f, 0x00, 0x23, 0x72, 0x05, 0x04,
    0x08, 0x00, 0x00, 0x00, 0x05, 0x00, 0x00, 0x00, 0x00, 0xe2, 0x0f, 0x00,
    0x20, 0x72, 0x0d, 0x0d, 0x11, 0x00, 0x00, 0x00, 0x00, 0x00, 0x40, 0x00,
    0x00, 0xc6, 0x8f, 0x00, 0x23, 0x72, 0x06, 0x06, 0x0a, 0x00, 0x00, 0x00,
    0x05, 0x00, 0x00, 0x00, 0x00, 0xe2, 0x0f, 0x00, 0x23, 0x72, 0x0d, 0x0c,
    0x10, 0x00, 0x00, 0x00, 0x0d, 0x00, 0x00, 0x00, 0x00, 0xc6, 0x0f, 0x00,
    0x23, 0x72, 0x06, 0x07, 0x0b, 0x00, 0x00, 0x00, 0x06, 0x00, 0x00, 0x00,
    0x00, 0xe2, 0x0f, 0x00, 0x23, 0x72, 0x0e, 0x0e, 0x12, 0x00, 0x00, 0x00,
    0x0d, 0x00, 0x00, 0x00, 0x00, 0xc6, 0x0f, 0x00, 0x21, 0x72, 0x06, 0x1d,
    0x06, 0x00, 0x00, 0x00, 0x00, 0x00, 0x00, 0x00, 0x00, 0xe2, 0x0f, 0x00,
    0x23, 0x72, 0x0f, 0x0f, 0x13, 0x00, 0x00, 0x00, 0x0e, 0x00, 0x00, 0x00,
    0x00, 0xc8, 0x0f, 0x00, 0x21, 0x72, 0x1d, 0x06, 0x0f, 0x00, 0x00, 0x00,
    0x00, 0x00, 0x00, 0x00, 0x00, 0xe4, 0x0f, 0x00, 0x41, 0x79, 0x01, 0x00,
    0x00, 0x00, 0x00, 0x00, 0x00, 0x00, 0x80, 0x03, 0x00, 0xea, 0x0f, 0x00,
    0x0c, 0x7a, 0x00, 0x1e, 0x00, 0x5f, 0x00, 0x00, 0x70, 0x16, 0x70, 0x00,
    0x00, 0xe2, 0x0f, 0x00, 0x45, 0x79, 0x01, 0x00, 0xa0, 0x00, 0x00, 0x00,
    0x00, 0x00, 0x80, 0x03, 0x00, 0xd8, 0x0f, 0x00, 0x47, 0x89, 0x00, 0x00,
    0x80, 0x00, 0x00, 0x00, 0x00, 0x00, 0x80, 0x03, 0x00, 0xea, 0x0f, 0x00,
    0x81, 0x79, 0x04, 0x24, 0x04, 0x00, 0x00, 0x00, 0x00, 0x1d, 0x1e, 0x0c,
    0x00, 0xa8, 0x0e, 0x00, 0x81, 0x79, 0x08, 0x26, 0x04, 0x00, 0x00, 0x00,
    0x00, 0x1d, 0x1e, 0x0c, 0x00, 0xa2, 0x0e, 0x00, 0x10, 0x78, 0x1e, 0x1e,
    0x20, 0x00, 0x00, 0x00, 0xff, 0xe0, 0xff, 0x07, 0x00, 0xe2, 0x0f, 0x00,
    0x20, 0x72, 0x05, 0x05, 0x09, 0x00, 0x00, 0x00, 0x00, 0x00, 0x40, 0x00,
    0x00, 0xc8, 0x4f, 0x00, 0x23, 0x72, 0x05, 0x04, 0x08, 0x00, 0x00, 0x00,
    0x05, 0x00, 0x00, 0x00, 0x00, 0xc8, 0x0f, 0x00, 0x23, 0x72, 0x06, 0x06,
    0x0a, 0x00, 0x00, 0x00, 0x05, 0x00, 0x00, 0x00, 0x00, 0xc8, 0x0f, 0x00,
    0x23, 0x72, 0x06, 0x07, 0x0b, 0x00, 0x00, 0x00, 0x06, 0x00, 0x00, 0x00,
    0x00, 0xc8, 0x0f, 0x00, 0x21, 0x72, 0x1d, 0x1d, 0x06, 0x00, 0x00, 0x00,
    0x00, 0x00, 0x00, 0x00, 0x00, 0xe4, 0x0f, 0x00, 0x41, 0x79, 0x01, 0x00,
    0x00, 0x00, 0x00, 0x00, 0x00, 0x00, 0x80, 0x03, 0x00, 0xea, 0x0f, 0x00,
    0x10, 0x78, 0x1e, 0x1e, 0xfd, 0xff, 0xff, 0xff, 0xff, 0xe0, 0xff, 0x07,
    0x00, 0xe4, 0x0f, 0x00, 0x41, 0x79, 0x00, 0x00, 0x00, 0x00, 0x00, 0x00,
    0x00, 0x00, 0x80, 0x03, 0x00, 0xea, 0x0f, 0x00, 0x0c, 0x7a, 0x00, 0x1e,
    0x00, 0x5f, 0x00, 0x00, 0x70, 0x62, 0xf0, 0x03, 0x00, 0xe2, 0x0f, 0x00,
    0x45, 0x79, 0x00, 0x00, 0xf0, 0x0b, 0x00, 0x00, 0x00, 0x00, 0x80, 0x03,
    0x00, 0xd8, 0x0f, 0x00, 0x47, 0x09, 0x00, 0x00, 0xd0, 0x0b, 0x00, 0x00,
    0x00, 0x00, 0x80, 0x03, 0x00, 0xea, 0x0f, 0x00, 0x12, 0x72, 0x04, 0xff,
    0x1e, 0x00, 0x00, 0x00, 0xff, 0x33, 0x8e, 0x07, 0x00, 0xe2, 0x0f, 0x00,
    0x45, 0x79, 0x01, 0x00, 0x20, 0x02, 0x00, 0x00, 0x00, 0x00, 0x80, 0x03,
    0x00, 0xe6, 0x0f, 0x00, 0x10, 0x7a, 0x05, 0x04, 0x00, 0x5f, 0x00, 0x00,
    0xff, 0xe0, 0xff, 0x07, 0x00, 0xc8, 0x0f, 0x00, 0x11, 0x78, 0x04, 0x05,
    0x01, 0x00, 0x00, 0x00, 0xff, 0xd8, 0x8f, 0x07, 0x00, 0xe4, 0x0f, 0x04,
    0x0c, 0x78, 0x00, 0x05, 0x60, 0x00, 0x00, 0x00, 0x70, 0x60, 0xf0, 0x03,
    0x00, 0xe4, 0x0f, 0x00, 0x12, 0x78, 0x08, 0x04, 0x03, 0x00, 0x00, 0x00,
    0xff, 0xc0, 0x82, 0x07, 0x00, 0xda, 0x0f, 0x00, 0x47, 0x99, 0x00, 0x00,
    0xc0, 0x01, 0x00, 0x00, 0x00, 0x00, 0x80, 0x03, 0x00, 0xea, 0x0f, 0x00,
    0x19, 0x78, 0x1f, 0xff, 0x1f, 0x00, 0x00, 0x00, 0x1e, 0x14, 0x01, 0x00,
    0x00, 0xe2, 0x0f, 0x10, 0x24, 0x7a, 0x05, 0x03, 0x00, 0x5f, 0x00, 0x00,
    0xff, 0x02, 0x8e, 0x07, 0x00, 0xe4, 0x0f, 0x00, 0x24, 0x7a, 0x0b, 0x21,
    0x00, 0x5f, 0x00, 0x00, 0xff, 0x02, 0x8e, 0x07, 0x00, 0xe4, 0x0f, 0x00,
    0x24, 0x72, 0x09, 0x00, 0x1c, 0x00, 0x00, 0x00, 0x05, 0x02, 0x8e, 0x07,
    0x00, 0xe4, 0x0f, 0x04, 0x25, 0x7a, 0x06, 0x00, 0x00, 0x5f, 0x00, 0x00,
    0x1e, 0x00, 0x8e, 0x07, 0x00, 0xc8, 0x0f, 0x00, 0x25, 0x7a, 0x04, 0x20,
    0x00, 0x5f, 0x00, 0x00, 0x1e, 0x00, 0x8e, 0x07, 0x00, 0xe2, 0x0f, 0x00,
    0x10, 0x72, 0x07, 0x09, 0x07, 0x00, 0x00, 0x00, 0xff, 0xe0, 0xff, 0x07,
    0x00, 0xc6, 0x0f, 0x00, 0x24, 0x72, 0x0d, 0x20, 0x1c, 0x00, 0x00, 0x00,
    0x0b, 0x02, 0x8e, 0x07, 0x00, 0xe2, 0x0f, 0x00, 0x11, 0x7a, 0x0b, 0x06,
    0x00, 0x5a, 0x00, 0x00, 0xff, 0x10, 0x82, 0x07, 0x00, 0xe4, 0x0f, 0x00,
    0x11, 0x7a, 0x09, 0x04, 0x00, 0x58, 0x00, 0x00, 0xff, 0x10, 0x84, 0x07,
    0x00, 0xe4, 0x0f, 0x00, 0x10, 0x72, 0x05, 0x0d, 0x05, 0x00, 0x00, 0x00,
    0xff, 0xe0, 0xff, 0x07, 0x00, 0xe4, 0x0f, 0x00, 0x11, 0x7a, 0x0c, 0x06,
    0x00, 0x5b, 0x00, 0x00, 0x07, 0x14, 0x8f, 0x00, 0x00, 0xe4, 0x0f, 0x00,
    0x11, 0x7a, 0x0a, 0x04, 0x00, 0x59, 0x00, 0x00, 0x05, 0x14, 0x0f, 0x01,
    0x00, 0xe4, 0x0f, 0x00, 0x02, 0x72, 0x04, 0x00, 0x0b, 0x00, 0x00, 0x00,
    0x00, 0x0f, 0x00, 0x00, 0x00, 0xe2, 0x0f, 0x00, 0x24, 0x72, 0x06, 0xff,
    0xff, 0x00, 0x00, 0x00, 0x09, 0x00, 0x8e, 0x07, 0x00, 0xe2, 0x0f, 0x00,
    0x02, 0x72, 0x05, 0x00, 0x0c, 0x00, 0x00, 0x00, 0x00, 0x0f, 0x00, 0x00,
    0x00, 0xc4, 0x0f, 0x00, 0x02, 0x72, 0x07, 0x00, 0x0a, 0x00, 0x00, 0x00,
    0x00, 0x0f, 0x00, 0x00, 0x00, 0xc6, 0x0f, 0x00, 0x81, 0x79, 0x04, 0x04,
    0x04, 0x00, 0x00, 0x00, 0x00, 0x19, 0x1e, 0x0c, 0x00, 0xa8, 0x0e, 0x00,
    0x81, 0x79, 0x06, 0x06, 0x04, 0x00, 0x00, 0x00, 0x00, 0x19, 0x1e, 0x0c,
    0x00, 0xa2, 0x0e, 0x00, 0x10, 0x78, 0x08, 0x08, 0xff, 0xff, 0xff, 0xff,
    0xff, 0xe0, 0xff, 0x07, 0x00, 0xe4, 0x0f, 0x00, 0x10, 0x78, 0x0b, 0x0b,
    0x80, 0x00, 0x00, 0x00, 0xff, 0xe0, 0xf5, 0x07, 0x00, 0xe4, 0x0f, 0x00,
    0x0c, 0x72, 0x00, 0x08, 0xff, 0x00, 0x00, 0x00, 0x70, 0x52, 0xf2, 0x03,
    0x00, 0xe4, 0x0f, 0x00, 0x10, 0x78, 0x09, 0x09, 0x80, 0x00, 0x00, 0x00,
    0xff, 0xe0, 0xf7, 0x07, 0x00, 0xc4, 0x0f, 0x00, 0x10, 0x78, 0x1e, 0x1e,
    0x20, 0x00, 0x00, 0x00, 0xff, 0xe0, 0xff, 0x07, 0x00, 0xe4, 0x0f, 0x00,
    0x10, 0x72, 0x0c, 0xff, 0x0c, 0x00, 0x00, 0x00, 0xff, 0xe4, 0x7f, 0x01,
    0x00, 0xe4, 0x0f, 0x00, 0x10, 0x72, 0x0a, 0xff, 0x0a, 0x00, 0x00, 0x00,
    0xff, 0xe4, 0xff, 0x01, 0x00, 0xe2, 0x0f, 0x00, 0x23, 0x72, 0x1d, 0x04,
    0x06, 0x00, 0x00, 0x00, 0x1d, 0x00, 0x00, 0x00, 0x00, 0xc8, 0x4f, 0x00,
    0x47, 0x19, 0x00, 0x00, 0x10, 0xff, 0xff, 0xff, 0xff, 0xff, 0x83, 0x03,
    0x00, 0xea, 0x0f, 0x00, 0x41, 0x79, 0x01, 0x00, 0x00, 0x00, 0x00, 0x00,
    0x00, 0x00, 0x80, 0x03, 0x00, 0xea, 0x0f, 0x00, 0x47, 0x89, 0x00, 0x00,
    0x80, 0x09, 0x00, 0x00, 0x00, 0x00, 0x80, 0x03, 0x00, 0xea, 0x0f, 0x00,
    0x10, 0x7a, 0x08, 0x1e, 0x00, 0x5f, 0x00, 0x00, 0xff, 0xe1, 0xff, 0x07,
    0x00, 0xe2, 0x0f, 0x00, 0x24, 0x7a, 0x09, 0x03, 0x00, 0x5f, 0x00, 0x00,
    0xff, 0x02, 0x8e, 0x07, 0x00, 0xe2, 0x0f, 0x00, 0x45, 0x79, 0x01, 0x00,
    0xe0, 0x05, 0x00, 0x00, 0x00, 0x00, 0x80, 0x03, 0x00, 0xe2, 0x0f, 0x00,
    0x24, 0x7a, 0x0b, 0x21, 0x00, 0x5f, 0x00, 0x00, 0xff, 0x02, 0x8e, 0x07,
    0x00, 0xe2, 0x0f, 0x00, 0x0c, 0x78, 0x00, 0x08, 0x80, 0x01, 0x00, 0x00,
    0x70, 0x42, 0xf2, 0x03, 0x00, 0xe2, 0x0f, 0x00, 0x25, 0x7a, 0x06, 0x00,
    0x00, 0x5f, 0x00, 0x00, 0xff, 0x00, 0x8e, 0x07, 0x00, 0xe2, 0x0f, 0x00,
    0x02, 0x72, 0x08, 0x00, 0x1e, 0x00, 0x00, 0x00, 0x00, 0x0f, 0x00, 0x00,
    0x00, 0xc6, 0x0f, 0x00, 0x25, 0x7a, 0x04, 0x20, 0x00, 0x5f, 0x00, 0x00,
    0xff, 0x00, 0x8e, 0x07, 0x00, 0xe2, 0x0f, 0x00, 0x11, 0x7a, 0x0c, 0x06,
    0x00, 0x5a, 0x00, 0x00, 0xff, 0x10, 0x80, 0x07, 0x00, 0xc6, 0x0f, 0x00,
    0x24, 0x72, 0x09, 0x00, 0x1c, 0x00, 0x00, 0x00, 0x09, 0x02, 0x8e, 0x07,
    0x00, 0xe2, 0x0f, 0x08, 0x11, 0x7a, 0x0e, 0x04, 0x00, 0x58, 0x00, 0x00,
    0xff, 0x10, 0x84, 0x07, 0x00, 0xe2, 0x0f, 0x00, 0x24, 0x72, 0x0b, 0x20,
    0x1c, 0x00, 0x00, 0x00, 0x0b, 0x02, 0x8e, 0x07, 0x00, 0xc6, 0x0f, 0x00,
    0x10, 0x72, 0x0d, 0x09, 0x07, 0x00, 0x00, 0x00, 0xff, 0xe0, 0xff, 0x07,
    0x00, 0xe2, 0x0f, 0x00, 0x24, 0x72, 0x07, 0xff, 0xff, 0x00, 0x00, 0x00,
    0x1e, 0x00, 0x8e, 0x07, 0x00, 0xe2, 0x0f, 0x00, 0x10, 0x72, 0x0f, 0x0b,
    0x05, 0x00, 0x00, 0x00, 0xff, 0xe0, 0xff, 0x07, 0x00, 0xe4, 0x0f, 0x00,
    0x11, 0x7a, 0x0d, 0x06, 0x00, 0x5b, 0x00, 0x00, 0x0d, 0x14, 0x0f, 0x00,
    0x00, 0xe4, 0x0f, 0x00, 0x11, 0x7a, 0x0f, 0x04, 0x00, 0x59, 0x00, 0x00,
    0x0f, 0x14, 0x0f, 0x01, 0x00, 0xe4, 0x0f, 0x00, 0x1c, 0x78, 0x00, 0x00,
    0x00, 0x00, 0x00, 0x00, 0x70, 0xf0, 0xf0, 0x03, 0x00, 0xe4, 0x0f, 0x00,
    0x02, 0x72, 0x09, 0x00, 0x1e, 0x00, 0x00, 0x00, 0x00, 0x0f, 0x00, 0x00,
    0x00, 0xc4, 0x0f, 0x00, 0x02, 0x72, 0x06, 0x00, 0x1e, 0x00, 0x00, 0x00,
    0x00, 0x0f, 0x00, 0x00, 0x00, 0xe4, 0x0f, 0x08, 0x02, 0x72, 0x05, 0x00,
    0x1e, 0x00, 0x00, 0x00, 0x00, 0x0f, 0x00, 0x00, 0x00, 0xe4, 0x0f, 0x08,
    0x02, 0x72, 0x04, 0x00, 0x1e, 0x00, 0x00, 0x00, 0x00, 0x0f, 0x00, 0x00,
    0x00, 0xe2, 0x0f, 0x00, 0x47, 0x99, 0x00, 0x00, 0x90, 0x04, 0x00, 0x00,
    0x00, 0x00, 0x80, 0x03, 0x00, 0xea, 0x0f, 0x00, 0x10, 0x78, 0x0a, 0x02,
    0x80, 0xfe, 0xff, 0xff, 0xff, 0xe0, 0xff, 0x07, 0x00, 0xe2, 0x0f, 0x00,
    0x24, 0x72, 0x18, 0xff, 0xff, 0x00, 0x00, 0x00, 0x1e, 0x00, 0x8e, 0x07,
    0x00, 0xe2, 0x0f, 0x00, 0x1c, 0x78, 0x00, 0x00, 0x00, 0x00, 0x00, 0x00,
    0x70, 0xe1, 0xf0, 0x03, 0x00, 0xe4, 0x0f, 0x00, 0x02, 0x72, 0x0b, 0x00,
    0x1e, 0x00, 0x00, 0x00, 0x00, 0x0f, 0x00, 0x00, 0x00, 0xe4, 0x0f, 0x08,
    0x02, 0x72, 0x14, 0x00, 0x1e, 0x00, 0x00, 0x00, 0x00, 0x0f, 0x00, 0x00,
    0x00, 0xc4, 0x0f, 0x00, 0x02, 0x72, 0x15, 0x00, 0x1e, 0x00, 0x00, 0x00,
    0x00, 0x0f, 0x00, 0x00, 0x00, 0xe4, 0x0f, 0x08, 0x02, 0x72, 0x16, 0x00,
    0x1e, 0x00, 0x00, 0x00, 0x00, 0x0f, 0x00, 0x00, 0x00, 0xe4, 0x0f, 0x08,
    0x02, 0x72, 0x17, 0x00, 0x1e, 0x00, 0x00, 0x00, 0x00, 0x0f, 0x00, 0x00,
    0x00, 0xe4, 0x0f, 0x08, 0x02, 0x72, 0x19, 0x00, 0x1e, 0x00, 0x00, 0x00,
    0x00, 0x0f, 0x00, 0x00, 0x00, 0xe4, 0x0f, 0x08, 0x02, 0x72, 0x02, 0x00,
    0x1e, 0x00, 0x00, 0x00, 0x00, 0x0f, 0x00, 0x00, 0x00, 0xca, 0x0f, 0x00,
    0x25, 0x78, 0x10, 0x02, 0x04, 0x00, 0x00, 0x00, 0x0e, 0x02, 0x8e, 0x07,
    0x00, 0xc8, 0x0f, 0x00, 0x25, 0x78, 0x12, 0x19, 0x04, 0x00, 0x00, 0x00,
    0x0c, 0x02, 0x8e, 0x07, 0x00, 0xe2, 0x0f, 0x00, 0x81, 0x79, 0x1b, 0x10,
    0x04, 0x00, 0x00, 0x00, 0x00, 0x19, 0x1e, 0x0c, 0x00, 0xa8, 0x0e, 0x00,
    0x81, 0x79, 0x1a, 0x12, 0x04, 0x00, 0x00, 0x00, 0x00, 0x19, 0x1e, 0x0c,
    0x00, 0xa8, 0x0e, 0x00, 0x81, 0x79, 0x1f, 0x10, 0x04, 0x80, 0x00, 0x00,
    0x00, 0x19, 0x1e, 0x0c, 0x00, 0xe8, 0x0e, 0x00, 0x81, 0x79, 0x1c, 0x12,
    0x04, 0x80, 0x00, 0x00, 0x00, 0x19, 0x1e, 0x0c, 0x00, 0xe2, 0x0e, 0x00,
    0x23, 0x72, 0x1d, 0x1a, 0x1b, 0x00, 0x00, 0x00, 0x1d, 0x00, 0x00, 0x00,
    0x00, 0xc6, 0x4f, 0x00, 0x81, 0x79, 0x1a, 0x12, 0x04, 0x00, 0x01, 0x00,
    0x00, 0x19, 0x1e, 0x0c, 0x00, 0xa8, 0x00, 0x00, 0x81, 0x79, 0x1b, 0x10,
    0x04, 0x00, 0x01, 0x00, 0x00, 0x19, 0x1e, 0x0c, 0x00, 0xa2, 0x02, 0x00,
    0x23, 0x72, 0x1f, 0x1c, 0x1f, 0x00, 0x00, 0x00, 0x1d, 0x00, 0x00, 0x00,
    0x00, 0xc6, 0x8f, 0x00, 0x81, 0x79, 0x1c, 0x12, 0x04, 0x80, 0x01, 0x00,
    0x00, 0x19, 0x1e, 0x0c, 0x00, 0xe8, 0x00, 0x00, 0x81, 0x79, 0x1d, 0x10,
    0x04, 0x80, 0x01, 0x00, 0x00, 0x19, 0x1e, 0x0c, 0x00, 0xe4, 0x02, 0x00,
    0x25, 0x78, 0x10, 0x18, 0x04, 0x00, 0x00, 0x00, 0x0e, 0x02, 0x8e, 0x07,
    0x00, 0xca, 0x2f, 0x00, 0x81, 0x79, 0x24, 0x10, 0x04, 0x00, 0x02, 0x00,
    0x00, 0x19, 0x1e, 0x0c, 0x00, 0x28, 0x0f, 0x00, 0x81, 0x79, 0x13, 0x10,
    0x04, 0x00, 0x03, 0x00, 0x00, 0x19, 0x1e, 0x0c, 0x00, 0x62, 0x1f, 0x00,
    0x23, 0x72, 0x1f, 0x1a, 0x1b, 0x00, 0x00, 0x00, 0x1f, 0x00, 0x00, 0x00,
    0x00, 0xe2, 0x4f, 0x00, 0x25, 0x78, 0x1a, 0x17, 0x04, 0x00, 0x00, 0x00,
    0x0c, 0x02, 0x8e, 0x07, 0x00, 0xca, 0x0f, 0x00, 0x81, 0x79, 0x25, 0x1a,
    0x04, 0x00, 0x02, 0x00, 0x00, 0x19, 0x1e, 0x0c, 0x00, 0x22, 0x0f, 0x00,
    0x23, 0x72, 0x1c, 0x1c, 0x1d, 0x00, 0x00, 0x00, 0x1f, 0x00, 0x00, 0x00,
    0x00, 0xc6, 0x8f, 0x00, 0x81, 0x79, 0x1f, 0x10, 0x04, 0x80, 0x02, 0x00,
    0x00, 0x19, 0x1e, 0x0c, 0x00, 0xa8, 0x0e, 0x00, 0x81, 0x79, 0x1d, 0x1a,
    0x04, 0x80, 0x02, 0x00, 0x00, 0x19, 0x1e, 0x0c, 0x00, 0xa8, 0x0e, 0x00,
    0x81, 0x79, 0x12, 0x1a, 0x04, 0x00, 0x03, 0x00, 0x00, 0x19, 0x1e, 0x0c,
    0x00, 0x62, 0x0f, 0x00, 0x23, 0x72, 0x1c, 0x25, 0x24, 0x00, 0x00, 0x00,
    0x1c, 0x00, 0x00, 0x00, 0x00, 0xc8, 0x0f, 0x01, 0x23, 0x72, 0x1f, 0x1d,
    0x1f, 0x00, 0x00, 0x00, 0x1c, 0x00, 0x00, 0x00, 0x00, 0xe4, 0x4f, 0x00,
    0x81, 0x79, 0x1c, 0x1a, 0x04, 0x80, 0x03, 0x00, 0x00, 0x19, 0x1e, 0x0c,
    0x00, 0xa8, 0x00, 0x00, 0x81, 0x79, 0x1d, 0x10, 0x04, 0x80, 0x03, 0x00,
    0x00, 0x19, 0x1e, 0x0c, 0x00, 0xa2, 0x02, 0x00, 0x23, 0x72, 0x1f, 0x12,
    0x13, 0x00, 0x00, 0x00, 0x1f, 0x00, 0x00, 0x00, 0x00, 0xe2, 0x0f, 0x02,
    0x25, 0x78, 0x12, 0x15, 0x04, 0x00, 0x00, 0x00, 0x0c, 0x02, 0x8e, 0x07,
    0x00, 0xca, 0x0f, 0x00, 0x81, 0x79, 0x25, 0x12, 0x04, 0x00, 0x04, 0x00,
    0x00, 0x19, 0x1e, 0x0c, 0x00, 0xe2, 0x0e, 0x00, 0x25, 0x78, 0x10, 0x16,
    0x04, 0x00, 0x00, 0x00, 0x0e, 0x02, 0x8e, 0x07, 0x00, 0xc6, 0x2f, 0x00,
    0x81, 0x79, 0x1a, 0x12, 0x04, 0x00, 0x05, 0x00, 0x00, 0x19, 0x1e, 0x0c,
    0x00, 0x28, 0x1f, 0x00, 0x81, 0x79, 0x24, 0x10, 0x04, 0x00, 0x04, 0x00,
    0x00, 0x19, 0x1e, 0x0c, 0x00, 0xe8, 0x0e, 0x00, 0x81, 0x79, 0x1b, 0x10,
    0x04, 0x00, 0x05, 0x00, 0x00, 0x19, 0x1e, 0x0c, 0x00, 0x22, 0x0f, 0x00,
    0x23, 0x72, 0x1c, 0x1c, 0x1d, 0x00, 0x00, 0x00, 0x1f, 0x00, 0x00, 0x00,
    0x00, 0xc6, 0x4f, 0x00, 0x81, 0x79, 0x1f, 0x10, 0x04, 0x80, 0x04, 0x00,
    0x00, 0x19, 0x1e, 0x0c, 0x00, 0xa8, 0x0e, 0x00, 0x81, 0x79, 0x1d, 0x12,
    0x04, 0x80, 0x04, 0x00, 0x00, 0x19, 0x1e, 0x0c, 0x00, 0xa2, 0x0e, 0x00,
    0x23, 0x72, 0x1c, 0x25, 0x24, 0x00, 0x00, 0x00, 0x1c, 0x00, 0x00, 0x00,
    0x00, 0xc8, 0x8f, 0x00, 0x23, 0x72, 0x1f, 0x1d, 0x1f, 0x00, 0x00, 0x00,
    0x1c, 0x00, 0x00, 0x00, 0x00, 0xe4, 0x4f, 0x00, 0x81, 0x79, 0x1c, 0x12,
    0x04, 0x80, 0x05, 0x00, 0x00, 0x19, 0x1e, 0x0c, 0x00, 0xa8, 0x00, 0x00,
    0x81, 0x79, 0x1d, 0x10, 0x04, 0x80, 0x05, 0x00, 0x00, 0x19, 0x1e, 0x0c,
    0x00, 0xa2, 0x02, 0x00, 0x23, 0x72, 0x1b, 0x1a, 0x1b, 0x00, 0x00, 0x00,
    0x1f, 0x00, 0x00, 0x00, 0x00, 0xe2, 0x0f, 0x01, 0x25, 0x78, 0x12, 0x0b,
    0x04, 0x00, 0x00, 0x00, 0x0c, 0x02, 0x8e, 0x07, 0x00, 0xc8, 0x1f, 0x00,
    0x25, 0x78, 0x10, 0x14, 0x04, 0x00, 0x00, 0x00, 0x0e, 0x02, 0x8e, 0x07,
    0x00, 0xe2, 0x2f, 0x00, 0x81, 0x79, 0x1a, 0x12, 0x04, 0x00, 0x06, 0x00,
    0x00, 0x19, 0x1e, 0x0c, 0x00, 0xe8, 0x0e, 0x00, 0x81, 0x79, 0x1f, 0x10,
    0x04, 0x00, 0x06, 0x00, 0x00, 0x19, 0x1e, 0x0c, 0x00, 0xe8, 0x0e, 0x00,
    0x81, 0x79, 0x25, 0x10, 0x04, 0x80, 0x06, 0x00, 0x00, 0x19, 0x1e, 0x0c,
    0x00, 0x28, 0x0f, 0x00, 0x81, 0x79, 0x24, 0x12, 0x04, 0x80, 0x06, 0x00,
    0x00, 0x19, 0x1e, 0x0c, 0x00, 0x22, 0x0f, 0x00, 0x23, 0x72, 0x1b, 0x1c,
    0x1d, 0x00, 0x00, 0x00, 0x1b, 0x00, 0x00, 0x00, 0x00, 0xc6, 0x4f, 0x00,
    0x81, 0x79, 0x1d, 0x12, 0x04, 0x80, 0x07, 0x00, 0x00, 0x19, 0x1e, 0x0c,
    0x00, 0xa8, 0x0e, 0x00, 0x81, 0x79, 0x1c, 0x10, 0x04, 0x80, 0x07, 0x00,
    0x00, 0x19, 0x1e, 0x0c, 0x00, 0xa2, 0x0e, 0x00, 0x23, 0x72, 0x1f, 0x1a,
    0x1f, 0x00, 0x00, 0x00, 0x1b, 0x00, 0x00, 0x00, 0x00, 0xc6, 0x8f, 0x00,
    0x81, 0x79, 0x1a, 0x12, 0x04, 0x00, 0x07, 0x00, 0x00, 0x19, 0x1e, 0x0c,
    0x00, 0xe8, 0x0e, 0x00, 0x81, 0x79, 0x1b, 0x10, 0x04, 0x00, 0x07, 0x00,
    0x00, 0x19, 0x1e, 0x0c, 0x00, 0xe2, 0x0e, 0x00, 0x10, 0x78, 0x1e, 0x1e,
    0x00, 0x02, 0x00, 0x00, 0xff, 0xe0, 0xff, 0x07, 0x00, 0xc8, 0x0f, 0x00,
    0x0c, 0x72, 0x00, 0x1e, 0x0a, 0x00, 0x00, 0x00, 0x70, 0x62, 0xf2, 0x03,
    0x00, 0xe2, 0x0f, 0x00, 0x23, 0x72, 0x1f, 0x24, 0x25, 0x00, 0x00, 0x00,
    0x1f, 0x00, 0x00, 0x00, 0x00, 0xe2, 0x0f, 0x01, 0x10, 0x78, 0x0c, 0x0c,
    0x00, 0x08, 0x00, 0x00, 0xff, 0xe0, 0xf5, 0x07, 0x00, 0xe4, 0x0f, 0x00,
    0x10, 0x78, 0x0e, 0x0e, 0x00, 0x08, 0x00, 0x00, 0xff, 0xe0, 0xf7, 0x07,
    0x00, 0xe4, 0x0f, 0x00, 0x10, 0x72, 0x0d, 0xff, 0x0d, 0x00, 0x00, 0x00,
    0xff, 0xe4, 0x7f, 0x01, 0x00, 0xe4, 0x0f, 0x00, 0x10, 0x72, 0x0f, 0xff,
    0x0f, 0x00, 0x00, 0x00, 0xff, 0xe4, 0xff, 0x01, 0x00, 0xe2, 0x0f, 0x00,
    0x23, 0x72, 0x1a, 0x1a, 0x1b, 0x00, 0x00, 0x00, 0x1f, 0x00, 0x00, 0x00,
    0x00, 0xc8, 0x8f, 0x00, 0x23, 0x72, 0x1d, 0x1d, 0x1c, 0x00, 0x00, 0x00,
    0x1a, 0x00, 0x00, 0x00, 0x00, 0xe2, 0x4f, 0x00, 0x47, 0x99, 0x00, 0x00,
    0x10, 0xfc, 0xff, 0xff, 0xff, 0xff, 0x83, 0x03, 0x00, 0xea, 0x0f, 0x00,
    0x41, 0x79, 0x01, 0x00, 0x00, 0x00, 0x00, 0x00, 0x00, 0x00, 0x80, 0x03,
    0x00, 0xea, 0x0f, 0x00, 0x10, 0x7a, 0x02, 0x1e, 0x00, 0x5f, 0x00, 0x00,
    0xff, 0xe1, 0xff, 0x07, 0x00, 0xe2, 0x0f, 0x00, 0x45, 0x79, 0x01, 0x00,
    0x50, 0x02, 0x00, 0x00, 0x00, 0x00, 0x80, 0x03, 0x00, 0xe6, 0x0f, 0x00,
    0x0c, 0x78, 0x00, 0x02, 0x80, 0x00, 0x00, 0x00, 0x70, 0x42, 0xf2, 0x03,
    0x00, 0xda, 0x0f, 0x00, 0x47, 0x99, 0x00, 0x00, 0x20, 0x02, 0x00, 0x00,
    0x00, 0x00, 0x80, 0x03, 0x00, 0xea, 0x0f, 0x00, 0x25, 0x78, 0x0a, 0x04,
    0x04, 0x00, 0x00, 0x00, 0x0e, 0x02, 0x8e, 0x07, 0x00, 0xc8, 0x0f, 0x00,
    0x25, 0x78, 0x04, 0x05, 0x04, 0x00, 0x00, 0x00, 0x0c, 0x02, 0x8e, 0x07,
    0x00, 0xe2, 0x0f, 0x00, 0x81, 0x79, 0x02, 0x0a, 0x04, 0x00, 0x00, 0x00,
    0x00, 0x19, 0x1e, 0x0c, 0x00, 0xa8, 0x0e, 0x00, 0x81, 0x79, 0x12, 0x04,
    0x04, 0x00, 0x00, 0x00, 0x00, 0x19, 0x1e, 0x0c, 0x00, 0xa8, 0x0e, 0x00,
    0x81, 0x79, 0x16, 0x0a, 0x04, 0x80, 0x00, 0x00, 0x00, 0x19, 0x1e, 0x0c,
    0x00, 0xe8, 0x0e, 0x00, 0x81, 0x79, 0x15, 0x04, 0x04, 0x80, 0x00, 0x00,
    0x00, 0x19, 0x1e, 0x0c, 0x00, 0xe2, 0x0e, 0x00, 0x25, 0x78, 0x10, 0x06,
    0x04, 0x00, 0x00, 0x00, 0x0e, 0x02, 0x8e, 0x07, 0x00, 0xc6, 0x0f, 0x00,
    0x81, 0x79, 0x13, 0x04, 0x04, 0x00, 0x01, 0x00, 0x00, 0x19, 0x1e, 0x0c,
    0x00, 0x22, 0x0f, 0x00, 0x25, 0x78, 0x06, 0x07, 0x04, 0x00, 0x00, 0x00,
    0x0c, 0x02, 0x8e, 0x07, 0x00, 0xc6, 0x0f, 0x00, 0x81, 0x79, 0x14, 0x0a,
    0x04, 0x00, 0x01, 0x00, 0x00, 0x19, 0x1e, 0x0c, 0x00, 0x28, 0x0f, 0x00,
    0x81, 0x79, 0x17, 0x04, 0x04, 0x80, 0x01, 0x00, 0x00, 0x19, 0x1e, 0x0c,
    0x00, 0x68, 0x0f, 0x00, 0x81, 0x79, 0x25, 0x0a, 0x04, 0x80, 0x01, 0x00,
    0x00, 0x19, 0x1e, 0x0c, 0x00, 0x68, 0x0f, 0x00, 0x81, 0x79, 0x1f, 0x06,
    0x04, 0x00, 0x02, 0x00, 0x00, 0x19, 0x1e, 0x0c, 0x00, 0x68, 0x0f, 0x00,
    0x81, 0x79, 0x24, 0x10, 0x04, 0x00, 0x02, 0x00, 0x00, 0x19, 0x1e, 0x0c,
    0x00, 0x68, 0x0f, 0x00, 0x81, 0x79, 0x1a, 0x06, 0x04, 0x80, 0x02, 0x00,
    0x00, 0x19, 0x1e, 0x0c, 0x00, 0x68, 0x0f, 0x00, 0x81, 0x79, 0x1b, 0x10,
    0x04, 0x80, 0x02, 0x00, 0x00, 0x19, 0x1e, 0x0c, 0x00, 0x68, 0x0f, 0x00,
    0x81, 0x79, 0x18, 0x06, 0x04, 0x00, 0x03, 0x00, 0x00, 0x19, 0x1e, 0x0c,
    0x00, 0x68, 0x0f, 0x00, 0x81, 0x79, 0x19, 0x10, 0x04, 0x00, 0x03, 0x00,
    0x00, 0x19, 0x1e, 0x0c, 0x00, 0x68, 0x0f, 0x00, 0x81, 0x79, 0x1c, 0x06,
    0x04, 0x80, 0x03, 0x00, 0x00, 0x19, 0x1e, 0x0c, 0x00, 0x68, 0x0f, 0x00,
    0x81, 0x79, 0x26, 0x10, 0x04, 0x80, 0x03, 0x00, 0x00, 0x19, 0x1e, 0x0c,
    0x00, 0x62, 0x0f, 0x00, 0x10, 0x78, 0x0c, 0x0c, 0x00, 0x04, 0x00, 0x00,
    0xff, 0xe0, 0xf3, 0x07, 0x00, 0xc4, 0x0f, 0x00, 0x10, 0x78, 0x0e, 0x0e,
    0x00, 0x04, 0x00, 0x00, 0xff, 0xe0, 0xf5, 0x07, 0x00, 0xe4, 0x0f, 0x00,
    0x1c, 0x78, 0x00, 0x00, 0x00, 0x00, 0x00, 0x00, 0x70, 0xe1, 0xf0, 0x03,
    0x00, 0xe4, 0x0f, 0x00, 0x10, 0x78, 0x1e, 0x1e, 0x00, 0x01, 0x00, 0x00,
    0xff, 0xe0, 0xff, 0x07, 0x00, 0xe4, 0x0f, 0x00, 0x10, 0x72, 0x0d, 0xff,
    0x0d, 0x00, 0x00, 0x00, 0xff, 0xe4, 0xff, 0x00, 0x00, 0xe4, 0x0f, 0x00,
    0x10, 0x72, 0x0f, 0xff, 0x0f, 0x00, 0x00, 0x00, 0xff, 0xe4, 0x7f, 0x01,
    0x00, 0xe2, 0x0f, 0x00, 0x23, 0x72, 0x02, 0x12, 0x02, 0x00, 0x00, 0x00,
    0x1d, 0x00, 0x00, 0x00, 0x00, 0xc8, 0x4f, 0x00, 0x23, 0x72, 0x02, 0x15,
    0x16, 0x00, 0x00, 0x00, 0x02, 0x00, 0x00, 0x00, 0x00, 0xc8, 0x8f, 0x00,
    0x23, 0x72, 0x02, 0x13, 0x14, 0x00, 0x00, 0x00, 0x02, 0x00, 0x00, 0x00,
    0x00, 0xc8, 0x0f, 0x01, 0x23, 0x72, 0x02, 0x17, 0x25, 0x00, 0x00, 0x00,
    0x02, 0x00, 0x00, 0x00, 0x00, 0xc8, 0x0f, 0x02, 0x23, 0x72, 0x1f, 0x1f,
    0x24, 0x00, 0x00, 0x00, 0x02, 0x00, 0x00, 0x00, 0x00, 0xc8, 0x0f, 0x00,
    0x23, 0x72, 0x1b, 0x1a, 0x1b, 0x00, 0x00, 0x00, 0x1f, 0x00, 0x00, 0x00,
    0x00, 0xc8, 0x0f, 0x00, 0x23, 0x72, 0x19, 0x18, 0x19, 0x00, 0x00, 0x00,
    0x1b, 0x00, 0x00, 0x00, 0x00, 0xc8, 0x0f, 0x00, 0x23, 0x72, 0x1d, 0x1c,
    0x26, 0x00, 0x00, 0x00, 0x19, 0x00, 0x00, 0x00, 0x00, 0xe4, 0x0f, 0x00,
    0x41, 0x79, 0x01, 0x00, 0x00, 0x00, 0x00, 0x00, 0x00, 0x00, 0x80, 0x03,
    0x00, 0xea, 0x0f, 0x00, 0x0c, 0x7a, 0x00, 0x1e, 0x00, 0x5f, 0x00, 0x00,
    0x70, 0x16, 0x70, 0x00, 0x00, 0xda, 0x0f, 0x00, 0x47, 0x89, 0x00, 0x00,
    0xe0, 0x00, 0x00, 0x00, 0x00, 0x00, 0x80, 0x03, 0x00, 0xea, 0x0f, 0x00,
    0x25, 0x78, 0x04, 0x09, 0x04, 0x00, 0x00, 0x00, 0x0c, 0x02, 0x8e, 0x07,
    0x00, 0xc8, 0x0f, 0x00, 0x25, 0x78, 0x08, 0x08, 0x04, 0x00, 0x00, 0x00,
    0x0e, 0x02, 0x8e, 0x07, 0x00, 0xe2, 0x0f, 0x00, 0x81, 0x79, 0x02, 0x04,
    0x04, 0x00, 0x00, 0x00, 0x00, 0x19, 0x1e, 0x0c, 0x00, 0xa8, 0x0e, 0x00,
    0x81, 0x79, 0x06, 0x08, 0x04, 0x00, 0x00, 0x00, 0x00, 0x19, 0x1e, 0x0c,
    0x00, 0xa8, 0x0e, 0x00, 0x81, 0x79, 0x07, 0x04, 0x04, 0x80, 0x00, 0x00,
    0x00, 0x19, 0x1e, 0x0c, 0x00, 0xe8, 0x0e, 0x00, 0x81, 0x79, 0x0a, 0x08,
    0x04, 0x80, 0x00, 0x00, 0x00, 0x19, 0x1e, 0x0c, 0x00, 0xe8, 0x0e, 0x00,
    0x81, 0x79, 0x0b, 0x04, 0x04, 0x00, 0x01, 0x00, 0x00, 0x19, 0x1e, 0x0c,
    0x00, 0x28, 0x0f, 0x00, 0x81, 0x79, 0x0c, 0x08, 0x04, 0x00, 0x01, 0x00,
    0x00, 0x19, 0x1e, 0x0c, 0x00, 0x28, 0x0f, 0x00, 0x81, 0x79, 0x0d, 0x04,
    0x04, 0x80, 0x01, 0x00, 0x00, 0x19, 0x1e, 0x0c, 0x00, 0x68, 0x0f, 0x00,
    0x81, 0x79, 0x0e, 0x08, 0x04, 0x80, 0x01, 0x00, 0x00, 0x19, 0x1e, 0x0c,
    0x00, 0x62, 0x0f, 0x00, 0x23, 0x72, 0x02, 0x02, 0x06, 0x00, 0x00, 0x00,
    0x1d, 0x00, 0x00, 0x00, 0x00, 0xc8, 0x4f, 0x00, 0x23, 0x72, 0x02, 0x07,
    0x0a, 0x00, 0x00, 0x00, 0x02, 0x00, 0x00, 0x00, 0x00, 0xc8, 0x8f, 0x00,
    0x23, 0x72, 0x02, 0x0b, 0x0c, 0x00, 0x00, 0x00, 0x02, 0x00, 0x00, 0x00,
    0x00, 0xc8, 0x0f, 0x01, 0x23, 0x72, 0x1d, 0x0d, 0x0e, 0x00, 0x00, 0x00,
    0x02, 0x00, 0x00, 0x00, 0x00, 0xe4, 0x0f, 0x02, 0x41, 0x79, 0x00, 0x00,
    0x00, 0x00, 0x00, 0x00, 0x00, 0x00, 0x80, 0x03, 0x00, 0xea, 0x0f, 0x00,
    0x89, 0x7f, 0x02, 0x1d, 0x00, 0x1f, 0x00, 0x0a, 0x00, 0x00, 0x0e, 0x00,
    0x00, 0x22, 0x0e, 0x00, 0x0c, 0x72, 0x00, 0x22, 0xff, 0x00, 0x00, 0x00,
    0x70, 0x52, 0xf0, 0x03, 0x00, 0xe2, 0x0f, 0x00, 0x21, 0x72, 0x02, 0x02,
    0x1d, 0x00, 0x00, 0x00, 0x00, 0x00, 0x00, 0x00, 0x00, 0xca, 0x1f, 0x00,
    0x89, 0x7f, 0x05, 0x02, 0x00, 0x1f, 0x00, 0x09, 0x00, 0x00, 0x0e, 0x00,
    0x00, 0x24, 0x0e, 0x00, 0x21, 0x72, 0x05, 0x02, 0x05, 0x00, 0x00, 0x00,
    0x00, 0x00, 0x00, 0x00, 0x00, 0xca, 0x1f, 0x00, 0x89, 0x7f, 0x04, 0x05,
    0x00, 0x1f, 0x80, 0x08, 0x00, 0x00, 0x0e, 0x00, 0x00, 0x24, 0x0e, 0x00,
    0x21, 0x72, 0x04, 0x05, 0x04, 0x00, 0x00, 0x00, 0x00, 0x00, 0x00, 0x00,
    0x00, 0xca, 0x1f, 0x00, 0x89, 0x7f, 0x07, 0x04, 0x00, 0x1f, 0x40, 0x08,
    0x00, 0x00, 0x0e, 0x00, 0x00, 0x24, 0x0e, 0x00, 0x21, 0x72, 0x07, 0x04,
    0x07, 0x00, 0x00, 0x00, 0x00, 0x00, 0x00, 0x00, 0x00, 0xca, 0x1f, 0x00,
    0x89, 0x7f, 0x06, 0x07, 0x00, 0x1f, 0x20, 0x08, 0x00, 0x00, 0x0e, 0x00,
    0x00, 0x62, 0x00, 0x00, 0x4d, 0x09, 0x00, 0x00, 0x00, 0x00, 0x00, 0x00,
    0x00, 0x00, 0x80, 0x03, 0x00, 0xea, 0x0f, 0x00, 0x02, 0x7a, 0x05, 0x00,
    0x00, 0x5e, 0x00, 0x00, 0x00, 0x0f, 0x00, 0x00, 0x00, 0xe2, 0x0f, 0x00,
    0x25, 0x7a, 0x20, 0x00, 0x00, 0x5e, 0x00, 0x00, 0x20, 0x00, 0x8e, 0x07,
    0x00, 0xe2, 0x0f, 0x00, 0x21, 0x72, 0x07, 0x07, 0x06, 0x00, 0x00, 0x00,
    0x00, 0x00, 0x00, 0x00, 0x00, 0xe4, 0x3f, 0x00, 0x19, 0x78, 0x05, 0xff,
    0x1f, 0x00, 0x00, 0x00, 0x05, 0x14, 0x01, 0x00, 0x00, 0xca, 0x0f, 0x00,
    0x24, 0x72, 0x02, 0x05, 0x00, 0x00, 0x00, 0x00, 0xff, 0x02, 0x8e, 0x07,
    0x00, 0xc8, 0x0f, 0x00, 0x24, 0x7a, 0x03, 0x03, 0x00, 0x5e, 0x00, 0x00,
    0x02, 0x02, 0x8e, 0x07, 0x00, 0xe2, 0x0f, 0x00, 0x11, 0x7a, 0x02, 0x20,
    0x00, 0x5c, 0x00, 0x00, 0xff, 0x10, 0x80, 0x07, 0x00, 0xc8, 0x0f, 0x00,
    0x10, 0x72, 0x03, 0x21, 0x03, 0x00, 0x00, 0x00, 0xff, 0xe0, 0xff, 0x07,
    0x00, 0xc8, 0x0f, 0x00, 0x11, 0x7a, 0x03, 0x20, 0x00, 0x5d, 0x00, 0x00,
    0x03, 0x14, 0x0f, 0x00, 0x00, 0xca, 0x0f, 0x00, 0x86, 0x79, 0x00, 0x02,
    0x07, 0x00, 0x00, 0x00, 0x04, 0x19, 0x10, 0x0c, 0x00, 0xe2, 0x0f, 0x00,
    0x4d, 0x79, 0x00, 0x00, 0x00, 0x00, 0x00, 0x00, 0x00, 0x00, 0x80, 0x03,
    0x00, 0xea, 0x0f, 0x00, 0x47, 0x79, 0x00, 0x00, 0xf0, 0xff, 0xff, 0xff,
    0xff, 0xff, 0x83, 0x03, 0x00, 0xc0, 0x0f, 0x00, 0x18, 0x79, 0x00, 0x00,
    0x00, 0x00, 0x00, 0x00, 0x00, 0x00, 0x00, 0x00, 0x00, 0xc0, 0x0f, 0x00,
    0x18, 0x79, 0x00, 0x00, 0x00, 0x00, 0x00, 0x00, 0x00, 0x00, 0x00, 0x00,
    0x00, 0xc0, 0x0f, 0x00, 0x18, 0x79, 0x00, 0x00, 0x00, 0x00, 0x00, 0x00,
    0x00, 0x00, 0x00, 0x00, 0x00, 0xc0, 0x0f, 0x00, 0x18, 0x79, 0x00, 0x00,
    0x00, 0x00, 0x00, 0x00, 0x00, 0x00, 0x00, 0x00, 0x00, 0xc0, 0x0f, 0x00,
    0x18, 0x79, 0x00, 0x00, 0x00, 0x00, 0x00, 0x00, 0x00, 0x00, 0x00, 0x00,
    0x00, 0xc0, 0x0f, 0x00, 0x18, 0x79, 0x00, 0x00, 0x00, 0x00, 0x00, 0x00,
    0x00, 0x00, 0x00, 0x00, 0x00, 0xc0, 0x0f, 0x00, 0x18, 0x79, 0x00, 0x00,
    0x00, 0x00, 0x00, 0x00, 0x00, 0x00, 0x00, 0x00, 0x00, 0xc0, 0x0f, 0x00,
    0x18, 0x79, 0x00, 0x00, 0x00, 0x00, 0x00, 0x00, 0x00, 0x00, 0x00, 0x00,
    0x00, 0xc0, 0x0f, 0x00, 0x18, 0x79, 0x00, 0x00, 0x00, 0x00, 0x00, 0x00,
    0x00, 0x00, 0x00, 0x00, 0x00, 0xc0, 0x0f, 0x00,
};
static const unsigned matmul_param_off_sm86[] = { 0, 8, 16, 24, 28, 32 };

/* softmax_rows (softmax_rows_f32) — 7808 B, 488 instrucciones */
static const unsigned char softmax_rows_sass_sm86[] = {
    0x24, 0x76, 0x01, 0xff, 0x00, 0x0a, 0x00, 0x00, 0xff, 0x00, 0x8e, 0x07,
    0x00, 0xe4, 0x0f, 0x00, 0x19, 0x79, 0x05, 0x00, 0x00, 0x00, 0x00, 0x00,
    0x00, 0x25, 0x00, 0x00, 0x00, 0x24, 0x0e, 0x00, 0x0c, 0x7a, 0x00, 0x05,
    0x00, 0x5a, 0x00, 0x00, 0x70, 0x62, 0xf0, 0x03, 0x00, 0xda, 0x1f, 0x00,
    0x4d, 0x09, 0x00, 0x00, 0x00, 0x00, 0x00, 0x00, 0x00, 0x00, 0x80, 0x03,
    0x00, 0xea, 0x0f, 0x00, 0x19, 0x79, 0x06, 0x00, 0x00, 0x00, 0x00, 0x00,
    0x00, 0x21, 0x00, 0x00, 0x00, 0x24, 0x0e, 0x00, 0x12, 0x78, 0xff, 0x06,
    0xe0, 0xff, 0xff, 0xff, 0xff, 0xc0, 0x80, 0x07, 0x00, 0xda, 0x1f, 0x00,
    0x4d, 0x09, 0x00, 0x00, 0x00, 0x00, 0x00, 0x00, 0x00, 0x00, 0x80, 0x03,
    0x00, 0xea, 0x0f, 0x00, 0x12, 0x78, 0x02, 0x06, 0x1f, 0x00, 0x00, 0x00,
    0xff, 0xc0, 0x8e, 0x07, 0x00, 0xe2, 0x0f, 0x00, 0x24, 0x76, 0x10, 0xff,
    0x00, 0x5b, 0x00, 0x00, 0xff, 0x00, 0x8e, 0x07, 0x00, 0xe2, 0x0f, 0x00,
    0xb9, 0x7a, 0x04, 0x00, 0x00, 0x46, 0x00, 0x00, 0x00, 0x0a, 0x00, 0x00,
    0x00, 0xe2, 0x0f, 0x00, 0x45, 0x79, 0x00, 0x00, 0x10, 0x08, 0x00, 0x00,
    0x00, 0x00, 0x80, 0x03, 0x00, 0xe2, 0x0f, 0x00, 0x19, 0x78, 0x07, 0xff,
    0x1f, 0x00, 0x00, 0x00, 0x05, 0x14, 0x01, 0x00, 0x00, 0xe2, 0x0f, 0x00,
    0x24, 0x72, 0x04, 0xff, 0xff, 0x00, 0x00, 0x00, 0x02, 0x00, 0x8e, 0x07,
    0x00, 0xe2, 0x0f, 0x00, 0x19, 0x78, 0x08, 0xff, 0x1f, 0x00, 0x00, 0x00,
    0x10, 0x14, 0x01, 0x00, 0x00, 0xe2, 0x0f, 0x00, 0x24, 0x74, 0x0c, 0xff,
    0xca, 0xf2, 0x49, 0xf1, 0xff, 0x00, 0x8e, 0x07, 0x00, 0xc6, 0x0f, 0x00,
    0x0c, 0x7a, 0x00, 0x04, 0x00, 0x5b, 0x00, 0x00, 0x70, 0x62, 0xf6, 0x03,
    0x00, 0xda, 0x0f, 0x00, 0x47, 0x39, 0x00, 0x00, 0xa0, 0x07, 0x00, 0x00,
    0x00, 0x00, 0x80, 0x03, 0x00, 0xea, 0x0f, 0x00, 0x12, 0x72, 0x00, 0xff,
    0x04, 0x00, 0x00, 0x00, 0xff, 0x33, 0x8e, 0x07, 0x00, 0xe2, 0x0f, 0x00,
    0x45, 0x79, 0x01, 0x00, 0xb0, 0x01, 0x00, 0x00, 0x00, 0x00, 0x80, 0x03,
    0x00, 0xe2, 0x0f, 0x00, 0x24, 0x74, 0x0c, 0xff, 0xca, 0xf2, 0x49, 0xf1,
    0xff, 0x00, 0x8e, 0x07, 0x00, 0xe4, 0x0f, 0x00, 0x10, 0x7a, 0x0a, 0x00,
    0x00, 0x5b, 0x00, 0x00, 0xff, 0xe0, 0xff, 0x07, 0x00, 0xc8, 0x0f, 0x00,
    0x11, 0x78, 0x00, 0x0a, 0x01, 0x00, 0x00, 0x00, 0xff, 0xd8, 0x8f, 0x07,
    0x00, 0xe4, 0x0f, 0x04, 0x0c, 0x78, 0x00, 0x0a, 0x60, 0x00, 0x00, 0x00,
    0x70, 0x60, 0xf0, 0x03, 0x00, 0xe4, 0x0f, 0x00, 0x12, 0x78, 0x09, 0x00,
    0x03, 0x00, 0x00, 0x00, 0xff, 0xc0, 0x82, 0x07, 0x00, 0xe2, 0x0f, 0x00,
    0x24, 0x72, 0x00, 0xff, 0xff, 0x00, 0x00, 0x00, 0x04, 0x00, 0x8e, 0x07,
    0x00, 0xd8, 0x0f, 0x00, 0x47, 0x99, 0x00, 0x00, 0x30, 0x01, 0x00, 0x00,
    0x00, 0x00, 0x80, 0x03, 0x00, 0xea, 0x0f, 0x00, 0x24, 0x7a, 0x00, 0x07,
    0x00, 0x5b, 0x00, 0x00, 0xff, 0x02, 0x8e, 0x07, 0x00, 0xe4, 0x0f, 0x00,
    0x24, 0x72, 0x03, 0xff, 0xff, 0x00, 0x00, 0x00, 0xff, 0x00, 0x8e, 0x07,
    0x00, 0xe4, 0x0f, 0x00, 0x24, 0x72, 0x0f, 0x05, 0x08, 0x00, 0x00, 0x00,
    0x00, 0x02, 0x8e, 0x07, 0x00, 0xe4, 0x0f, 0x04, 0x25, 0x7a, 0x0a, 0x05,
    0x00, 0x5b, 0x00, 0x00, 0x02, 0x00, 0x8e, 0x07, 0x00, 0xc8, 0x0f, 0x00,
    0x24, 0x78, 0x0b, 0x0b, 0x01, 0x00, 0x00, 0x00, 0x0f, 0x02, 0x8e, 0x07,
    0x00, 0xe2, 0x0f, 0x00, 0x11, 0x7a, 0x0d, 0x0a, 0x00, 0x58, 0x00, 0x00,
    0xff, 0x10, 0x82, 0x07, 0x00, 0xe2, 0x0f, 0x04, 0x24, 0x74, 0x0c, 0xff,
    0xca, 0xf2, 0x49, 0xf1, 0xff, 0x00, 0x8e, 0x07, 0x00, 0xe4, 0x0f, 0x00,
    0x24, 0x72, 0x00, 0xff, 0xff, 0x00, 0x00, 0x00, 0x04, 0x00, 0x8e, 0x07,
    0x00, 0xe2, 0x0f, 0x00, 0x11, 0x7a, 0x0e, 0x0a, 0x00, 0x59, 0x00, 0x00,
    0x0b, 0x14, 0x8f, 0x00, 0x00, 0xca, 0x0f, 0x00, 0x24, 0x72, 0x0b, 0xff,
    0xff, 0x00, 0x00, 0x00, 0x0e, 0x00, 0x8e, 0x07, 0x00, 0xe4, 0x0f, 0x00,
    0x24, 0x72, 0x0a, 0xff, 0xff, 0x00, 0x00, 0x00, 0x0d, 0x00, 0x8e, 0x07,
    0x00, 0xca, 0x0f, 0x00, 0x81, 0x79, 0x0b, 0x0a, 0x04, 0x00, 0x00, 0x00,
    0x00, 0x19, 0x1e, 0x0c, 0x00, 0xa2, 0x0e, 0x00, 0x10, 0x78, 0x09, 0x09,
    0xff, 0xff, 0xff, 0xff, 0xff, 0xe0, 0xff, 0x07, 0x00, 0xe4, 0x0f, 0x00,
    0x10, 0x78, 0x0d, 0x0d, 0x80, 0x00, 0x00, 0x00, 0xff, 0xe0, 0xf5, 0x07,
    0x00, 0xe4, 0x0f, 0x00, 0x0c, 0x72, 0x00, 0x09, 0xff, 0x00, 0x00, 0x00,
    0x70, 0x52, 0xf2, 0x03, 0x00, 0xe4, 0x0f, 0x00, 0x10, 0x78, 0x00, 0x00,
    0x20, 0x00, 0x00, 0x00, 0xff, 0xe0, 0xff, 0x07, 0x00, 0xe2, 0x0f, 0x00,
    0x24, 0x72, 0x0e, 0xff, 0xff, 0x00, 0x00, 0x00, 0x0e, 0x06, 0x0e, 0x01,
    0x00, 0xe2, 0x0f, 0x00, 0x09, 0x72, 0x0c, 0x0b, 0x0c, 0x00, 0x00, 0x00,
    0x00, 0x00, 0x80, 0x07, 0x00, 0xd2, 0x4f, 0x00, 0x47, 0x19, 0x00, 0x00,
    0x60, 0xff, 0xff, 0xff, 0xff, 0xff, 0x83, 0x03, 0x00, 0xea, 0x0f, 0x00,
    0x41, 0x79, 0x01, 0x00, 0x00, 0x00, 0x00, 0x00, 0x00, 0x00, 0x80, 0x03,
    0x00, 0xea, 0x0f, 0x00, 0x47, 0x89, 0x00, 0x00, 0xc0, 0x05, 0x00, 0x00,
    0x00, 0x00, 0x80, 0x03, 0x00, 0xea, 0x0f, 0x00, 0x24, 0x7a, 0x09, 0x07,
    0x00, 0x5b, 0x00, 0x00, 0xff, 0x02, 0x8e, 0x07, 0x00, 0xe2, 0x0f, 0x00,
    0x10, 0x7a, 0x0d, 0x00, 0x00, 0x5b, 0x00, 0x00, 0xff, 0xe1, 0xff, 0x07,
    0x00, 0xe2, 0x0f, 0x00, 0x24, 0x72, 0x0a, 0xff, 0xff, 0x00, 0x00, 0x00,
    0x00, 0x00, 0x8e, 0x07, 0x00, 0xe2, 0x0f, 0x00, 0x45, 0x79, 0x01, 0x00,
    0x30, 0x03, 0x00, 0x00, 0x00, 0x00, 0x80, 0x03, 0x00, 0xe2, 0x0f, 0x00,
    0x24, 0x72, 0x0b, 0xff, 0xff, 0x00, 0x00, 0x00, 0xff, 0x00, 0x8e, 0x07,
    0x00, 0xe2, 0x0f, 0x00, 0x0c, 0x78, 0x00, 0x0d, 0x80, 0x01, 0x00, 0x00,
    0x70, 0x42, 0xf2, 0x03, 0x00, 0xe2, 0x0f, 0x00, 0x24, 0x72, 0x09, 0x05,
    0x08, 0x00, 0x00, 0x00, 0x09, 0x02, 0x8e, 0x07, 0x00, 0xe4, 0x0f, 0x04,
    0x25, 0x7a, 0x0a, 0x05, 0x00, 0x5b, 0x00, 0x00, 0x0a, 0x00, 0x8e, 0x07,
    0x00, 0xc8, 0x0f, 0x00, 0x24, 0x78, 0x09, 0x09, 0x01, 0x00, 0x00, 0x00,
    0x0b, 0x02, 0x8e, 0x07, 0x00, 0xe2, 0x0f, 0x00, 0x11, 0x7a, 0x0b, 0x0a,
    0x00, 0x58, 0x00, 0x00, 0xff, 0x10, 0x80, 0x07, 0x00, 0xc8, 0x0f, 0x00,
    0x11, 0x7a, 0x09, 0x0a, 0x00, 0x59, 0x00, 0x00, 0x09, 0x14, 0x0f, 0x00,
    0x00, 0xe4, 0x0f, 0x00, 0x10, 0x78, 0x0a, 0x0b, 0x00, 0x01, 0x00, 0x00,
    0xff, 0xe0, 0xf1, 0x07, 0x00, 0xca, 0x0f, 0x00, 0x24, 0x72, 0x0b, 0xff,
    0xff, 0x00, 0x00, 0x00, 0x09, 0x06, 0x0e, 0x00, 0x00, 0xe2, 0x0f, 0x00,
    0x1c, 0x78, 0x00, 0x00, 0x00, 0x00, 0x00, 0x00, 0x70, 0xf0, 0xf0, 0x03,
    0x00, 0xe2, 0x0f, 0x00, 0x47, 0x99, 0x00, 0x00, 0x70, 0x02, 0x00, 0x00,
    0x00, 0x00, 0x80, 0x03, 0x00, 0xee, 0x0f, 0x00, 0x1c, 0x78, 0x00, 0x00,
    0x00, 0x00, 0x00, 0x00, 0x70, 0xe1, 0xf0, 0x03, 0x00, 0xe4, 0x0f, 0x00,
    0x10, 0x78, 0x0f, 0x10, 0x80, 0xfe, 0xff, 0xff, 0xff, 0xe0, 0xff, 0x07,
    0x00, 0xc6, 0x0f, 0x00, 0x81, 0x79, 0x13, 0x0a, 0x04, 0x00, 0xff, 0xff,
    0x00, 0x19, 0x1e, 0x0c, 0x00, 0xa8, 0x00, 0x00, 0x81, 0x79, 0x14, 0x0a,
    0x04, 0x80, 0xff, 0xff, 0x00, 0x19, 0x1e, 0x0c, 0x00, 0xe8, 0x00, 0x00,
    0x81, 0x79, 0x16, 0x0a, 0x04, 0x00, 0x00, 0x00, 0x00, 0x19, 0x1e, 0x0c,
    0x00, 0x28, 0x01, 0x00, 0x81, 0x79, 0x18, 0x0a, 0x04, 0x80, 0x00, 0x00,
    0x00, 0x19, 0x1e, 0x0c, 0x00, 0x68, 0x01, 0x00, 0x81, 0x79, 0x1a, 0x0a,
    0x04, 0x00, 0x01, 0x00, 0x00, 0x19, 0x1e, 0x0c, 0x00, 0x68, 0x01, 0x00,
    0x81, 0x79, 0x1c, 0x0a, 0x04, 0x80, 0x01, 0x00, 0x00, 0x19, 0x1e, 0x0c,
    0x00, 0x68, 0x01, 0x00, 0x81, 0x79, 0x1e, 0x0a, 0x04, 0x00, 0x02, 0x00,
    0x00, 0x19, 0x1e, 0x0c, 0x00, 0x68, 0x01, 0x00, 0x81, 0x79, 0x20, 0x0a,
    0x04, 0x80, 0x02, 0x00, 0x00, 0x19, 0x1e, 0x0c, 0x00, 0x68, 0x01, 0x00,
    0x81, 0x79, 0x22, 0x0a, 0x04, 0x00, 0x03, 0x00, 0x00, 0x19, 0x1e, 0x0c,
    0x00, 0x68, 0x01, 0x00, 0x81, 0x79, 0x24, 0x0a, 0x04, 0x80, 0x03, 0x00,
    0x00, 0x19, 0x1e, 0x0c, 0x00, 0x68, 0x01, 0x00, 0x81, 0x79, 0x12, 0x0a,
    0x04, 0x00, 0x04, 0x00, 0x00, 0x19, 0x1e, 0x0c, 0x00, 0x68, 0x01, 0x00,
    0x81, 0x79, 0x11, 0x0a, 0x04, 0x80, 0x04, 0x00, 0x00, 0x19, 0x1e, 0x0c,
    0x00, 0x68, 0x01, 0x00, 0x81, 0x79, 0x10, 0x0a, 0x04, 0x00, 0x05, 0x00,
    0x00, 0x19, 0x1e, 0x0c, 0x00, 0x68, 0x01, 0x00, 0x81, 0x79, 0x0d, 0x0a,
    0x04, 0x80, 0x05, 0x00, 0x00, 0x19, 0x1e, 0x0c, 0x00, 0x68, 0x01, 0x00,
    0x81, 0x79, 0x0e, 0x0a, 0x04, 0x00, 0x06, 0x00, 0x00, 0x19, 0x1e, 0x0c,
    0x00, 0x68, 0x01, 0x00, 0x81, 0x79, 0x09, 0x0a, 0x04, 0x80, 0x06, 0x00,
    0x00, 0x19, 0x1e, 0x0c, 0x00, 0x62, 0x01, 0x00, 0x10, 0x78, 0x00, 0x00,
    0x00, 0x02, 0x00, 0x00, 0xff, 0xe0, 0xff, 0x07, 0x00, 0xc8, 0x0f, 0x00,
    0x0c, 0x72, 0x00, 0x00, 0x0f, 0x00, 0x00, 0x00, 0x70, 0x62, 0xf2, 0x03,
    0x00, 0xe4, 0x0f, 0x00, 0x10, 0x78, 0x0a, 0x0a, 0x00, 0x08, 0x00, 0x00,
    0xff, 0xe0, 0xf5, 0x07, 0x00, 0xca, 0x1f, 0x00, 0x24, 0x72, 0x0b, 0xff,
    0xff, 0x00, 0x00, 0x00, 0x0b, 0x06, 0x0e, 0x01, 0x00, 0xe2, 0x0f, 0x00,
    0x09, 0x72, 0x13, 0x13, 0x0c, 0x00, 0x00, 0x00, 0x00, 0x00, 0x80, 0x07,
    0x00, 0xc8, 0x4f, 0x00, 0x09, 0x72, 0x13, 0x13, 0x14, 0x00, 0x00, 0x00,
    0x00, 0x00, 0x80, 0x07, 0x00, 0xc8, 0x8f, 0x00, 0x09, 0x72, 0x13, 0x13,
    0x16, 0x00, 0x00, 0x00, 0x00, 0x00, 0x80, 0x07, 0x00, 0xc8, 0x0f, 0x01,
    0x09, 0x72, 0x13, 0x13, 0x18, 0x00, 0x00, 0x00, 0x00, 0x00, 0x80, 0x07,
    0x00, 0xc8, 0x0f, 0x02, 0x09, 0x72, 0x13, 0x13, 0x1a, 0x00, 0x00, 0x00,
    0x00, 0x00, 0x80, 0x07, 0x00, 0xc8, 0x0f, 0x00, 0x09, 0x72, 0x13, 0x13,
    0x1c, 0x00, 0x00, 0x00, 0x00, 0x00, 0x80, 0x07, 0x00, 0xc8, 0x0f, 0x00,
    0x09, 0x72, 0x13, 0x13, 0x1e, 0x00, 0x00, 0x00, 0x00, 0x00, 0x80, 0x07,
    0x00, 0xc8, 0x0f, 0x00, 0x09, 0x72, 0x13, 0x13, 0x20, 0x00, 0x00, 0x00,
    0x00, 0x00, 0x80, 0x07, 0x00, 0xc8, 0x0f, 0x00, 0x09, 0x72, 0x13, 0x13,
    0x22, 0x00, 0x00, 0x00, 0x00, 0x00, 0x80, 0x07, 0x00, 0xc8, 0x0f, 0x00,
    0x09, 0x72, 0x13, 0x13, 0x24, 0x00, 0x00, 0x00, 0x00, 0x00, 0x80, 0x07,
    0x00, 0xc8, 0x0f, 0x00, 0x09, 0x72, 0x12, 0x13, 0x12, 0x00, 0x00, 0x00,
    0x00, 0x00, 0x80, 0x07, 0x00, 0xc8, 0x0f, 0x00, 0x09, 0x72, 0x11, 0x12,
    0x11, 0x00, 0x00, 0x00, 0x00, 0x00, 0x80, 0x07, 0x00, 0xc8, 0x0f, 0x00,
    0x09, 0x72, 0x10, 0x11, 0x10, 0x00, 0x00, 0x00, 0x00, 0x00, 0x80, 0x07,
    0x00, 0xc8, 0x0f, 0x00, 0x09, 0x72, 0x0d, 0x10, 0x0d, 0x00, 0x00, 0x00,
    0x00, 0x00, 0x80, 0x07, 0x00, 0xc8, 0x0f, 0x00, 0x09, 0x72, 0x0e, 0x0d,
    0x0e, 0x00, 0x00, 0x00, 0x00, 0x00, 0x80, 0x07, 0x00, 0xc8, 0x0f, 0x00,
    0x09, 0x72, 0x0c, 0x0e, 0x09, 0x00, 0x00, 0x00, 0x00, 0x00, 0x80, 0x07,
    0x00, 0xe2, 0x0f, 0x00, 0x47, 0x99, 0x00, 0x00, 0xb0, 0xfd, 0xff, 0xff,
    0xff, 0xff, 0x83, 0x03, 0x00, 0xea, 0x0f, 0x00, 0x41, 0x79, 0x01, 0x00,
    0x00, 0x00, 0x00, 0x00, 0x00, 0x00, 0x80, 0x03, 0x00, 0xea, 0x0f, 0x00,
    0x10, 0x7a, 0x09, 0x00, 0x00, 0x5b, 0x00, 0x00, 0xff, 0xe1, 0xff, 0x07,
    0x00, 0xe2, 0x0f, 0x00, 0x45, 0x79, 0x01, 0x00, 0x90, 0x01, 0x00, 0x00,
    0x00, 0x00, 0x80, 0x03, 0x00, 0xe6, 0x0f, 0x00, 0x0c, 0x78, 0x00, 0x09,
    0x80, 0x00, 0x00, 0x00, 0x70, 0x42, 0xf2, 0x03, 0x00, 0xda, 0x0f, 0x00,
    0x47, 0x99, 0x00, 0x00, 0x60, 0x01, 0x00, 0x00, 0x00, 0x00, 0x80, 0x03,
    0x00, 0xea, 0x0f, 0x00, 0x81, 0x79, 0x09, 0x0a, 0x04, 0x00, 0xff, 0xff,
    0x00, 0x19, 0x1e, 0x0c, 0x00, 0xa8, 0x00, 0x00, 0x81, 0x79, 0x0e, 0x0a,
    0x04, 0x80, 0xff, 0xff, 0x00, 0x19, 0x1e, 0x0c, 0x00, 0xe8, 0x00, 0x00,
    0x81, 0x79, 0x10, 0x0a, 0x04, 0x00, 0x00, 0x00, 0x00, 0x19, 0x1e, 0x0c,
    0x00, 0x28, 0x01, 0x00, 0x81, 0x79, 0x12, 0x0a, 0x04, 0x80, 0x00, 0x00,
    0x00, 0x19, 0x1e, 0x0c, 0x00, 0x68, 0x01, 0x00, 0x81, 0x79, 0x14, 0x0a,
    0x04, 0x00, 0x01, 0x00, 0x00, 0x19, 0x1e, 0x0c, 0x00, 0x68, 0x01, 0x00,
    0x81, 0x79, 0x16, 0x0a, 0x04, 0x80, 0x01, 0x00, 0x00, 0x19, 0x1e, 0x0c,
    0x00, 0x68, 0x01, 0x00, 0x81, 0x79, 0x18, 0x0a, 0x04, 0x00, 0x02, 0x00,
    0x00, 0x19, 0x1e, 0x0c, 0x00, 0x68, 0x01, 0x00, 0x81, 0x79, 0x1a, 0x0a,
    0x04, 0x80, 0x02, 0x00, 0x00, 0x19, 0x1e, 0x0c, 0x00, 0x62, 0x01, 0x00,
    0x10, 0x78, 0x0d, 0x0a, 0x00, 0x04, 0x00, 0x00, 0xff, 0xe0, 0xf3, 0x07,
    0x00, 0xc4, 0x0f, 0x00, 0x1c, 0x78, 0x00, 0x00, 0x00, 0x00, 0x00, 0x00,
    0x70, 0xe1, 0xf0, 0x03, 0x00, 0xe4, 0x0f, 0x00, 0x10, 0x78, 0x00, 0x00,
    0x00, 0x01, 0x00, 0x00, 0xff, 0xe0, 0xff, 0x07, 0x00, 0xe2, 0x0f, 0x00,
    0x24, 0x72, 0x0a, 0xff, 0xff, 0x00, 0x00, 0x00, 0x0d, 0x00, 0x8e, 0x07,
    0x00, 0xe2, 0x1f, 0x00, 0x09, 0x72, 0x09, 0x0c, 0x09, 0x00, 0x00, 0x00,
    0x00, 0x00, 0x80, 0x07, 0x00, 0xc8, 0x4f, 0x00, 0x09, 0x72, 0x09, 0x09,
    0x0e, 0x00, 0x00, 0x00, 0x00, 0x00, 0x80, 0x07, 0x00, 0xe2, 0x8f, 0x00,
    0x24, 0x72, 0x0e, 0xff, 0xff, 0x00, 0x00, 0x00, 0x0b, 0x06, 0x8e, 0x00,
    0x00, 0xc6, 0x0f, 0x00, 0x09, 0x72, 0x09, 0x09, 0x10, 0x00, 0x00, 0x00,
    0x00, 0x00, 0x80, 0x07, 0x00, 0xe2, 0x0f, 0x01, 0x24, 0x72, 0x0b, 0xff,
    0xff, 0x00, 0x00, 0x00, 0x0e, 0x00, 0x8e, 0x07, 0x00, 0xc6, 0x0f, 0x00,
    0x09, 0x72, 0x09, 0x09, 0x12, 0x00, 0x00, 0x00, 0x00, 0x00, 0x80, 0x07,
    0x00, 0xc8, 0x0f, 0x02, 0x09, 0x72, 0x09, 0x09, 0x14, 0x00, 0x00, 0x00,
    0x00, 0x00, 0x80, 0x07, 0x00, 0xc8, 0x0f, 0x00, 0x09, 0x72, 0x09, 0x09,
    0x16, 0x00, 0x00, 0x00, 0x00, 0x00, 0x80, 0x07, 0x00, 0xc8, 0x0f, 0x00,
    0x09, 0x72, 0x09, 0x09, 0x18, 0x00, 0x00, 0x00, 0x00, 0x00, 0x80, 0x07,
    0x00, 0xc8, 0x0f, 0x00, 0x09, 0x72, 0x0c, 0x09, 0x1a, 0x00, 0x00, 0x00,
    0x00, 0x00, 0x80, 0x07, 0x00, 0xe4, 0x0f, 0x00, 0x41, 0x79, 0x01, 0x00,
    0x00, 0x00, 0x00, 0x00, 0x00, 0x00, 0x80, 0x03, 0x00, 0xea, 0x0f, 0x00,
    0x0c, 0x7a, 0x00, 0x00, 0x00, 0x5b, 0x00, 0x00, 0x70, 0x16, 0x70, 0x00,
    0x00, 0xda, 0x0f, 0x00, 0x47, 0x89, 0x00, 0x00, 0x80, 0x00, 0x00, 0x00,
    0x00, 0x00, 0x80, 0x03, 0x00, 0xea, 0x0f, 0x00, 0x81, 0x79, 0x09, 0x0a,
    0x04, 0x00, 0xff, 0xff, 0x00, 0x19, 0x1e, 0x0c, 0x00, 0xa8, 0x0e, 0x00,
    0x81, 0x79, 0x00, 0x0a, 0x04, 0x80, 0xff, 0xff, 0x00, 0x19, 0x1e, 0x0c,
    0x00, 0xe8, 0x0e, 0x00, 0x81, 0x79, 0x0d, 0x0a, 0x04, 0x00, 0x00, 0x00,
    0x00, 0x19, 0x1e, 0x0c, 0x00, 0x28, 0x0f, 0x00, 0x81, 0x79, 0x0f, 0x0a,
    0x04, 0x80, 0x00, 0x00, 0x00, 0x19, 0x1e, 0x0c, 0x00, 0x62, 0x0f, 0x00,
    0x09, 0x72, 0x09, 0x0c, 0x09, 0x00, 0x00, 0x00, 0x00, 0x00, 0x80, 0x07,
    0x00, 0xc8, 0x4f, 0x00, 0x09, 0x72, 0x00, 0x09, 0x00, 0x00, 0x00, 0x00,
    0x00, 0x00, 0x80, 0x07, 0x00, 0xc8, 0x8f, 0x00, 0x09, 0x72, 0x00, 0x00,
    0x0d, 0x00, 0x00, 0x00, 0x00, 0x00, 0x80, 0x07, 0x00, 0xc8, 0x0f, 0x01,
    0x09, 0x72, 0x0c, 0x00, 0x0f, 0x00, 0x00, 0x00, 0x00, 0x00, 0x80, 0x07,
    0x00, 0xe4, 0x0f, 0x02, 0x41, 0x79, 0x00, 0x00, 0x00, 0x00, 0x00, 0x00,
    0x00, 0x00, 0x80, 0x03, 0x00, 0xea, 0x0f, 0x00, 0x89, 0x7f, 0x09, 0x0c,
    0x00, 0x1f, 0x00, 0x0a, 0x00, 0x00, 0x0e, 0x00, 0x00, 0x22, 0x0e, 0x00,
    0x45, 0x79, 0x00, 0x00, 0x50, 0x06, 0x00, 0x00, 0x00, 0x00, 0x80, 0x03,
    0x00, 0xe2, 0x0f, 0x00, 0x09, 0x72, 0x0a, 0x09, 0x0c, 0x00, 0x00, 0x00,
    0x00, 0x00, 0x80, 0x07, 0x00, 0xca, 0x1f, 0x00, 0x89, 0x7f, 0x09, 0x0a,
    0x00, 0x1f, 0x00, 0x09, 0x00, 0x00, 0x0e, 0x00, 0x00, 0x24, 0x0e, 0x00,
    0x09, 0x72, 0x0b, 0x0a, 0x09, 0x00, 0x00, 0x00, 0x00, 0x00, 0x80, 0x07,
    0x00, 0xe2, 0x1f, 0x00, 0x24, 0x72, 0x09, 0xff, 0xff, 0x00, 0x00, 0x00,
    0xff, 0x00, 0x8e, 0x07, 0x00, 0xc8, 0x0f, 0x00, 0x89, 0x7f, 0x00, 0x0b,
    0x00, 0x1f, 0x80, 0x08, 0x00, 0x00, 0x0e, 0x00, 0x00, 0x24, 0x0e, 0x00,
    0x09, 0x72, 0x0d, 0x0b, 0x00, 0x00, 0x00, 0x00, 0x00, 0x00, 0x80, 0x07,
    0x00, 0xca, 0x1f, 0x00, 0x89, 0x7f, 0x00, 0x0d, 0x00, 0x1f, 0x40, 0x08,
    0x00, 0x00, 0x0e, 0x00, 0x00, 0x24, 0x0e, 0x00, 0x09, 0x72, 0x0e, 0x0d,
    0x00, 0x00, 0x00, 0x00, 0x00, 0x00, 0x80, 0x07, 0x00, 0xca, 0x1f, 0x00,
    0x89, 0x7f, 0x0f, 0x0e, 0x00, 0x1f, 0x20, 0x08, 0x00, 0x00, 0x0e, 0x00,
    0x00, 0x24, 0x0e, 0x00, 0x09, 0x72, 0x00, 0x0e, 0x0f, 0x00, 0x00, 0x00,
    0x00, 0x00, 0x80, 0x07, 0x00, 0xe2, 0x1f, 0x00, 0x47, 0x39, 0x00, 0x00,
    0x90, 0x05, 0x00, 0x00, 0x00, 0x00, 0x80, 0x03, 0x00, 0xea, 0x0f, 0x00,
    0x12, 0x72, 0x09, 0xff, 0x04, 0x00, 0x00, 0x00, 0xff, 0x33, 0x8e, 0x07,
    0x00, 0xe2, 0x0f, 0x00, 0x45, 0x79, 0x01, 0x00, 0x20, 0x02, 0x00, 0x00,
    0x00, 0x00, 0x80, 0x03, 0x00, 0xe6, 0x0f, 0x00, 0x10, 0x7a, 0x0a, 0x09,
    0x00, 0x5b, 0x00, 0x00, 0xff, 0xe0, 0xff, 0x07, 0x00, 0xc8, 0x0f, 0x00,
    0x11, 0x78, 0x09, 0x0a, 0x01, 0x00, 0x00, 0x00, 0xff, 0xd8, 0x8f, 0x07,
    0x00, 0xe4, 0x0f, 0x04, 0x0c, 0x78, 0x00, 0x0a, 0x60, 0x00, 0x00, 0x00,
    0x70, 0x60, 0xf0, 0x03, 0x00, 0xe2, 0x0f, 0x00, 0x24, 0x72, 0x0a, 0xff,
    0xff, 0x00, 0x00, 0x00, 0x04, 0x00, 0x8e, 0x07, 0x00, 0xe2, 0x0f, 0x00,
    0x12, 0x78, 0x0b, 0x09, 0x03, 0x00, 0x00, 0x00, 0xff, 0xc0, 0x82, 0x07,
    0x00, 0xe2, 0x0f, 0x00, 0x24, 0x72, 0x09, 0xff, 0xff, 0x00, 0x00, 0x00,
    0xff, 0x00, 0x8e, 0x07, 0x00, 0xd8, 0x0f, 0x00, 0x47, 0x99, 0x00, 0x00,
    0xa0, 0x01, 0x00, 0x00, 0x00, 0x00, 0x80, 0x03, 0x00, 0xea, 0x0f, 0x00,
    0x24, 0x7a, 0x09, 0x07, 0x00, 0x5b, 0x00, 0x00, 0xff, 0x02, 0x8e, 0x07,
    0x00, 0xe4, 0x0f, 0x00, 0x24, 0x72, 0x03, 0xff, 0xff, 0x00, 0x00, 0x00,
    0xff, 0x00, 0x8e, 0x07, 0x00, 0xe4, 0x0f, 0x00, 0x24, 0x72, 0x09, 0x05,
    0x08, 0x00, 0x00, 0x00, 0x09, 0x02, 0x8e, 0x07, 0x00, 0xe4, 0x0f, 0x04,
    0x25, 0x7a, 0x02, 0x05, 0x00, 0x5b, 0x00, 0x00, 0x02, 0x00, 0x8e, 0x07,
    0x00, 0xc8, 0x0f, 0x00, 0x24, 0x78, 0x0f, 0x03, 0x01, 0x00, 0x00, 0x00,
    0x09, 0x02, 0x8e, 0x07, 0x00, 0xe2, 0x0f, 0x00, 0x11, 0x7a, 0x0e, 0x02,
    0x00, 0x58, 0x00, 0x00, 0xff, 0x10, 0x82, 0x07, 0x00, 0xe2, 0x0f, 0x04,
    0x24, 0x72, 0x09, 0xff, 0xff, 0x00, 0x00, 0x00, 0xff, 0x00, 0x8e, 0x07,
    0x00, 0xe4, 0x0f, 0x00, 0x24, 0x72, 0x0a, 0xff, 0xff, 0x00, 0x00, 0x00,
    0x04, 0x00, 0x8e, 0x07, 0x00, 0xe2, 0x0f, 0x00, 0x11, 0x7a, 0x0f, 0x02,
    0x00, 0x59, 0x00, 0x00, 0x0f, 0x14, 0x8f, 0x00, 0x00, 0xc6, 0x0f, 0x00,
    0x24, 0x72, 0x02, 0xff, 0xff, 0x00, 0x00, 0x00, 0x0e, 0x00, 0x8e, 0x07,
    0x00, 0xe4, 0x1f, 0x00, 0x24, 0x72, 0x03, 0xff, 0xff, 0x00, 0x00, 0x00,
    0x0f, 0x00, 0x8e, 0x07, 0x00, 0xca, 0x0f, 0x00, 0x81, 0x79, 0x0d, 0x02,
    0x04, 0x00, 0x00, 0x00, 0x00, 0x19, 0x1e, 0x0c, 0x00, 0xa2, 0x0e, 0x00,
    0x10, 0x78, 0x0b, 0x0b, 0xff, 0xff, 0xff, 0xff, 0xff, 0xe0, 0xff, 0x07,
    0x00, 0xe4, 0x0f, 0x00, 0x10, 0x78, 0x0e, 0x02, 0x80, 0x00, 0x00, 0x00,
    0xff, 0xe0, 0xf5, 0x07, 0x00, 0xe4, 0x0f, 0x00, 0x10, 0x78, 0x0a, 0x0a,
    0x20, 0x00, 0x00, 0x00, 0xff, 0xe0, 0xff, 0x07, 0x00, 0xc6, 0x0f, 0x00,
    0x24, 0x72, 0x0f, 0xff, 0xff, 0x00, 0x00, 0x00, 0x03, 0x06, 0x0e, 0x01,
    0x00, 0xe2, 0x0f, 0x00, 0x21, 0x72, 0x0d, 0x00, 0x0d, 0x00, 0x00, 0x00,
    0x00, 0x01, 0x00, 0x00, 0x00, 0xc8, 0x4f, 0x00, 0x20, 0x78, 0x0d, 0x0d,
    0x3b, 0xaa, 0xb8, 0x3f, 0x00, 0x00, 0x40, 0x00, 0x00, 0xca, 0x0f, 0x00,
    0x0b, 0x78, 0x00, 0x0d, 0x00, 0x00, 0xfc, 0xc2, 0x00, 0xe0, 0xf2, 0x03,
    0x00, 0xda, 0x0f, 0x00, 0x20, 0x98, 0x0d, 0x0d, 0x00, 0x00, 0x00, 0x3f,
    0x00, 0x00, 0x40, 0x00, 0x00, 0xc8, 0x0f, 0x00, 0x08, 0x73, 0x0c, 0x00,
    0x0d, 0x00, 0x00, 0x00, 0x00, 0x08, 0x00, 0x00, 0x00, 0x24, 0x0e, 0x00,
    0x20, 0x92, 0x0c, 0x0c, 0x0c, 0x00, 0x00, 0x00, 0x00, 0x00, 0x40, 0x00,
    0x00, 0xe2, 0x1f, 0x00, 0x0c, 0x72, 0x00, 0x0b, 0xff, 0x00, 0x00, 0x00,
    0x70, 0x52, 0xf2, 0x03, 0x00, 0xc6, 0x0f, 0x00, 0x21, 0x72, 0x09, 0x0c,
    0x09, 0x00, 0x00, 0x00, 0x00, 0x00, 0x00, 0x00, 0x00, 0xe2, 0x0f, 0x00,
    0x86, 0x79, 0x00, 0x02, 0x0c, 0x00, 0x00, 0x00, 0x04, 0x19, 0x10, 0x0c,
    0x00, 0xf2, 0x01, 0x00, 0x47, 0x19, 0x00, 0x00, 0xf0, 0xfe, 0xff, 0xff,
    0xff, 0xff, 0x83, 0x03, 0x00, 0xea, 0x0f, 0x00, 0x41, 0x79, 0x01, 0x00,
    0x00, 0x00, 0x00, 0x00, 0x00, 0x00, 0x80, 0x03, 0x00, 0xea, 0x0f, 0x00,
    0x47, 0x89, 0x00, 0x00, 0x40, 0x03, 0x00, 0x00, 0x00, 0x00, 0x80, 0x03,
    0x00, 0xea, 0x0f, 0x00, 0x02, 0x72, 0x0b, 0x00, 0xff, 0x00, 0x00, 0x00,
    0x00, 0x0f, 0x00, 0x00, 0x00, 0xe2, 0x0f, 0x00, 0x24, 0x7a, 0x0c, 0x07,
    0x00, 0x5b, 0x00, 0x00, 0xff, 0x02, 0x8e, 0x07, 0x00, 0xc8, 0x1f, 0x00,
    0x25, 0x7a, 0x02, 0x05, 0x00, 0x5b, 0x00, 0x00, 0x0a, 0x00, 0x8e, 0x07,
    0x00, 0xc8, 0x0f, 0x00, 0x24, 0x72, 0x0d, 0x05, 0x08, 0x00, 0x00, 0x00,
    0x0c, 0x02, 0x8e, 0x07, 0x00, 0xe2, 0x0f, 0x00, 0x11, 0x7a, 0x0b, 0x02,
    0x00, 0x58, 0x00, 0x00, 0xff, 0x10, 0x80, 0x07, 0x00, 0xc6, 0x0f, 0x00,
    0x24, 0x78, 0x03, 0x0d, 0x01, 0x00, 0x00, 0x00, 0x03, 0x02, 0x8e, 0x07,
    0x00, 0xe2, 0x0f, 0x00, 0x10, 0x78, 0x0b, 0x0b, 0x00, 0x01, 0x00, 0x00,
    0xff, 0xe0, 0xf3, 0x07, 0x00, 0xc8, 0x0f, 0x00, 0x11, 0x7a, 0x02, 0x02,
    0x00, 0x59, 0x00, 0x00, 0x03, 0x14, 0x0f, 0x00, 0x00, 0xca, 0x0f, 0x00,
    0x24, 0x72, 0x14, 0xff, 0xff, 0x00, 0x00, 0x00, 0x02, 0x06, 0x8e, 0x00,
    0x00, 0xe4, 0x0f, 0x00, 0x24, 0x72, 0x02, 0xff, 0xff, 0x00, 0x00, 0x00,
    0x0b, 0x00, 0x8e, 0x07, 0x00, 0xe4, 0x1f, 0x00, 0x24, 0x72, 0x03, 0xff,
    0xff, 0x00, 0x00, 0x00, 0x14, 0x00, 0x8e, 0x07, 0x00, 0xca, 0x0f, 0x00,
    0x81, 0x79, 0x0b, 0x02, 0x04, 0x00, 0xff, 0xff, 0x00, 0x19, 0x1e, 0x0c,
    0x00, 0xa8, 0x0e, 0x00, 0x81, 0x79, 0x0d, 0x02, 0x04, 0x80, 0xff, 0xff,
    0x00, 0x19, 0x1e, 0x0c, 0x00, 0xe8, 0x0e, 0x00, 0x81, 0x79, 0x0f, 0x02,
    0x04, 0x00, 0x00, 0x00, 0x00, 0x19, 0x1e, 0x0c, 0x00, 0x28, 0x0f, 0x00,
    0x81, 0x79, 0x11, 0x02, 0x04, 0x80, 0x00, 0x00, 0x00, 0x19, 0x1e, 0x0c,
    0x00, 0x62, 0x0f, 0x00, 0x10, 0x78, 0x0a, 0x0a, 0x80, 0x00, 0x00, 0x00,
    0xff, 0xe0, 0xff, 0x07, 0x00, 0xe2, 0x0f, 0x00, 0x21, 0x72, 0x0b, 0x00,
    0x0b, 0x00, 0x00, 0x00, 0x00, 0x01, 0x00, 0x00, 0x00, 0xe2, 0x4f, 0x04,
    0x21, 0x72, 0x0d, 0x00, 0x0d, 0x00, 0x00, 0x00, 0x00, 0x01, 0x00, 0x00,
    0x00, 0xc6, 0x8f, 0x00, 0x20, 0x78, 0x0b, 0x0b, 0x3b, 0xaa, 0xb8, 0x3f,
    0x00, 0x00, 0x40, 0x00, 0x00, 0xe2, 0x0f, 0x00, 0x21, 0x72, 0x0f, 0x00,
    0x0f, 0x00, 0x00, 0x00, 0x00, 0x01, 0x00, 0x00, 0x00, 0xe2, 0x0f, 0x01,
    0x20, 0x78, 0x0d, 0x0d, 0x3b, 0xaa, 0xb8, 0x3f, 0x00, 0x00, 0x40, 0x00,
    0x00, 0xc6, 0x0f, 0x00, 0x0b, 0x78, 0x00, 0x0b, 0x00, 0x00, 0xfc, 0xc2,
    0x00, 0xe0, 0xf0, 0x03, 0x00, 0xe2, 0x0f, 0x00, 0x21, 0x72, 0x11, 0x00,
    0x11, 0x00, 0x00, 0x00, 0x00, 0x01, 0x00, 0x00, 0x00, 0xe2, 0x0f, 0x02,
    0x20, 0x78, 0x0f, 0x0f, 0x3b, 0xaa, 0xb8, 0x3f, 0x00, 0x00, 0x40, 0x00,
    0x00, 0xe2, 0x0f, 0x00, 0x0b, 0x78, 0x00, 0x0d, 0x00, 0x00, 0xfc, 0xc2,
    0x00, 0xe0, 0xf2, 0x03, 0x00, 0xe4, 0x0f, 0x00, 0x20, 0x78, 0x11, 0x11,
    0x3b, 0xaa, 0xb8, 0x3f, 0x00, 0x00, 0x40, 0x00, 0x00, 0xe4, 0x0f, 0x00,
    0x0b, 0x78, 0x00, 0x0f, 0x00, 0x00, 0xfc, 0xc2, 0x00, 0xe0, 0xf4, 0x03,
    0x00, 0xc6, 0x0f, 0x00, 0x0b, 0x78, 0x00, 0x11, 0x00, 0x00, 0xfc, 0xc2,
    0x00, 0xe0, 0xf8, 0x03, 0x00, 0xc6, 0x0f, 0x00, 0x20, 0x88, 0x0b, 0x0b,
    0x00, 0x00, 0x00, 0x3f, 0x00, 0x00, 0x40, 0x00, 0x00, 0xc6, 0x0f, 0x00,
    0x20, 0x98, 0x0d, 0x0d, 0x00, 0x00, 0x00, 0x3f, 0x00, 0x00, 0x40, 0x00,
    0x00, 0xe2, 0x0f, 0x00, 0x08, 0x73, 0x0c, 0x00, 0x0b, 0x00, 0x00, 0x00,
    0x00, 0x08, 0x00, 0x00, 0x00, 0x26, 0x0e, 0x00, 0x20, 0xa8, 0x0f, 0x0f,
    0x00, 0x00, 0x00, 0x3f, 0x00, 0x00, 0x40, 0x00, 0x00, 0xc6, 0x0f, 0x00,
    0x20, 0xc8, 0x11, 0x11, 0x00, 0x00, 0x00, 0x3f, 0x00, 0x00, 0x40, 0x00,
    0x00, 0xe4, 0x0f, 0x00, 0x08, 0x73, 0x0e, 0x00, 0x0d, 0x00, 0x00, 0x00,
    0x00, 0x08, 0x00, 0x00, 0x00, 0x70, 0x0e, 0x00, 0x08, 0x73, 0x10, 0x00,
    0x0f, 0x00, 0x00, 0x00, 0x00, 0x08, 0x00, 0x00, 0x00, 0xa2, 0x0e, 0x00,
    0x20, 0x82, 0x0c, 0x0c, 0x0c, 0x00, 0x00, 0x00, 0x00, 0x00, 0x40, 0x00,
    0x00, 0xe2, 0x1f, 0x00, 0x0c, 0x7a, 0x00, 0x0a, 0x00, 0x5b, 0x00, 0x00,
    0x70, 0x62, 0xf0, 0x03, 0x00, 0xc6, 0x0f, 0x00, 0x21, 0x72, 0x09, 0x0c,
    0x09, 0x00, 0x00, 0x00, 0x00, 0x00, 0x00, 0x00, 0x00, 0xe2, 0x0f, 0x00,
    0x86, 0x79, 0x00, 0x02, 0x0c, 0x00, 0xff, 0xff, 0x04, 0x19, 0x10, 0x0c,
    0x00, 0xe4, 0x01, 0x00, 0x08, 0x73, 0x12, 0x00, 0x11, 0x00, 0x00, 0x00,
    0x00, 0x08, 0x00, 0x00, 0x00, 0xe2, 0x0e, 0x00, 0x20, 0x92, 0x0e, 0x0e,
    0x0e, 0x00, 0x00, 0x00, 0x00, 0x00, 0x40, 0x00, 0x00, 0xe2, 0x2f, 0x00,
    0x10, 0x78, 0x0b, 0x02, 0x00, 0x02, 0x00, 0x00, 0xff, 0xe0, 0xf3, 0x07,
    0x00, 0xc6, 0x0f, 0x00, 0x21, 0x72, 0x09, 0x09, 0x0e, 0x00, 0x00, 0x00,
    0x00, 0x00, 0x00, 0x00, 0x00, 0xe2, 0x0f, 0x00, 0x86, 0x79, 0x00, 0x02,
    0x0e, 0x80, 0xff, 0xff, 0x04, 0x19, 0x10, 0x0c, 0x00, 0xe2, 0x01, 0x00,
    0x24, 0x72, 0x14, 0xff, 0xff, 0x00, 0x00, 0x00, 0x03, 0x06, 0x8e, 0x00,
    0x00, 0xe2, 0x0f, 0x00, 0x20, 0xa2, 0x10, 0x10, 0x10, 0x00, 0x00, 0x00,
    0x00, 0x00, 0x40, 0x00, 0x00, 0xc8, 0x4f, 0x00, 0x21, 0x72, 0x09, 0x09,
    0x10, 0x00, 0x00, 0x00, 0x00, 0x00, 0x00, 0x00, 0x00, 0xe2, 0x0f, 0x00,
    0x86, 0x79, 0x00, 0x02, 0x10, 0x00, 0x00, 0x00, 0x04, 0x19, 0x10, 0x0c,
    0x00, 0xe2, 0x01, 0x00, 0x20, 0xc2, 0x12, 0x12, 0x12, 0x00, 0x00, 0x00,
    0x00, 0x00, 0x40, 0x00, 0x00, 0xc8, 0x8f, 0x00, 0x21, 0x72, 0x09, 0x09,
    0x12, 0x00, 0x00, 0x00, 0x00, 0x00, 0x00, 0x00, 0x00, 0xe2, 0x0f, 0x00,
    0x86, 0x79, 0x00, 0x02, 0x12, 0x80, 0x00, 0x00, 0x04, 0x19, 0x10, 0x0c,
    0x00, 0xe2, 0x01, 0x00, 0x47, 0x89, 0x00, 0x00, 0x50, 0xfd, 0xff, 0xff,
    0xff, 0xff, 0x83, 0x03, 0x00, 0xea, 0x0f, 0x00, 0x41, 0x79, 0x00, 0x00,
    0x00, 0x00, 0x00, 0x00, 0x00, 0x00, 0x80, 0x03, 0x00, 0xea, 0x0f, 0x00,
    0x89, 0x7f, 0x00, 0x09, 0x00, 0x1f, 0x00, 0x0a, 0x00, 0x00, 0x0e, 0x00,
    0x00, 0x64, 0x0e, 0x00, 0x21, 0x72, 0x00, 0x00, 0x09, 0x00, 0x00, 0x00,
    0x00, 0x00, 0x00, 0x00, 0x00, 0xca, 0x2f, 0x00, 0x89, 0x7f, 0x03, 0x00,
    0x00, 0x1f, 0x00, 0x09, 0x00, 0x00, 0x0e, 0x00, 0x00, 0x24, 0x1e, 0x00,
    0x21, 0x72, 0x03, 0x00, 0x03, 0x00, 0x00, 0x00, 0x00, 0x00, 0x00, 0x00,
    0x00, 0xca, 0x1f, 0x00, 0x89, 0x7f, 0x02, 0x03, 0x00, 0x1f, 0x80, 0x08,
    0x00, 0x00, 0x0e, 0x00, 0x00, 0x24, 0x0e, 0x00, 0x21, 0x72, 0x02, 0x03,
    0x02, 0x00, 0x00, 0x00, 0x00, 0x00, 0x00, 0x00, 0x00, 0xca, 0x1f, 0x00,
    0x89, 0x7f, 0x0b, 0x02, 0x00, 0x1f, 0x40, 0x08, 0x00, 0x00, 0x0e, 0x00,
    0x00, 0x24, 0x0e, 0x00, 0x21, 0x72, 0x0b, 0x02, 0x0b, 0x00, 0x00, 0x00,
    0x00, 0x00, 0x00, 0x00, 0x00, 0xca, 0x1f, 0x00, 0x89, 0x7f, 0x0a, 0x0b,
    0x00, 0x1f, 0x20, 0x08, 0x00, 0x00, 0x0e, 0x00, 0x00, 0x24, 0x0e, 0x00,
    0x0b, 0x72, 0x00, 0x0b, 0x0a, 0x00, 0x00, 0x80, 0x00, 0x40, 0xf0, 0x03,
    0x00, 0xe2, 0x1f, 0x04, 0x21, 0x72, 0x0d, 0x0b, 0x0a, 0x00, 0x00, 0x00,
    0x00, 0x00, 0x00, 0x00, 0x00, 0xd8, 0x0f, 0x00, 0x4d, 0x89, 0x00, 0x00,
    0x00, 0x00, 0x00, 0x00, 0x00, 0x00, 0x80, 0x03, 0x00, 0xea, 0x0f, 0x00,
    0x10, 0x78, 0x00, 0x0d, 0x00, 0x00, 0x80, 0x01, 0xff, 0xe0, 0xff, 0x07,
    0x00, 0xe2, 0x0f, 0x00, 0x45, 0x79, 0x00, 0x00, 0xc0, 0x00, 0x00, 0x00,
    0x00, 0x00, 0x80, 0x03, 0x00, 0xe6, 0x0f, 0x00, 0x12, 0x78, 0x00, 0x00,
    0x00, 0x00, 0x80, 0x7f, 0xff, 0xc0, 0x8e, 0x07, 0x00, 0xc8, 0x0f, 0x00,
    0x0c, 0x78, 0x00, 0x00, 0xff, 0xff, 0xff, 0x01, 0x70, 0x40, 0xf0, 0x03,
    0x00, 0xda, 0x0f, 0x00, 0x47, 0x09, 0x00, 0x00, 0x40, 0x00, 0x00, 0x00,
    0x00, 0x00, 0x80, 0x03, 0x00, 0xea, 0x0f, 0x00, 0x02, 0x78, 0x0a, 0x00,
    0x60, 0x10, 0x00, 0x00, 0x00, 0x0f, 0x00, 0x00, 0x00, 0xe4, 0x0f, 0x00,
    0x44, 0x79, 0x00, 0x00, 0x00, 0x0a, 0x00, 0x00, 0x00, 0x00, 0xc0, 0x03,
    0x00, 0xea, 0x0f, 0x00, 0x24, 0x72, 0x00, 0xff, 0xff, 0x00, 0x00, 0x00,
    0x03, 0x00, 0x8e, 0x07, 0x00, 0xe2, 0x3f, 0x00, 0x47, 0x79, 0x00, 0x00,
    0x40, 0x00, 0x00, 0x00, 0x00, 0x00, 0x80, 0x03, 0x00, 0xea, 0x0f, 0x00,
    0x08, 0x73, 0x00, 0x00, 0x0d, 0x00, 0x00, 0x00, 0x00, 0x10, 0x00, 0x00,
    0x00, 0x24, 0x0e, 0x00, 0x23, 0x74, 0x02, 0x0d, 0x00, 0x00, 0x80, 0xbf,
    0x00, 0x00, 0x00, 0x00, 0x00, 0xc8, 0x1f, 0x00, 0x21, 0x72, 0x03, 0x02,
    0xff, 0x00, 0x00, 0x80, 0x00, 0x01, 0x01, 0x00, 0x00, 0xc8, 0x0f, 0x00,
    0x23, 0x72, 0x00, 0x00, 0x03, 0x00, 0x00, 0x00, 0x00, 0x00, 0x00, 0x00,
    0x00, 0xe4, 0x0f, 0x00, 0x41, 0x79, 0x00, 0x00, 0x00, 0x00, 0x00, 0x00,
    0x00, 0x00, 0x80, 0x03, 0x00, 0xea, 0x0f, 0x00, 0x4d, 0x39, 0x00, 0x00,
    0x00, 0x00, 0x00, 0x00, 0x00, 0x00, 0x80, 0x03, 0x00, 0xea, 0x0f, 0x00,
    0x12, 0x72, 0x02, 0xff, 0x04, 0x00, 0x00, 0x00, 0xff, 0x33, 0x8e, 0x07,
    0x00, 0xe2, 0x0f, 0x00, 0x45, 0x79, 0x00, 0x00, 0x90, 0x01, 0x00, 0x00,
    0x00, 0x00, 0x80, 0x03, 0x00, 0xe6, 0x0f, 0x00, 0x10, 0x7a, 0x03, 0x02,
    0x00, 0x5b, 0x00, 0x00, 0xff, 0xe0, 0xff, 0x07, 0x00, 0xc8, 0x0f, 0x00,
    0x11, 0x78, 0x02, 0x03, 0x01, 0x00, 0x00, 0x00, 0xff, 0xd8, 0x8f, 0x07,
    0x00, 0xe4, 0x0f, 0x04, 0x0c, 0x78, 0x00, 0x03, 0x60, 0x00, 0x00, 0x00,
    0x70, 0x60, 0xf2, 0x03, 0x00, 0xe4, 0x0f, 0x00, 0x12, 0x78, 0x09, 0x02,
    0x03, 0x00, 0x00, 0x00, 0xff, 0xc0, 0x80, 0x07, 0x00, 0xda, 0x0f, 0x00,
    0x47, 0x89, 0x00, 0x00, 0x30, 0x01, 0x00, 0x00, 0x00, 0x00, 0x80, 0x03,
    0x00, 0xea, 0x0f, 0x00, 0x12, 0x78, 0x02, 0x06, 0x1f, 0x00, 0x00, 0x00,
    0xff, 0xc0, 0x8e, 0x07, 0x00, 0xe2, 0x0f, 0x00, 0x24, 0x7a, 0x06, 0x07,
    0x00, 0x5b, 0x00, 0x00, 0xff, 0x02, 0x8e, 0x07, 0x00, 0xe4, 0x0f, 0x00,
    0x24, 0x72, 0x03, 0xff, 0xff, 0x00, 0x00, 0x00, 0xff, 0x00, 0x8e, 0x07,
    0x00, 0xe4, 0x0f, 0x00, 0x24, 0x72, 0x0b, 0x05, 0x08, 0x00, 0x00, 0x00,
    0x06, 0x02, 0x8e, 0x07, 0x00, 0xe4, 0x0f, 0x04, 0x25, 0x7a, 0x02, 0x05,
    0x00, 0x5b, 0x00, 0x00, 0x02, 0x00, 0x8e, 0x07, 0x00, 0xc8, 0x0f, 0x00,
    0x24, 0x78, 0x0b, 0x03, 0x01, 0x00, 0x00, 0x00, 0x0b, 0x02, 0x8e, 0x07,
    0x00, 0xe2, 0x0f, 0x00, 0x11, 0x7a, 0x06, 0x02, 0x00, 0x58, 0x00, 0x00,
    0xff, 0x10, 0x80, 0x07, 0x00, 0xc8, 0x0f, 0x00, 0x11, 0x7a, 0x0d, 0x02,
    0x00, 0x59, 0x00, 0x00, 0x0b, 0x14, 0x0f, 0x00, 0x00, 0xc6, 0x0f, 0x00,
    0x24, 0x72, 0x02, 0xff, 0xff, 0x00, 0x00, 0x00, 0x06, 0x00, 0x8e, 0x07,
    0x00, 0xe4, 0x1f, 0x00, 0x24, 0x72, 0x03, 0xff, 0xff, 0x00, 0x00, 0x00,
    0x0d, 0x00, 0x8e, 0x07, 0x00, 0xca, 0x0f, 0x00, 0x81, 0x79, 0x0b, 0x02,
    0x04, 0x00, 0x00, 0x00, 0x00, 0x19, 0x1e, 0x0c, 0x00, 0xa2, 0x0e, 0x00,
    0x10, 0x78, 0x09, 0x09, 0xff, 0xff, 0xff, 0xff, 0xff, 0xe0, 0xff, 0x07,
    0x00, 0xe4, 0x0f, 0x00, 0x10, 0x78, 0x06, 0x02, 0x80, 0x00, 0x00, 0x00,
    0xff, 0xe0, 0xf5, 0x07, 0x00, 0xe4, 0x0f, 0x00, 0x0c, 0x72, 0x00, 0x09,
    0xff, 0x00, 0x00, 0x00, 0x70, 0x52, 0xf0, 0x03, 0x00, 0xe4, 0x0f, 0x00,
    0x10, 0x78, 0x04, 0x04, 0x20, 0x00, 0x00, 0x00, 0xff, 0xe0, 0xff, 0x07,
    0x00, 0xe2, 0x0f, 0x00, 0x24, 0x72, 0x0d, 0xff, 0xff, 0x00, 0x00, 0x00,
    0x03, 0x06, 0x0e, 0x01, 0x00, 0xe2, 0x0f, 0x00, 0x20, 0x72, 0x0b, 0x0b,
    0x00, 0x00, 0x00, 0x00, 0x00, 0x00, 0x40, 0x00, 0x00, 0xca, 0x4f, 0x00,
    0x86, 0x79, 0x00, 0x02, 0x0b, 0x00, 0x00, 0x00, 0x04, 0x19, 0x10, 0x0c,
    0x00, 0xe8, 0x01, 0x00, 0x47, 0x09, 0x00, 0x00, 0x50, 0xff, 0xff, 0xff,
    0xff, 0xff, 0x83, 0x03, 0x00, 0xea, 0x0f, 0x00, 0x41, 0x79, 0x00, 0x00,
    0x00, 0x00, 0x00, 0x00, 0x00, 0x00, 0x80, 0x03, 0x00, 0xea, 0x0f, 0x00,
    0x4d, 0x99, 0x00, 0x00, 0x00, 0x00, 0x00, 0x00, 0x00, 0x00, 0x80, 0x03,
    0x00, 0xea, 0x0f, 0x00, 0x24, 0x7a, 0x07, 0x07, 0x00, 0x5b, 0x00, 0x00,
    0xff, 0x02, 0x8e, 0x07, 0x00, 0xe2, 0x0f, 0x00, 0x10, 0x7a, 0x06, 0x04,
    0x00, 0x5b, 0x00, 0x00, 0xff, 0xe1, 0xff, 0x07, 0x00, 0xe2, 0x0f, 0x00,
    0x24, 0x72, 0x02, 0xff, 0xff, 0x00, 0x00, 0x00, 0x04, 0x00, 0x8e, 0x07,
    0x00, 0xe2, 0x1f, 0x00, 0x45, 0x79, 0x00, 0x00, 0x60, 0x04, 0x00, 0x00,
    0x00, 0x00, 0x80, 0x03, 0x00, 0xe2, 0x0f, 0x00, 0x24, 0x72, 0x03, 0xff,
    0xff, 0x00, 0x00, 0x00, 0xff, 0x00, 0x8e, 0x07, 0x00, 0xe2, 0x0f, 0x00,
    0x0c, 0x78, 0x00, 0x06, 0x80, 0x01, 0x00, 0x00, 0x70, 0x42, 0xf2, 0x03,
    0x00, 0xe2, 0x0f, 0x00, 0x24, 0x72, 0x07, 0x05, 0x08, 0x00, 0x00, 0x00,
    0x07, 0x02, 0x8e, 0x07, 0x00, 0xc4, 0x0f, 0x00, 0x25, 0x7a, 0x02, 0x05,
    0x00, 0x5b, 0x00, 0x00, 0x02, 0x00, 0x8e, 0x07, 0x00, 0xc8, 0x0f, 0x00,
    0x24, 0x78, 0x05, 0x07, 0x01, 0x00, 0x00, 0x00, 0x03, 0x02, 0x8e, 0x07,
    0x00, 0xe2, 0x0f, 0x00, 0x11, 0x7a, 0x03, 0x02, 0x00, 0x58, 0x00, 0x00,
    0xff, 0x10, 0x80, 0x07, 0x00, 0xc8, 0x0f, 0x00, 0x11, 0x7a, 0x05, 0x02,
    0x00, 0x59, 0x00, 0x00, 0x05, 0x14, 0x0f, 0x00, 0x00, 0xe4, 0x0f, 0x00,
    0x10, 0x78, 0x02, 0x03, 0x00, 0x01, 0x00, 0x00, 0xff, 0xe0, 0xf1, 0x07,
    0x00, 0xca, 0x0f, 0x00, 0x24, 0x72, 0x03, 0xff, 0xff, 0x00, 0x00, 0x00,
    0x05, 0x06, 0x0e, 0x00, 0x00, 0xe2, 0x0f, 0x00, 0x1c, 0x78, 0x00, 0x00,
    0x00, 0x00, 0x00, 0x00, 0x70, 0xf0, 0xf0, 0x03, 0x00, 0xe2, 0x0f, 0x00,
    0x47, 0x99, 0x00, 0x00, 0xa0, 0x03, 0x00, 0x00, 0x00, 0x00, 0x80, 0x03,
    0x00, 0xee, 0x0f, 0x00, 0x02, 0x7a, 0x05, 0x00, 0x00, 0x5b, 0x00, 0x00,
    0x00, 0x0f, 0x00, 0x00, 0x00, 0xe4, 0x0f, 0x00, 0x1c, 0x78, 0x00, 0x00,
    0x00, 0x00, 0x00, 0x00, 0x70, 0xe1, 0xf0, 0x03, 0x00, 0xe4, 0x0f, 0x00,
    0x10, 0x78, 0x05, 0x05, 0x80, 0xfe, 0xff, 0xff, 0xff, 0xe0, 0xff, 0x07,
    0x00, 0xe4, 0x0f, 0x00, 0x81, 0x79, 0x07, 0x02, 0x04, 0x00, 0xff, 0xff,
    0x00, 0x19, 0x1e, 0x0c, 0x00, 0xa8, 0x0e, 0x00, 0x81, 0x79, 0x09, 0x02,
    0x04, 0x80, 0xff, 0xff, 0x00, 0x19, 0x1e, 0x0c, 0x00, 0xe8, 0x0e, 0x00,
    0x81, 0x79, 0x0b, 0x02, 0x04, 0x00, 0x00, 0x00, 0x00, 0x19, 0x1e, 0x0c,
    0x00, 0x28, 0x0f, 0x00, 0x81, 0x79, 0x0d, 0x02, 0x04, 0x80, 0x00, 0x00,
    0x00, 0x19, 0x1e, 0x0c, 0x00, 0x68, 0x0f, 0x00, 0x81, 0x79, 0x0f, 0x02,
    0x04, 0x00, 0x01, 0x00, 0x00, 0x19, 0x1e, 0x0c, 0x00, 0x68, 0x0f, 0x00,
    0x81, 0x79, 0x11, 0x02, 0x04, 0x80, 0x01, 0x00, 0x00, 0x19, 0x1e, 0x0c,
    0x00, 0x68, 0x0f, 0x00, 0x81, 0x79, 0x13, 0x02, 0x04, 0x00, 0x02, 0x00,
    0x00, 0x19, 0x1e, 0x0c, 0x00, 0x68, 0x0f, 0x00, 0x81, 0x79, 0x15, 0x02,
    0x04, 0x80, 0x02, 0x00, 0x00, 0x19, 0x1e, 0x0c, 0x00, 0x68, 0x0f, 0x00,
    0x81, 0x79, 0x17, 0x02, 0x04, 0x00, 0x03, 0x00, 0x00, 0x19, 0x1e, 0x0c,
    0x00, 0x68, 0x0f, 0x00, 0x81, 0x79, 0x19, 0x02, 0x04, 0x80, 0x03, 0x00,
    0x00, 0x19, 0x1e, 0x0c, 0x00, 0x68, 0x0f, 0x00, 0x81, 0x79, 0x1b, 0x02,
    0x04, 0x00, 0x04, 0x00, 0x00, 0x19, 0x1e, 0x0c, 0x00, 0x68, 0x0f, 0x00,
    0x81, 0x79, 0x1d, 0x02, 0x04, 0x80, 0x04, 0x00, 0x00, 0x19, 0x1e, 0x0c,
    0x00, 0x68, 0x0f, 0x00, 0x81, 0x79, 0x1f, 0x02, 0x04, 0x00, 0x05, 0x00,
    0x00, 0x19, 0x1e, 0x0c, 0x00, 0x68, 0x0f, 0x00, 0x81, 0x79, 0x21, 0x02,
    0x04, 0x80, 0x05, 0x00, 0x00, 0x19, 0x1e, 0x0c, 0x00, 0x68, 0x0f, 0x00,
    0x81, 0x79, 0x23, 0x02, 0x04, 0x00, 0x06, 0x00, 0x00, 0x19, 0x1e, 0x0c,
    0x00, 0x68, 0x0f, 0x00, 0x81, 0x79, 0x25, 0x02, 0x04, 0x80, 0x06, 0x00,
    0x00, 0x19, 0x1e, 0x0c, 0x00, 0x62, 0x0f, 0x00, 0x10, 0x78, 0x04, 0x04,
    0x00, 0x02, 0x00, 0x00, 0xff, 0xe0, 0xff, 0x07, 0x00, 0xc4, 0x0f, 0x00,
    0x10, 0x78, 0x06, 0x02, 0x00, 0x08, 0x00, 0x00, 0xff, 0xe0, 0xf5, 0x07,
    0x00, 0xe4, 0x0f, 0x00, 0x0c, 0x72, 0x00, 0x04, 0x05, 0x00, 0x00, 0x00,
    0x70, 0x62, 0xf2, 0x03, 0x00, 0xe2, 0x0f, 0x00, 0x20, 0x72, 0x07, 0x07,
    0x00, 0x00, 0x00, 0x00, 0x00, 0x00, 0x40, 0x00, 0x00, 0xe2, 0x4f, 0x08,
    0x20, 0x72, 0x09, 0x09, 0x00, 0x00, 0x00, 0x00, 0x00, 0x00, 0x40, 0x00,
    0x00, 0xc8, 0x8f, 0x00, 0x86, 0x79, 0x00, 0x02, 0x07, 0x00, 0xff, 0xff,
    0x04, 0x19, 0x10, 0x0c, 0x00, 0xe2, 0x01, 0x00, 0x20, 0x72, 0x0b, 0x0b,
    0x00, 0x00, 0x00, 0x00, 0x00, 0x00, 0x40, 0x00, 0x00, 0xc6, 0x0f, 0x01,
    0x86, 0x79, 0x00, 0x02, 0x09, 0x80, 0xff, 0xff, 0x04, 0x19, 0x10, 0x0c,
    0x00, 0xe2, 0x0f, 0x00, 0x20, 0x72, 0x0d, 0x0d, 0x00, 0x00, 0x00, 0x00,
    0x00, 0x00, 0x40, 0x00, 0x00, 0xc6, 0x0f, 0x02, 0x86, 0x79, 0x00, 0x02,
    0x0b, 0x00, 0x00, 0x00, 0x04, 0x19, 0x10, 0x0c, 0x00, 0xe2, 0x0f, 0x00,
    0x20, 0x72, 0x0f, 0x0f, 0x00, 0x00, 0x00, 0x00, 0x00, 0x00, 0x40, 0x00,
    0x00, 0xe2, 0x0f, 0x08, 0x24, 0x72, 0x07, 0xff, 0xff, 0x00, 0x00, 0x00,
    0x03, 0x06, 0x0e, 0x01, 0x00, 0xe4, 0x1f, 0x00, 0x86, 0x79, 0x00, 0x02,
    0x0d, 0x80, 0x00, 0x00, 0x04, 0x19, 0x10, 0x0c, 0x00, 0xe2, 0x0f, 0x00,
    0x20, 0x72, 0x11, 0x11, 0x00, 0x00, 0x00, 0x00, 0x00, 0x00, 0x40, 0x00,
    0x00, 0xc6, 0x0f, 0x00, 0x86, 0x79, 0x00, 0x02, 0x0f, 0x00, 0x01, 0x00,
    0x04, 0x19, 0x10, 0x0c, 0x00, 0xe2, 0x0f, 0x00, 0x20, 0x72, 0x13, 0x13,
    0x00, 0x00, 0x00, 0x00, 0x00, 0x00, 0x40, 0x00, 0x00, 0xc6, 0x0f, 0x00,
    0x86, 0x79, 0x00, 0x02, 0x11, 0x80, 0x01, 0x00, 0x04, 0x19, 0x10, 0x0c,
    0x00, 0xe2, 0x0f, 0x00, 0x20, 0x72, 0x15, 0x15, 0x00, 0x00, 0x00, 0x00,
    0x00, 0x00, 0x40, 0x00, 0x00, 0xc6, 0x0f, 0x00, 0x86, 0x79, 0x00, 0x02,
    0x13, 0x00, 0x02, 0x00, 0x04, 0x19, 0x10, 0x0c, 0x00, 0xe2, 0x0f, 0x00,
    0x20, 0x72, 0x17, 0x17, 0x00, 0x00, 0x00, 0x00, 0x00, 0x00, 0x40, 0x00,
    0x00, 0xc6, 0x0f, 0x00, 0x86, 0x79, 0x00, 0x02, 0x15, 0x80, 0x02, 0x00,
    0x04, 0x19, 0x10, 0x0c, 0x00, 0xe2, 0x0f, 0x00, 0x20, 0x72, 0x19, 0x19,
    0x00, 0x00, 0x00, 0x00, 0x00, 0x00, 0x40, 0x00, 0x00, 0xc6, 0x0f, 0x00,
    0x86, 0x79, 0x00, 0x02, 0x17, 0x00, 0x03, 0x00, 0x04, 0x19, 0x10, 0x0c,
    0x00, 0xe2, 0x0f, 0x00, 0x20, 0x72, 0x1b, 0x1b, 0x00, 0x00, 0x00, 0x00,
    0x00, 0x00, 0x40, 0x00, 0x00, 0xc6, 0x0f, 0x00, 0x86, 0x79, 0x00, 0x02,
    0x19, 0x80, 0x03, 0x00, 0x04, 0x19, 0x10, 0x0c, 0x00, 0xe2, 0x0f, 0x00,
    0x20, 0x72, 0x1d, 0x1d, 0x00, 0x00, 0x00, 0x00, 0x00, 0x00, 0x40, 0x00,
    0x00, 0xc6, 0x0f, 0x00, 0x86, 0x79, 0x00, 0x02, 0x1b, 0x00, 0x04, 0x00,
    0x04, 0x19, 0x10, 0x0c, 0x00, 0xe2, 0x0f, 0x00, 0x20, 0x72, 0x1f, 0x1f,
    0x00, 0x00, 0x00, 0x00, 0x00, 0x00, 0x40, 0x00, 0x00, 0xc6, 0x0f, 0x00,
    0x86, 0x79, 0x00, 0x02, 0x1d, 0x80, 0x04, 0x00, 0x04, 0x19, 0x10, 0x0c,
    0x00, 0xe2, 0x0f, 0x00, 0x20, 0x72, 0x21, 0x21, 0x00, 0x00, 0x00, 0x00,
    0x00, 0x00, 0x40, 0x00, 0x00, 0xc6, 0x0f, 0x00, 0x86, 0x79, 0x00, 0x02,
    0x1f, 0x00, 0x05, 0x00, 0x04, 0x19, 0x10, 0x0c, 0x00, 0xe2, 0x0f, 0x00,
    0x20, 0x72, 0x23, 0x23, 0x00, 0x00, 0x00, 0x00, 0x00, 0x00, 0x40, 0x00,
    0x00, 0xc6, 0x0f, 0x00, 0x86, 0x79, 0x00, 0x02, 0x21, 0x80, 0x05, 0x00,
    0x04, 0x19, 0x10, 0x0c, 0x00, 0xe2, 0x0f, 0x00, 0x20, 0x72, 0x25, 0x25,
    0x00, 0x00, 0x00, 0x00, 0x00, 0x00, 0x40, 0x00, 0x00, 0xc6, 0x0f, 0x00,
    0x86, 0x79, 0x00, 0x02, 0x23, 0x00, 0x06, 0x00, 0x04, 0x19, 0x10, 0x0c,
    0x00, 0xe8, 0x0f, 0x00, 0x86, 0x79, 0x00, 0x02, 0x25, 0x80, 0x06, 0x00,
    0x04, 0x19, 0x10, 0x0c, 0x00, 0xe4, 0x01, 0x00, 0x24, 0x72, 0x02, 0xff,
    0xff, 0x00, 0x00, 0x00, 0x06, 0x00, 0x8e, 0x07, 0x00, 0xe4, 0x1f, 0x00,
    0x24, 0x72, 0x03, 0xff, 0xff, 0x00, 0x00, 0x00, 0x07, 0x00, 0x8e, 0x07,
    0x00, 0xe2, 0x0f, 0x00, 0x47, 0x99, 0x00, 0x00, 0x90, 0xfc, 0xff, 0xff,
    0xff, 0xff, 0x83, 0x03, 0x00, 0xea, 0x0f, 0x00, 0x41, 0x79, 0x00, 0x00,
    0x00, 0x00, 0x00, 0x00, 0x00, 0x00, 0x80, 0x03, 0x00, 0xea, 0x0f, 0x00,
    0x10, 0x7a, 0x05, 0x04, 0x00, 0x5b, 0x00, 0x00, 0xff, 0xe1, 0xff, 0x07,
    0x00, 0xe2, 0x0f, 0x00, 0x45, 0x79, 0x00, 0x00, 0x10, 0x02, 0x00, 0x00,
    0x00, 0x00, 0x80, 0x03, 0x00, 0xe6, 0x0f, 0x00, 0x0c, 0x78, 0x00, 0x05,
    0x80, 0x00, 0x00, 0x00, 0x70, 0x42, 0xf2, 0x03, 0x00, 0xda, 0x0f, 0x00,
    0x47, 0x99, 0x00, 0x00, 0xe0, 0x01, 0x00, 0x00, 0x00, 0x00, 0x80, 0x03,
    0x00, 0xea, 0x0f, 0x00, 0x81, 0x79, 0x05, 0x02, 0x04, 0x00, 0xff, 0xff,
    0x00, 0x19, 0x1e, 0x0c, 0x00, 0xa8, 0x0e, 0x00, 0x81, 0x79, 0x07, 0x02,
    0x04, 0x80, 0xff, 0xff, 0x00, 0x19, 0x1e, 0x0c, 0x00, 0xe8, 0x0e, 0x00,
    0x81, 0x79, 0x09, 0x02, 0x04, 0x00, 0x00, 0x00, 0x00, 0x19, 0x1e, 0x0c,
    0x00, 0x28, 0x0f, 0x00, 0x81, 0x79, 0x0b, 0x02, 0x04, 0x80, 0x00, 0x00,
    0x00, 0x19, 0x1e, 0x0c, 0x00, 0x68, 0x0f, 0x00, 0x81, 0x79, 0x0d, 0x02,
    0x04, 0x00, 0x01, 0x00, 0x00, 0x19, 0x1e, 0x0c, 0x00, 0x68, 0x0f, 0x00,
    0x81, 0x79, 0x0f, 0x02, 0x04, 0x80, 0x01, 0x00, 0x00, 0x19, 0x1e, 0x0c,
    0x00, 0x68, 0x0f, 0x00, 0x81, 0x79, 0x11, 0x02, 0x04, 0x00, 0x02, 0x00,
    0x00, 0x19, 0x1e, 0x0c, 0x00, 0x68, 0x0f, 0x00, 0x81, 0x79, 0x13, 0x02,
    0x04, 0x80, 0x02, 0x00, 0x00, 0x19, 0x1e, 0x0c, 0x00, 0x62, 0x0f, 0x00,
    0x1c, 0x78, 0x00, 0x00, 0x00, 0x00, 0x00, 0x00, 0x70, 0xe1, 0xf0, 0x03,
    0x00, 0xc4, 0x0f, 0x00, 0x10, 0x78, 0x04, 0x04, 0x00, 0x01, 0x00, 0x00,
    0xff, 0xe0, 0xff, 0x07, 0x00, 0xe2, 0x0f, 0x00, 0x20, 0x72, 0x05, 0x05,
    0x00, 0x00, 0x00, 0x00, 0x00, 0x00, 0x40, 0x00, 0x00, 0xe2, 0x4f, 0x08,
    0x20, 0x72, 0x07, 0x07, 0x00, 0x00, 0x00, 0x00, 0x00, 0x00, 0x40, 0x00,
    0x00, 0xc8, 0x8f, 0x00, 0x86, 0x79, 0x00, 0x02, 0x05, 0x00, 0xff, 0xff,
    0x04, 0x19, 0x10, 0x0c, 0x00, 0xe2, 0x01, 0x00, 0x20, 0x72, 0x09, 0x09,
    0x00, 0x00, 0x00, 0x00, 0x00, 0x00, 0x40, 0x00, 0x00, 0xc6, 0x0f, 0x01,
    0x86, 0x79, 0x00, 0x02, 0x07, 0x80, 0xff, 0xff, 0x04, 0x19, 0x10, 0x0c,
    0x00, 0xe2, 0x0f, 0x00, 0x20, 0x72, 0x0b, 0x0b, 0x00, 0x00, 0x00, 0x00,
    0x00, 0x00, 0x40, 0x00, 0x00, 0xc6, 0x0f, 0x02, 0x86, 0x79, 0x00, 0x02,
    0x09, 0x00, 0x00, 0x00, 0x04, 0x19, 0x10, 0x0c, 0x00, 0xe2, 0x0f, 0x00,
    0x20, 0x72, 0x0d, 0x0d, 0x00, 0x00, 0x00, 0x00, 0x00, 0x00, 0x40, 0x00,
    0x00, 0xe2, 0x0f, 0x08, 0x10, 0x78, 0x05, 0x02, 0x00, 0x04, 0x00, 0x00,
    0xff, 0xe0, 0xf3, 0x07, 0x00, 0xe4, 0x1f, 0x00, 0x86, 0x79, 0x00, 0x02,
    0x0b, 0x80, 0x00, 0x00, 0x04, 0x19, 0x10, 0x0c, 0x00, 0xe2, 0x0f, 0x00,
    0x20, 0x72, 0x0f, 0x0f, 0x00, 0x00, 0x00, 0x00, 0x00, 0x00, 0x40, 0x00,
    0x00, 0xe4, 0x0f, 0x08, 0x24, 0x72, 0x06, 0xff, 0xff, 0x00, 0x00, 0x00,
    0x03, 0x06, 0x8e, 0x00, 0x00, 0xe2, 0x0f, 0x00, 0x86, 0x79, 0x00, 0x02,
    0x0d, 0x00, 0x01, 0x00, 0x04, 0x19, 0x10, 0x0c, 0x00, 0xe2, 0x0f, 0x00,
    0x20, 0x72, 0x11, 0x11, 0x00, 0x00, 0x00, 0x00, 0x00, 0x00, 0x40, 0x00,
    0x00, 0xc6, 0x0f, 0x00, 0x86, 0x79, 0x00, 0x02, 0x0f, 0x80, 0x01, 0x00,
    0x04, 0x19, 0x10, 0x0c, 0x00, 0xe2, 0x0f, 0x00, 0x20, 0x72, 0x13, 0x13,
    0x00, 0x00, 0x00, 0x00, 0x00, 0x00, 0x40, 0x00, 0x00, 0xc6, 0x0f, 0x00,
    0x86, 0x79, 0x00, 0x02, 0x11, 0x00, 0x02, 0x00, 0x04, 0x19, 0x10, 0x0c,
    0x00, 0xe8, 0x0f, 0x00, 0x86, 0x79, 0x00, 0x02, 0x13, 0x80, 0x02, 0x00,
    0x04, 0x19, 0x10, 0x0c, 0x00, 0xe4, 0x01, 0x00, 0x24, 0x72, 0x02, 0xff,
    0xff, 0x00, 0x00, 0x00, 0x05, 0x00, 0x8e, 0x07, 0x00, 0xe4, 0x1f, 0x00,
    0x24, 0x72, 0x03, 0xff, 0xff, 0x00, 0x00, 0x00, 0x06, 0x00, 0x8e, 0x07,
    0x00, 0xe4, 0x0f, 0x00, 0x41, 0x79, 0x00, 0x00, 0x00, 0x00, 0x00, 0x00,
    0x00, 0x00, 0x80, 0x03, 0x00, 0xea, 0x0f, 0x00, 0x0c, 0x7a, 0x00, 0x04,
    0x00, 0x5b, 0x00, 0x00, 0x70, 0x16, 0x70, 0x00, 0x00, 0xda, 0x0f, 0x00,
    0x4d, 0x89, 0x00, 0x00, 0x00, 0x00, 0x00, 0x00, 0x00, 0x00, 0x80, 0x03,
    0x00, 0xea, 0x0f, 0x00, 0x81, 0x79, 0x05, 0x02, 0x04, 0x00, 0xff, 0xff,
    0x00, 0x19, 0x1e, 0x0c, 0x00, 0xa8, 0x0e, 0x00, 0x81, 0x79, 0x07, 0x02,
    0x04, 0x80, 0xff, 0xff, 0x00, 0x19, 0x1e, 0x0c, 0x00, 0xe8, 0x0e, 0x00,
    0x81, 0x79, 0x09, 0x02, 0x04, 0x00, 0x00, 0x00, 0x00, 0x19, 0x1e, 0x0c,
    0x00, 0x28, 0x0f, 0x00, 0x81, 0x79, 0x0b, 0x02, 0x04, 0x80, 0x00, 0x00,
    0x00, 0x19, 0x1e, 0x0c, 0x00, 0x62, 0x0f, 0x00, 0x20, 0x72, 0x05, 0x05,
    0x00, 0x00, 0x00, 0x00, 0x00, 0x00, 0x40, 0x00, 0x00, 0xe2, 0x4f, 0x08,
    0x20, 0x72, 0x07, 0x07, 0x00, 0x00, 0x00, 0x00, 0x00, 0x00, 0x40, 0x00,
    0x00, 0xc8, 0x8f, 0x00, 0x86, 0x79, 0x00, 0x02, 0x05, 0x00, 0xff, 0xff,
    0x04, 0x19, 0x10, 0x0c, 0x00, 0xe2, 0x0f, 0x00, 0x20, 0x72, 0x09, 0x09,
    0x00, 0x00, 0x00, 0x00, 0x00, 0x00, 0x40, 0x00, 0x00, 0xc6, 0x0f, 0x01,
    0x86, 0x79, 0x00, 0x02, 0x07, 0x80, 0xff, 0xff, 0x04, 0x19, 0x10, 0x0c,
    0x00, 0xe2, 0x0f, 0x00, 0x20, 0x72, 0x0b, 0x0b, 0x00, 0x00, 0x00, 0x00,
    0x00, 0x00, 0x40, 0x00, 0x00, 0xc6, 0x0f, 0x02, 0x86, 0x79, 0x00, 0x02,
    0x09, 0x00, 0x00, 0x00, 0x04, 0x19, 0x10, 0x0c, 0x00, 0xe8, 0x0f, 0x00,
    0x86, 0x79, 0x00, 0x02, 0x0b, 0x80, 0x00, 0x00, 0x04, 0x19, 0x10, 0x0c,
    0x00, 0xe2, 0x0f, 0x00, 0x4d, 0x79, 0x00, 0x00, 0x00, 0x00, 0x00, 0x00,
    0x00, 0x00, 0x80, 0x03, 0x00, 0xea, 0x0f, 0x00, 0x24, 0x78, 0x00, 0x0d,
    0x02, 0x00, 0x00, 0x00, 0xff, 0x00, 0x8e, 0x07, 0x00, 0xe2, 0x0f, 0x00,
    0x45, 0x79, 0x01, 0x00, 0x10, 0x03, 0x00, 0x00, 0x00, 0x00, 0x80, 0x03,
    0x00, 0xe8, 0x0f, 0x00, 0x19, 0x78, 0x0b, 0xff, 0x18, 0x00, 0x00, 0x00,
    0x00, 0x16, 0x01, 0x00, 0x00, 0xe2, 0x0f, 0x00, 0x24, 0x72, 0x00, 0xff,
    0xff, 0x00, 0x00, 0x00, 0x0d, 0x00, 0x8e, 0x07, 0x00, 0xc6, 0x0f, 0x00,
    0x0c, 0x72, 0x00, 0x0b, 0xff, 0x00, 0x00, 0x00, 0x70, 0x50, 0xf0, 0x03,
    0x00, 0xda, 0x0f, 0x00, 0x47, 0x09, 0x00, 0x00, 0xa0, 0x00, 0x00, 0x00,
    0x00, 0x00, 0x80, 0x03, 0x00, 0xea, 0x0f, 0x00, 0x24, 0x78, 0x02, 0x00,
    0x02, 0x00, 0x00, 0x00, 0xff, 0x00, 0x8e, 0x07, 0x00, 0xca, 0x0f, 0x00,
    0x0c, 0x72, 0x00, 0x02, 0xff, 0x00, 0x00, 0x00, 0x70, 0x52, 0xf0, 0x03,
    0x00, 0xda, 0x0f, 0x00, 0x23, 0x08, 0x09, 0x00, 0x00, 0x00, 0x80, 0x5f,
    0xff, 0x00, 0x00, 0x00, 0x00, 0xe2, 0x0f, 0x00, 0x08, 0x83, 0x03, 0x00,
    0x00, 0x00, 0x00, 0x00, 0x00, 0x10, 0x00, 0x00, 0x00, 0xf0, 0x0f, 0x00,
    0x08, 0x03, 0x02, 0x00, 0x09, 0x00, 0x00, 0x00, 0x00, 0x10, 0x00, 0x00,
    0x00, 0x24, 0x0e, 0x00, 0x23, 0x04, 0x0b, 0x09, 0x00, 0x00, 0x80, 0xbf,
    0x02, 0x00, 0x00, 0x00, 0x00, 0xc8, 0x1f, 0x00, 0x21, 0x02, 0x0b, 0x0b,
    0xff, 0x00, 0x00, 0x80, 0x00, 0x01, 0x01, 0x00, 0x00, 0xc8, 0x0f, 0x00,
    0x23, 0x02, 0x02, 0x02, 0x0b, 0x00, 0x00, 0x00, 0x02, 0x00, 0x00, 0x00,
    0x00, 0xc8, 0x0f, 0x00, 0x23, 0x08, 0x03, 0x02, 0x00, 0x00, 0x80, 0x5f,
    0xff, 0x00, 0x00, 0x00, 0x00, 0xe2, 0x0f, 0x00, 0x47, 0x79, 0x00, 0x00,
    0x20, 0x02, 0x00, 0x00, 0x00, 0x00, 0x80, 0x03, 0x00, 0xea, 0x0f, 0x00,
    0x10, 0x78, 0x0d, 0x0b, 0x03, 0xff, 0xff, 0xff, 0xff, 0xe0, 0xff, 0x07,
    0x00, 0xc8, 0x0f, 0x00, 0x0c, 0x78, 0x00, 0x0d, 0x01, 0x00, 0x00, 0x00,
    0x70, 0x40, 0xf0, 0x03, 0x00, 0xda, 0x0f, 0x00, 0x47, 0x09, 0x00, 0x00,
    0xe0, 0x01, 0x00, 0x00, 0x00, 0x00, 0x80, 0x03, 0x00, 0xea, 0x0f, 0x00,
    0x12, 0x78, 0x02, 0x00, 0xff, 0xff, 0x7f, 0x00, 0xff, 0xc0, 0x8e, 0x07,
    0x00, 0xe2, 0x0f, 0x00, 0x24, 0x74, 0x0e, 0xff, 0x03, 0x00, 0x00, 0x00,
    0xff, 0x00, 0x8e, 0x07, 0x00, 0xc6, 0x0f, 0x00, 0x12, 0x78, 0x02, 0x02,
    0x00, 0x00, 0x80, 0x3f, 0xff, 0xfc, 0x8e, 0x07, 0x00, 0xe4, 0x0f, 0x00,
    0x19, 0x72, 0x0e, 0x0e, 0x0d, 0x00, 0x00, 0x00, 0xff, 0x06, 0x00, 0x00,
    0x00, 0xe4, 0x0f, 0x00, 0x08, 0x73, 0x03, 0x00, 0x02, 0x00, 0x00, 0x00,
    0x00, 0x10, 0x00, 0x00, 0x00, 0x24, 0x0e, 0x00, 0x23, 0x74, 0x09, 0x02,
    0x00, 0x00, 0x80, 0xbf, 0x03, 0x00, 0x00, 0x00, 0x00, 0xc8, 0x1f, 0x00,
    0x21, 0x72, 0x0c, 0x09, 0xff, 0x00, 0x00, 0x80, 0x00, 0x01, 0x01, 0x00,
    0x00, 0xc8, 0x0f, 0x00, 0x23, 0x72, 0x09, 0x03, 0x0c, 0x00, 0x00, 0x00,
    0x03, 0x40, 0x00, 0x00, 0x00, 0xe2, 0x0f, 0x1c, 0x23, 0x72, 0x0c, 0x03,
    0x0c, 0x00, 0x00, 0x00, 0x03, 0x80, 0x00, 0x00, 0x00, 0xc8, 0x0f, 0x00,
    0x12, 0x78, 0x03, 0x09, 0xff, 0xff, 0x7f, 0x00, 0xff, 0xc0, 0x8e, 0x07,
    0x00, 0xe4, 0x0f, 0x04, 0x0b, 0x72, 0x00, 0x09, 0x0c, 0x00, 0x00, 0x00,
    0x00, 0xd0, 0xf1, 0x03, 0x00, 0xe4, 0x0f, 0x00, 0x12, 0x78, 0x03, 0x03,
    0x00, 0x00, 0x80, 0x00, 0xff, 0xfc, 0x8e, 0x07, 0x00, 0xe4, 0x0f, 0x00,
    0x07, 0x78, 0x09, 0xff, 0xff, 0xff, 0xff, 0xff, 0x00, 0x00, 0x00, 0x04,
    0x00, 0xe4, 0x0f, 0x00, 0x12, 0x72, 0x0e, 0x0e, 0x03, 0x00, 0x00, 0x00,
    0xff, 0xc0, 0x8e, 0x07, 0x00, 0xc6, 0x0f, 0x00, 0x24, 0x72, 0x02, 0xff,
    0xff, 0x00, 0x00, 0x00, 0x09, 0x0a, 0x8e, 0x07, 0x00, 0xe2, 0x0f, 0x00,
    0x19, 0x72, 0x0e, 0xff, 0x0d, 0x00, 0x00, 0x00, 0x0e, 0x16, 0x01, 0x00,
    0x00, 0xc8, 0x0f, 0x00, 0x12, 0x72, 0xff, 0x02, 0x0d, 0x00, 0x00, 0x00,
    0x03, 0xf8, 0x82, 0x07, 0x00, 0xe4, 0x0f, 0x00, 0x12, 0x78, 0xff, 0x0e,
    0x01, 0x00, 0x00, 0x00, 0xff, 0xc0, 0x80, 0x07, 0x00, 0xe4, 0x0f, 0x04,
    0x12, 0x78, 0xff, 0x0e, 0x02, 0x00, 0x00, 0x00, 0xff, 0xc0, 0x84, 0x07,
    0x00, 0xc8, 0x0f, 0x00, 0x1c, 0x78, 0x00, 0x00, 0x00, 0x00, 0x00, 0x00,
    0x20, 0x3c, 0x70, 0x00, 0x00, 0xe4, 0x0f, 0x00, 0x12, 0x78, 0xff, 0x00,
    0xff, 0xff, 0x7f, 0x00, 0xff, 0xc0, 0x82, 0x07, 0x00, 0xe4, 0x0f, 0x00,
    0x07, 0x78, 0x02, 0xff, 0x01, 0x00, 0x00, 0x00, 0x00, 0x00, 0x00, 0x04,
    0x00, 0xca, 0x0f, 0x00, 0x24, 0x72, 0x02, 0xff, 0xff, 0x00, 0x00, 0x00,
    0x02, 0x0a, 0x8e, 0x07, 0x00, 0xca, 0x0f, 0x00, 0x0c, 0x72, 0x00, 0x02,
    0xff, 0x00, 0x00, 0x00, 0x70, 0x62, 0xf0, 0x03, 0x00, 0xe4, 0x0f, 0x00,
    0x10, 0x78, 0x02, 0x0b, 0x04, 0xff, 0xff, 0xff, 0xff, 0xe0, 0xff, 0x07,
    0x00, 0xc8, 0x0f, 0x00, 0x19, 0x72, 0x03, 0xff, 0x02, 0x00, 0x00, 0x00,
    0x03, 0x16, 0x01, 0x00, 0x00, 0xce, 0x0f, 0x00, 0x10, 0x88, 0x03, 0x03,
    0x01, 0x00, 0x00, 0x00, 0xff, 0xe0, 0xff, 0x07, 0x00, 0xca, 0x0f, 0x00,
    0x24, 0x98, 0x03, 0x03, 0x02, 0x00, 0x00, 0x00, 0xff, 0x00, 0x8e, 0x07,
    0x00, 0xca, 0x0f, 0x00, 0x12, 0x78, 0x03, 0x03, 0x00, 0x00, 0x00, 0x80,
    0x00, 0xf8, 0x8e, 0x07, 0x00, 0xe2, 0x0f, 0x00, 0x47, 0x79, 0x00, 0x00,
    0x10, 0x00, 0x00, 0x00, 0x00, 0x00, 0x80, 0x03, 0x00, 0xea, 0x0f, 0x00,
    0x08, 0x73, 0x03, 0x00, 0x00, 0x00, 0x00, 0x00, 0x00, 0x10, 0x00, 0x00,
    0x00, 0x64, 0x00, 0x00, 0x41, 0x79, 0x01, 0x00, 0x00, 0x00, 0x00, 0x00,
    0x00, 0x00, 0x80, 0x03, 0x00, 0xea, 0x0f, 0x00, 0x24, 0x74, 0x0b, 0xff,
    0x00, 0x00, 0x00, 0x00, 0xff, 0x00, 0x8e, 0x07, 0x00, 0xc8, 0x0f, 0x00,
    0x50, 0x79, 0x00, 0x0a, 0x50, 0xe2, 0xff, 0xff, 0xff, 0xff, 0xc3, 0x03,
    0x00, 0xea, 0x0f, 0x00, 0x47, 0x79, 0x00, 0x00, 0xf0, 0xff, 0xff, 0xff,
    0xff, 0xff, 0x83, 0x03, 0x00, 0xc0, 0x0f, 0x00, 0x18, 0x79, 0x00, 0x00,
    0x00, 0x00, 0x00, 0x00, 0x00, 0x00, 0x00, 0x00, 0x00, 0xc0, 0x0f, 0x00,
    0x18, 0x79, 0x00, 0x00, 0x00, 0x00, 0x00, 0x00, 0x00, 0x00, 0x00, 0x00,
    0x00, 0xc0, 0x0f, 0x00, 0x18, 0x79, 0x00, 0x00, 0x00, 0x00, 0x00, 0x00,
    0x00, 0x00, 0x00, 0x00, 0x00, 0xc0, 0x0f, 0x00, 0x18, 0x79, 0x00, 0x00,
    0x00, 0x00, 0x00, 0x00, 0x00, 0x00, 0x00, 0x00, 0x00, 0xc0, 0x0f, 0x00,
    0x18, 0x79, 0x00, 0x00, 0x00, 0x00, 0x00, 0x00, 0x00, 0x00, 0x00, 0x00,
    0x00, 0xc0, 0x0f, 0x00, 0x18, 0x79, 0x00, 0x00, 0x00, 0x00, 0x00, 0x00,
    0x00, 0x00, 0x00, 0x00, 0x00, 0xc0, 0x0f, 0x00, 0x18, 0x79, 0x00, 0x00,
    0x00, 0x00, 0x00, 0x00, 0x00, 0x00, 0x00, 0x00, 0x00, 0xc0, 0x0f, 0x00,
    0x18, 0x79, 0x00, 0x00, 0x00, 0x00, 0x00, 0x00, 0x00, 0x00, 0x00, 0x00,
    0x00, 0xc0, 0x0f, 0x00, 0x18, 0x79, 0x00, 0x00, 0x00, 0x00, 0x00, 0x00,
    0x00, 0x00, 0x00, 0x00, 0x00, 0xc0, 0x0f, 0x00, 0x18, 0x79, 0x00, 0x00,
    0x00, 0x00, 0x00, 0x00, 0x00, 0x00, 0x00, 0x00, 0x00, 0xc0, 0x0f, 0x00,
    0x18, 0x79, 0x00, 0x00, 0x00, 0x00, 0x00, 0x00, 0x00, 0x00, 0x00, 0x00,
    0x00, 0xc0, 0x0f, 0x00, 0x18, 0x79, 0x00, 0x00, 0x00, 0x00, 0x00, 0x00,
    0x00, 0x00, 0x00, 0x00, 0x00, 0xc0, 0x0f, 0x00,
};
static const unsigned softmax_rows_param_off_sm86[] = { 0, 8, 12 };

/* layernorm_rows (layernorm_rows_f32) — 12288 B, 768 instrucciones */
static const unsigned char layernorm_rows_sass_sm86[] = {
    0x02, 0x7a, 0x01, 0x00, 0x00, 0x0a, 0x00, 0x00, 0x00, 0x0f, 0x00, 0x00,
    0x00, 0xe4, 0x0f, 0x00, 0x19, 0x79, 0x05, 0x00, 0x00, 0x00, 0x00, 0x00,
    0x00, 0x25, 0x00, 0x00, 0x00, 0x24, 0x0e, 0x00, 0x0c, 0x7a, 0x00, 0x05,
    0x00, 0x5e, 0x00, 0x00, 0x70, 0x62, 0xf0, 0x03, 0x00, 0xda, 0x1f, 0x00,
    0x4d, 0x09, 0x00, 0x00, 0x00, 0x00, 0x00, 0x00, 0x00, 0x00, 0x80, 0x03,
    0x00, 0xea, 0x0f, 0x00, 0x19, 0x79, 0x06, 0x00, 0x00, 0x00, 0x00, 0x00,
    0x00, 0x21, 0x00, 0x00, 0x00, 0x24, 0x0e, 0x00, 0x12, 0x78, 0xff, 0x06,
    0xe0, 0xff, 0xff, 0xff, 0xff, 0xc0, 0x80, 0x07, 0x00, 0xda, 0x1f, 0x00,
    0x4d, 0x09, 0x00, 0x00, 0x00, 0x00, 0x00, 0x00, 0x00, 0x00, 0x80, 0x03,
    0x00, 0xea, 0x0f, 0x00, 0x12, 0x78, 0x02, 0x06, 0x1f, 0x00, 0x00, 0x00,
    0xff, 0xc0, 0x8e, 0x07, 0x00, 0xe2, 0x0f, 0x00, 0xb9, 0x7a, 0x04, 0x00,
    0x00, 0x46, 0x00, 0x00, 0x00, 0x0a, 0x00, 0x00, 0x00, 0xe2, 0x0f, 0x00,
    0x02, 0x7a, 0x0d, 0x00, 0x00, 0x5f, 0x00, 0x00, 0x00, 0x0f, 0x00, 0x00,
    0x00, 0xe2, 0x0f, 0x00, 0x45, 0x79, 0x00, 0x00, 0x30, 0x08, 0x00, 0x00,
    0x00, 0x00, 0x80, 0x03, 0x00, 0xe2, 0x0f, 0x00, 0x02, 0x72, 0x04, 0x00,
    0x02, 0x00, 0x00, 0x00, 0x00, 0x0f, 0x00, 0x00, 0x00, 0xe4, 0x0f, 0x00,
    0x19, 0x78, 0x07, 0xff, 0x1f, 0x00, 0x00, 0x00, 0x05, 0x14, 0x01, 0x00,
    0x00, 0xe4, 0x0f, 0x00, 0x0c, 0x7a, 0x00, 0x04, 0x00, 0x5f, 0x00, 0x00,
    0x70, 0x62, 0xf2, 0x03, 0x00, 0xe4, 0x0f, 0x00, 0x02, 0x72, 0x09, 0x00,
    0xff, 0x00, 0x00, 0x00, 0x00, 0x0f, 0x00, 0x00, 0x00, 0xc4, 0x0f, 0x00,
    0x02, 0x72, 0x00, 0x00, 0xff, 0x00, 0x00, 0x00, 0x00, 0x0f, 0x00, 0x00,
    0x00, 0xe4, 0x0f, 0x00, 0x19, 0x78, 0x08, 0xff, 0x1f, 0x00, 0x00, 0x00,
    0x0d, 0x14, 0x01, 0x00, 0x00, 0xce, 0x0f, 0x00, 0x47, 0x19, 0x00, 0x00,
    0xb0, 0x07, 0x00, 0x00, 0x00, 0x00, 0x80, 0x03, 0x00, 0xea, 0x0f, 0x00,
    0x12, 0x72, 0x00, 0xff, 0x04, 0x00, 0x00, 0x00, 0xff, 0x33, 0x8e, 0x07,
    0x00, 0xe2, 0x0f, 0x00, 0x45, 0x79, 0x01, 0x00, 0xd0, 0x01, 0x00, 0x00,
    0x00, 0x00, 0x80, 0x03, 0x00, 0xe2, 0x0f, 0x00, 0x12, 0x78, 0x0a, 0x06,
    0xe0, 0xff, 0xff, 0xff, 0xff, 0xcf, 0x8e, 0x07, 0x00, 0xe4, 0x0f, 0x00,
    0x10, 0x7a, 0x00, 0x00, 0x00, 0x5f, 0x00, 0x00, 0xff, 0xe0, 0xff, 0x07,
    0x00, 0xe4, 0x0f, 0x00, 0x10, 0x7a, 0x0a, 0x0a, 0x00, 0x5f, 0x00, 0x00,
    0xff, 0xe0, 0xff, 0x07, 0x00, 0xe4, 0x0f, 0x00, 0x11, 0x78, 0x00, 0x00,
    0x01, 0x00, 0x00, 0x00, 0xff, 0xd8, 0x8f, 0x07, 0x00, 0xe4, 0x0f, 0x00,
    0x0c, 0x78, 0x00, 0x0a, 0x60, 0x00, 0x00, 0x00, 0x70, 0x60, 0xf0, 0x03,
    0x00, 0xc4, 0x0f, 0x00, 0x12, 0x78, 0x0b, 0x00, 0x03, 0x00, 0x00, 0x00,
    0xff, 0xc0, 0x84, 0x07, 0x00, 0xe4, 0x0f, 0x00, 0x02, 0x72, 0x00, 0x00,
    0xff, 0x00, 0x00, 0x00, 0x00, 0x0f, 0x00, 0x00, 0x00, 0xe4, 0x0f, 0x00,
    0x02, 0x72, 0x0a, 0x00, 0x04, 0x00, 0x00, 0x00, 0x00, 0x0f, 0x00, 0x00,
    0x00, 0xd2, 0x0f, 0x00, 0x47, 0xa9, 0x00, 0x00, 0x30, 0x01, 0x00, 0x00,
    0x00, 0x00, 0x80, 0x03, 0x00, 0xea, 0x0f, 0x00, 0x02, 0x72, 0x03, 0x00,
    0xff, 0x00, 0x00, 0x00, 0x00, 0x0f, 0x00, 0x00, 0x00, 0xe2, 0x0f, 0x00,
    0x24, 0x7a, 0x00, 0x07, 0x00, 0x5f, 0x00, 0x00, 0xff, 0x02, 0x8e, 0x07,
    0x00, 0xe2, 0x0f, 0x00, 0x02, 0x72, 0x0a, 0x00, 0x04, 0x00, 0x00, 0x00,
    0x00, 0x0f, 0x00, 0x00, 0x00, 0xc6, 0x0f, 0x00, 0x25, 0x7a, 0x02, 0x05,
    0x00, 0x5f, 0x00, 0x00, 0x02, 0x00, 0x8e, 0x07, 0x00, 0xc8, 0x0f, 0x00,
    0x24, 0x72, 0x0f, 0x05, 0x08, 0x00, 0x00, 0x00, 0x00, 0x02, 0x8e, 0x07,
    0x00, 0xe2, 0x0f, 0x00, 0x11, 0x7a, 0x0c, 0x02, 0x00, 0x58, 0x00, 0x00,
    0xff, 0x10, 0x84, 0x07, 0x00, 0xe4, 0x0f, 0x00, 0x02, 0x72, 0x00, 0x00,
    0xff, 0x00, 0x00, 0x00, 0x00, 0x0f, 0x00, 0x00, 0x00, 0xe4, 0x0f, 0x00,
    0x10, 0x72, 0x0f, 0x03, 0x0f, 0x00, 0x00, 0x00, 0xff, 0xe0, 0xff, 0x07,
    0x00, 0xc8, 0x0f, 0x00, 0x11, 0x7a, 0x0f, 0x02, 0x00, 0x59, 0x00, 0x00,
    0x0f, 0x14, 0x0f, 0x01, 0x00, 0xc8, 0x0f, 0x00, 0x02, 0x72, 0x03, 0x00,
    0x0f, 0x00, 0x00, 0x00, 0x00, 0x0f, 0x00, 0x00, 0x00, 0xe2, 0x0f, 0x00,
    0x24, 0x72, 0x02, 0xff, 0xff, 0x00, 0x00, 0x00, 0x0c, 0x00, 0x8e, 0x07,
    0x00, 0xca, 0x0f, 0x00, 0x81, 0x79, 0x03, 0x02, 0x04, 0x00, 0x00, 0x00,
    0x00, 0x19, 0x1e, 0x0c, 0x00, 0xa2, 0x0e, 0x00, 0x10, 0x78, 0x0b, 0x0b,
    0xff, 0xff, 0xff, 0xff, 0xff, 0xe0, 0xff, 0x07, 0x00, 0xe4, 0x0f, 0x00,
    0x10, 0x78, 0x0c, 0x0c, 0x80, 0x00, 0x00, 0x00, 0xff, 0xe0, 0xf7, 0x07,
    0x00, 0xe4, 0x0f, 0x00, 0x0c, 0x72, 0x00, 0x0b, 0xff, 0x00, 0x00, 0x00,
    0x70, 0x52, 0xf4, 0x03, 0x00, 0xe4, 0x0f, 0x00, 0x10, 0x78, 0x0a, 0x0a,
    0x20, 0x00, 0x00, 0x00, 0xff, 0xe0, 0xff, 0x07, 0x00, 0xe4, 0x0f, 0x00,
    0x10, 0x72, 0x0f, 0xff, 0x0f, 0x00, 0x00, 0x00, 0xff, 0xe4, 0xff, 0x01,
    0x00, 0xe2, 0x0f, 0x00, 0x21, 0x72, 0x00, 0x03, 0x00, 0x00, 0x00, 0x00,
    0x00, 0x00, 0x00, 0x00, 0x00, 0xd0, 0x4f, 0x00, 0x47, 0x29, 0x00, 0x00,
    0x60, 0xff, 0xff, 0xff, 0xff, 0xff, 0x83, 0x03, 0x00, 0xea, 0x0f, 0x00,
    0x41, 0x79, 0x01, 0x00, 0x00, 0x00, 0x00, 0x00, 0x00, 0x00, 0x80, 0x03,
    0x00, 0xea, 0x0f, 0x00, 0x47, 0x89, 0x00, 0x00, 0xb0, 0x05, 0x00, 0x00,
    0x00, 0x00, 0x80, 0x03, 0x00, 0xea, 0x0f, 0x00, 0x02, 0x72, 0x0b, 0x00,
    0xff, 0x00, 0x00, 0x00, 0x00, 0x0f, 0x00, 0x00, 0x00, 0xe2, 0x0f, 0x00,
    0x24, 0x7a, 0x0c, 0x07, 0x00, 0x5f, 0x00, 0x00, 0xff, 0x02, 0x8e, 0x07,
    0x00, 0xe2, 0x0f, 0x00, 0x45, 0x79, 0x01, 0x00, 0x30, 0x03, 0x00, 0x00,
    0x00, 0x00, 0x80, 0x03, 0x00, 0xe6, 0x0f, 0x00, 0x25, 0x7a, 0x02, 0x05,
    0x00, 0x5f, 0x00, 0x00, 0x0a, 0x00, 0x8e, 0x07, 0x00, 0xc8, 0x0f, 0x00,
    0x24, 0x72, 0x0b, 0x05, 0x08, 0x00, 0x00, 0x00, 0x0c, 0x02, 0x8e, 0x07,
    0x00, 0xe2, 0x0f, 0x00, 0x10, 0x7a, 0x0c, 0x0a, 0x00, 0x5f, 0x00, 0x00,
    0xff, 0xe1, 0xff, 0x07, 0x00, 0xc8, 0x0f, 0x00, 0x0c, 0x78, 0x00, 0x0c,
    0x80, 0x01, 0x00, 0x00, 0x70, 0x42, 0xf4, 0x03, 0x00, 0xe4, 0x0f, 0x00,
    0x10, 0x72, 0x0b, 0x0b, 0x03, 0x00, 0x00, 0x00, 0xff, 0xe0, 0xff, 0x07,
    0x00, 0xe4, 0x0f, 0x00, 0x11, 0x7a, 0x03, 0x02, 0x00, 0x58, 0x00, 0x00,
    0xff, 0x10, 0x80, 0x07, 0x00, 0xc8, 0x0f, 0x00, 0x11, 0x7a, 0x0b, 0x02,
    0x00, 0x59, 0x00, 0x00, 0x0b, 0x14, 0x0f, 0x00, 0x00, 0xe4, 0x0f, 0x00,
    0x10, 0x78, 0x02, 0x03, 0x00, 0x01, 0x00, 0x00, 0xff, 0xe0, 0xf1, 0x07,
    0x00, 0xc8, 0x0f, 0x00, 0x10, 0x72, 0x03, 0xff, 0x0b, 0x00, 0x00, 0x00,
    0xff, 0xe4, 0x7f, 0x00, 0x00, 0xe4, 0x0f, 0x00, 0x1c, 0x78, 0x00, 0x00,
    0x00, 0x00, 0x00, 0x00, 0x70, 0xf0, 0xf0, 0x03, 0x00, 0xe2, 0x0f, 0x00,
    0x47, 0xa9, 0x00, 0x00, 0x70, 0x02, 0x00, 0x00, 0x00, 0x00, 0x80, 0x03,
    0x00, 0xee, 0x0f, 0x00, 0x1c, 0x78, 0x00, 0x00, 0x00, 0x00, 0x00, 0x00,
    0x70, 0xe1, 0xf0, 0x03, 0x00, 0xe4, 0x0f, 0x00, 0x10, 0x78, 0x0d, 0x0d,
    0x80, 0xfe, 0xff, 0xff, 0xff, 0xe0, 0xff, 0x07, 0x00, 0xc6, 0x0f, 0x00,
    0x81, 0x79, 0x11, 0x02, 0x04, 0x00, 0xff, 0xff, 0x00, 0x19, 0x1e, 0x0c,
    0x00, 0xa8, 0x00, 0x00, 0x81, 0x79, 0x12, 0x02, 0x04, 0x80, 0xff, 0xff,
    0x00, 0x19, 0x1e, 0x0c, 0x00, 0xe8, 0x00, 0x00, 0x81, 0x79, 0x14, 0x02,
    0x04, 0x00, 0x00, 0x00, 0x00, 0x19, 0x1e, 0x0c, 0x00, 0x28, 0x01, 0x00,
    0x81, 0x79, 0x16, 0x02, 0x04, 0x80, 0x00, 0x00, 0x00, 0x19, 0x1e, 0x0c,
    0x00, 0x68, 0x01, 0x00, 0x81, 0x79, 0x18, 0x02, 0x04, 0x00, 0x01, 0x00,
    0x00, 0x19, 0x1e, 0x0c, 0x00, 0x68, 0x01, 0x00, 0x81, 0x79, 0x1a, 0x02,
    0x04, 0x80, 0x01, 0x00, 0x00, 0x19, 0x1e, 0x0c, 0x00, 0x68, 0x01, 0x00,
    0x81, 0x79, 0x1c, 0x02, 0x04, 0x00, 0x02, 0x00, 0x00, 0x19, 0x1e, 0x0c,
    0x00, 0x68, 0x01, 0x00, 0x81, 0x79, 0x1e, 0x02, 0x04, 0x80, 0x02, 0x00,
    0x00, 0x19, 0x1e, 0x0c, 0x00, 0x68, 0x01, 0x00, 0x81, 0x79, 0x20, 0x02,
    0x04, 0x00, 0x03, 0x00, 0x00, 0x19, 0x1e, 0x0c, 0x00, 0x68, 0x01, 0x00,
    0x81, 0x79, 0x22, 0x02, 0x04, 0x80, 0x03, 0x00, 0x00, 0x19, 0x1e, 0x0c,
    0x00, 0x68, 0x01, 0x00, 0x81, 0x79, 0x24, 0x02, 0x04, 0x00, 0x04, 0x00,
    0x00, 0x19, 0x1e, 0x0c, 0x00, 0x68, 0x01, 0x00, 0x81, 0x79, 0x10, 0x02,
    0x04, 0x80, 0x04, 0x00, 0x00, 0x19, 0x1e, 0x0c, 0x00, 0x68, 0x01, 0x00,
    0x81, 0x79, 0x0f, 0x02, 0x04, 0x00, 0x05, 0x00, 0x00, 0x19, 0x1e, 0x0c,
    0x00, 0x68, 0x01, 0x00, 0x81, 0x79, 0x0c, 0x02, 0x04, 0x80, 0x05, 0x00,
    0x00, 0x19, 0x1e, 0x0c, 0x00, 0x68, 0x01, 0x00, 0x81, 0x79, 0x0e, 0x02,
    0x04, 0x00, 0x06, 0x00, 0x00, 0x19, 0x1e, 0x0c, 0x00, 0x68, 0x01, 0x00,
    0x81, 0x79, 0x0b, 0x02, 0x04, 0x80, 0x06, 0x00, 0x00, 0x19, 0x1e, 0x0c,
    0x00, 0x62, 0x01, 0x00, 0x10, 0x78, 0x0a, 0x0a, 0x00, 0x02, 0x00, 0x00,
    0xff, 0xe0, 0xff, 0x07, 0x00, 0xc8, 0x0f, 0x00, 0x0c, 0x72, 0x00, 0x0a,
    0x0d, 0x00, 0x00, 0x00, 0x70, 0x62, 0xf4, 0x03, 0x00, 0xe4, 0x0f, 0x00,
    0x10, 0x78, 0x02, 0x02, 0x00, 0x08, 0x00, 0x00, 0xff, 0xe0, 0xf7, 0x07,
    0x00, 0xc8, 0x1f, 0x00, 0x10, 0x72, 0x03, 0xff, 0x03, 0x00, 0x00, 0x00,
    0xff, 0xe4, 0xff, 0x01, 0x00, 0xe2, 0x0f, 0x00, 0x21, 0x72, 0x11, 0x11,
    0x00, 0x00, 0x00, 0x00, 0x00, 0x00, 0x00, 0x00, 0x00, 0xc8, 0x4f, 0x00,
    0x21, 0x72, 0x11, 0x11, 0x12, 0x00, 0x00, 0x00, 0x00, 0x00, 0x00, 0x00,
    0x00, 0xc8, 0x8f, 0x00, 0x21, 0x72, 0x11, 0x11, 0x14, 0x00, 0x00, 0x00,
    0x00, 0x00, 0x00, 0x00, 0x00, 0xc8, 0x0f, 0x01, 0x21, 0x72, 0x11, 0x11,
    0x16, 0x00, 0x00, 0x00, 0x00, 0x00, 0x00, 0x00, 0x00, 0xc8, 0x0f, 0x02,
    0x21, 0x72, 0x11, 0x11, 0x18, 0x00, 0x00, 0x00, 0x00, 0x00, 0x00, 0x00,
    0x00, 0xc8, 0x0f, 0x00, 0x21, 0x72, 0x11, 0x11, 0x1a, 0x00, 0x00, 0x00,
    0x00, 0x00, 0x00, 0x00, 0x00, 0xc8, 0x0f, 0x00, 0x21, 0x72, 0x11, 0x11,
    0x1c, 0x00, 0x00, 0x00, 0x00, 0x00, 0x00, 0x00, 0x00, 0xc8, 0x0f, 0x00,
    0x21, 0x72, 0x11, 0x11, 0x1e, 0x00, 0x00, 0x00, 0x00, 0x00, 0x00, 0x00,
    0x00, 0xc8, 0x0f, 0x00, 0x21, 0x72, 0x11, 0x11, 0x20, 0x00, 0x00, 0x00,
    0x00, 0x00, 0x00, 0x00, 0x00, 0xc8, 0x0f, 0x00, 0x21, 0x72, 0x11, 0x11,
    0x22, 0x00, 0x00, 0x00, 0x00, 0x00, 0x00, 0x00, 0x00, 0xc8, 0x0f, 0x00,
    0x21, 0x72, 0x11, 0x11, 0x24, 0x00, 0x00, 0x00, 0x00, 0x00, 0x00, 0x00,
    0x00, 0xc8, 0x0f, 0x00, 0x21, 0x72, 0x10, 0x11, 0x10, 0x00, 0x00, 0x00,
    0x00, 0x00, 0x00, 0x00, 0x00, 0xc8, 0x0f, 0x00, 0x21, 0x72, 0x0f, 0x10,
    0x0f, 0x00, 0x00, 0x00, 0x00, 0x00, 0x00, 0x00, 0x00, 0xc8, 0x0f, 0x00,
    0x21, 0x72, 0x0f, 0x0f, 0x0c, 0x00, 0x00, 0x00, 0x00, 0x00, 0x00, 0x00,
    0x00, 0xc8, 0x0f, 0x00, 0x21, 0x72, 0x0e, 0x0f, 0x0e, 0x00, 0x00, 0x00,
    0x00, 0x00, 0x00, 0x00, 0x00, 0xc8, 0x0f, 0x00, 0x21, 0x72, 0x00, 0x0e,
    0x0b, 0x00, 0x00, 0x00, 0x00, 0x00, 0x00, 0x00, 0x00, 0xe2, 0x0f, 0x00,
    0x47, 0xa9, 0x00, 0x00, 0xb0, 0xfd, 0xff, 0xff, 0xff, 0xff, 0x83, 0x03,
    0x00, 0xea, 0x0f, 0x00, 0x41, 0x79, 0x01, 0x00, 0x00, 0x00, 0x00, 0x00,
    0x00, 0x00, 0x80, 0x03, 0x00, 0xea, 0x0f, 0x00, 0x10, 0x7a, 0x0b, 0x0a,
    0x00, 0x5f, 0x00, 0x00, 0xff, 0xe1, 0xff, 0x07, 0x00, 0xe2, 0x0f, 0x00,
    0x45, 0x79, 0x01, 0x00, 0x90, 0x01, 0x00, 0x00, 0x00, 0x00, 0x80, 0x03,
    0x00, 0xe6, 0x0f, 0x00, 0x0c, 0x78, 0x00, 0x0b, 0x80, 0x00, 0x00, 0x00,
    0x70, 0x42, 0xf4, 0x03, 0x00, 0xda, 0x0f, 0x00, 0x47, 0xa9, 0x00, 0x00,
    0x60, 0x01, 0x00, 0x00, 0x00, 0x00, 0x80, 0x03, 0x00, 0xea, 0x0f, 0x00,
    0x81, 0x79, 0x0b, 0x02, 0x04, 0x00, 0xff, 0xff, 0x00, 0x19, 0x1e, 0x0c,
    0x00, 0xa8, 0x0e, 0x00, 0x81, 0x79, 0x0c, 0x02, 0x04, 0x80, 0xff, 0xff,
    0x00, 0x19, 0x1e, 0x0c, 0x00, 0xe8, 0x0e, 0x00, 0x81, 0x79, 0x0e, 0x02,
    0x04, 0x00, 0x00, 0x00, 0x00, 0x19, 0x1e, 0x0c, 0x00, 0x28, 0x0f, 0x00,
    0x81, 0x79, 0x10, 0x02, 0x04, 0x80, 0x00, 0x00, 0x00, 0x19, 0x1e, 0x0c,
    0x00, 0x68, 0x01, 0x00, 0x81, 0x79, 0x12, 0x02, 0x04, 0x00, 0x01, 0x00,
    0x00, 0x19, 0x1e, 0x0c, 0x00, 0x68, 0x01, 0x00, 0x81, 0x79, 0x14, 0x02,
    0x04, 0x80, 0x01, 0x00, 0x00, 0x19, 0x1e, 0x0c, 0x00, 0x68, 0x01, 0x00,
    0x81, 0x79, 0x16, 0x02, 0x04, 0x00, 0x02, 0x00, 0x00, 0x19, 0x1e, 0x0c,
    0x00, 0x68, 0x01, 0x00, 0x81, 0x79, 0x18, 0x02, 0x04, 0x80, 0x02, 0x00,
    0x00, 0x19, 0x1e, 0x0c, 0x00, 0x62, 0x01, 0x00, 0x1c, 0x78, 0x00, 0x00,
    0x00, 0x00, 0x00, 0x00, 0x70, 0xe1, 0xf0, 0x03, 0x00, 0xc4, 0x0f, 0x00,
    0x10, 0x78, 0x0a, 0x0a, 0x00, 0x01, 0x00, 0x00, 0xff, 0xe0, 0xff, 0x07,
    0x00, 0xe2, 0x0f, 0x00, 0x21, 0x72, 0x0b, 0x00, 0x0b, 0x00, 0x00, 0x00,
    0x00, 0x00, 0x00, 0x00, 0x00, 0xc8, 0x4f, 0x00, 0x21, 0x72, 0x0b, 0x0b,
    0x0c, 0x00, 0x00, 0x00, 0x00, 0x00, 0x00, 0x00, 0x00, 0xe2, 0x8f, 0x00,
    0x10, 0x78, 0x0c, 0x02, 0x00, 0x04, 0x00, 0x00, 0xff, 0xe0, 0xf5, 0x07,
    0x00, 0xc6, 0x0f, 0x00, 0x21, 0x72, 0x0b, 0x0b, 0x0e, 0x00, 0x00, 0x00,
    0x00, 0x00, 0x00, 0x00, 0x00, 0xe2, 0x0f, 0x01, 0x10, 0x72, 0x0d, 0xff,
    0x03, 0x00, 0x00, 0x00, 0xff, 0xe4, 0x7f, 0x01, 0x00, 0xe4, 0x0f, 0x00,
    0x02, 0x72, 0x02, 0x00, 0x0c, 0x00, 0x00, 0x00, 0x00, 0x0f, 0x00, 0x00,
    0x00, 0xe2, 0x1f, 0x00, 0x21, 0x72, 0x0b, 0x0b, 0x10, 0x00, 0x00, 0x00,
    0x00, 0x00, 0x00, 0x00, 0x00, 0xe2, 0x0f, 0x02, 0x02, 0x72, 0x03, 0x00,
    0x0d, 0x00, 0x00, 0x00, 0x00, 0x0f, 0x00, 0x00, 0x00, 0xc6, 0x0f, 0x00,
    0x21, 0x72, 0x0b, 0x0b, 0x12, 0x00, 0x00, 0x00, 0x00, 0x00, 0x00, 0x00,
    0x00, 0xc8, 0x0f, 0x00, 0x21, 0x72, 0x0b, 0x0b, 0x14, 0x00, 0x00, 0x00,
    0x00, 0x00, 0x00, 0x00, 0x00, 0xc8, 0x0f, 0x00, 0x21, 0x72, 0x0b, 0x0b,
    0x16, 0x00, 0x00, 0x00, 0x00, 0x00, 0x00, 0x00, 0x00, 0xc8, 0x0f, 0x00,
    0x21, 0x72, 0x00, 0x0b, 0x18, 0x00, 0x00, 0x00, 0x00, 0x00, 0x00, 0x00,
    0x00, 0xe4, 0x0f, 0x00, 0x41, 0x79, 0x01, 0x00, 0x00, 0x00, 0x00, 0x00,
    0x00, 0x00, 0x80, 0x03, 0x00, 0xea, 0x0f, 0x00, 0x0c, 0x7a, 0x00, 0x0a,
    0x00, 0x5f, 0x00, 0x00, 0x70, 0x16, 0x70, 0x00, 0x00, 0xda, 0x0f, 0x00,
    0x47, 0x89, 0x00, 0x00, 0x80, 0x00, 0x00, 0x00, 0x00, 0x00, 0x80, 0x03,
    0x00, 0xea, 0x0f, 0x00, 0x81, 0x79, 0x0b, 0x02, 0x04, 0x00, 0xff, 0xff,
    0x00, 0x19, 0x1e, 0x0c, 0x00, 0xa8, 0x0e, 0x00, 0x81, 0x79, 0x0a, 0x02,
    0x04, 0x80, 0xff, 0xff, 0x00, 0x19, 0x1e, 0x0c, 0x00, 0xe8, 0x0e, 0x00,
    0x81, 0x79, 0x0d, 0x02, 0x04, 0x00, 0x00, 0x00, 0x00, 0x19, 0x1e, 0x0c,
    0x00, 0x28, 0x0f, 0x00, 0x81, 0x79, 0x0f, 0x02, 0x04, 0x80, 0x00, 0x00,
    0x00, 0x19, 0x1e, 0x0c, 0x00, 0x62, 0x0f, 0x00, 0x21, 0x72, 0x0b, 0x00,
    0x0b, 0x00, 0x00, 0x00, 0x00, 0x00, 0x00, 0x00, 0x00, 0xc8, 0x4f, 0x00,
    0x21, 0x72, 0x0a, 0x0b, 0x0a, 0x00, 0x00, 0x00, 0x00, 0x00, 0x00, 0x00,
    0x00, 0xc8, 0x8f, 0x00, 0x21, 0x72, 0x0a, 0x0a, 0x0d, 0x00, 0x00, 0x00,
    0x00, 0x00, 0x00, 0x00, 0x00, 0xc8, 0x0f, 0x01, 0x21, 0x72, 0x00, 0x0a,
    0x0f, 0x00, 0x00, 0x00, 0x00, 0x00, 0x00, 0x00, 0x00, 0xe4, 0x0f, 0x02,
    0x41, 0x79, 0x00, 0x00, 0x00, 0x00, 0x00, 0x00, 0x00, 0x00, 0x80, 0x03,
    0x00, 0xea, 0x0f, 0x00, 0x89, 0x7f, 0x03, 0x00, 0x00, 0x1f, 0x00, 0x0a,
    0x00, 0x00, 0x0e, 0x00, 0x00, 0x22, 0x0e, 0x00, 0x45, 0x79, 0x00, 0x00,
    0x70, 0x01, 0x00, 0x00, 0x00, 0x00, 0x80, 0x03, 0x00, 0xe2, 0x0f, 0x00,
    0x21, 0x72, 0x03, 0x03, 0x00, 0x00, 0x00, 0x00, 0x00, 0x00, 0x00, 0x00,
    0x00, 0xca, 0x1f, 0x00, 0x89, 0x7f, 0x02, 0x03, 0x00, 0x1f, 0x00, 0x09,
    0x00, 0x00, 0x0e, 0x00, 0x00, 0x24, 0x0e, 0x00, 0x21, 0x72, 0x02, 0x03,
    0x02, 0x00, 0x00, 0x00, 0x00, 0x00, 0x00, 0x00, 0x00, 0xca, 0x1f, 0x00,
    0x89, 0x7f, 0x0b, 0x02, 0x00, 0x1f, 0x80, 0x08, 0x00, 0x00, 0x0e, 0x00,
    0x00, 0x24, 0x0e, 0x00, 0x21, 0x72, 0x0a, 0x02, 0x0b, 0x00, 0x00, 0x00,
    0x00, 0x00, 0x00, 0x00, 0x00, 0xca, 0x1f, 0x00, 0x89, 0x7f, 0x0b, 0x0a,
    0x00, 0x1f, 0x40, 0x08, 0x00, 0x00, 0x0e, 0x00, 0x00, 0x24, 0x0e, 0x00,
    0x21, 0x72, 0x0c, 0x0a, 0x0b, 0x00, 0x00, 0x00, 0x00, 0x00, 0x00, 0x00,
    0x00, 0xe2, 0x1f, 0x00, 0x45, 0x7a, 0x0b, 0x00, 0x00, 0x5f, 0x00, 0x00,
    0x00, 0x14, 0x20, 0x00, 0x00, 0xc8, 0x0f, 0x00, 0x89, 0x7f, 0x0d, 0x0c,
    0x00, 0x1f, 0x20, 0x08, 0x00, 0x00, 0x0e, 0x00, 0x00, 0x22, 0x0e, 0x00,
    0x08, 0x73, 0x0e, 0x00, 0x0b, 0x00, 0x00, 0x00, 0x00, 0x10, 0x00, 0x00,
    0x00, 0x64, 0x0e, 0x00, 0x23, 0x74, 0x0f, 0x0b, 0x00, 0x00, 0x80, 0x3f,
    0x0e, 0x01, 0x00, 0x00, 0x00, 0xc8, 0x2f, 0x00, 0x23, 0x72, 0x0f, 0x0e,
    0x0f, 0x00, 0x00, 0x00, 0x0e, 0x00, 0x00, 0x00, 0x00, 0xe2, 0x0f, 0x00,
    0x21, 0x72, 0x00, 0x0c, 0x0d, 0x00, 0x00, 0x00, 0x00, 0x00, 0x00, 0x00,
    0x00, 0xc8, 0x1f, 0x00, 0x02, 0x73, 0x00, 0x00, 0x0b, 0x00, 0x00, 0x00,
    0x00, 0x00, 0x00, 0x00, 0x00, 0x22, 0x0e, 0x00, 0x23, 0x72, 0x02, 0x00,
    0x0f, 0x00, 0x00, 0x00, 0xff, 0x00, 0x00, 0x00, 0x00, 0xc8, 0x0f, 0x00,
    0x23, 0x72, 0x03, 0x0b, 0x02, 0x00, 0x00, 0x00, 0x00, 0x01, 0x00, 0x00,
    0x00, 0xc8, 0x0f, 0x00, 0x23, 0x72, 0x0a, 0x0f, 0x03, 0x00, 0x00, 0x00,
    0x02, 0x00, 0x00, 0x00, 0x00, 0xe2, 0x0f, 0x00, 0x47, 0x89, 0x00, 0x00,
    0x40, 0x00, 0x00, 0x00, 0x00, 0x00, 0x80, 0x03, 0x00, 0xea, 0x1f, 0x00,
    0x24, 0x72, 0x03, 0xff, 0xff, 0x00, 0x00, 0x00, 0x0b, 0x00, 0x8e, 0x07,
    0x00, 0xe2, 0x0f, 0x00, 0x02, 0x78, 0x02, 0x00, 0x50, 0x0a, 0x00, 0x00,
    0x00, 0x0f, 0x00, 0x00, 0x00, 0xe4, 0x0f, 0x00, 0x44, 0x79, 0x00, 0x00,
    0x50, 0x1e, 0x00, 0x00, 0x00, 0x00, 0xc0, 0x03, 0x00, 0xea, 0x0f, 0x00,
    0x02, 0x72, 0x0a, 0x00, 0x0d, 0x00, 0x00, 0x00, 0x00, 0x0f, 0x00, 0x00,
    0x00, 0xe4, 0x1f, 0x00, 0x41, 0x79, 0x00, 0x00, 0x00, 0x00, 0x00, 0x00,
    0x00, 0x00, 0x80, 0x03, 0x00, 0xea, 0x0f, 0x00, 0x45, 0x79, 0x00, 0x00,
    0xb0, 0x09, 0x00, 0x00, 0x00, 0x00, 0x80, 0x03, 0x00, 0xe2, 0x0f, 0x00,
    0x47, 0x19, 0x00, 0x00, 0x90, 0x09, 0x00, 0x00, 0x00, 0x00, 0x80, 0x03,
    0x00, 0xea, 0x0f, 0x00, 0x12, 0x72, 0x00, 0xff, 0x04, 0x00, 0x00, 0x00,
    0xff, 0x33, 0x8e, 0x07, 0x00, 0xe2, 0x0f, 0x00, 0x45, 0x79, 0x01, 0x00,
    0xd0, 0x01, 0x00, 0x00, 0x00, 0x00, 0x80, 0x03, 0x00, 0xe2, 0x0f, 0x00,
    0x02, 0x72, 0x09, 0x00, 0xff, 0x00, 0x00, 0x00, 0x00, 0x0f, 0x00, 0x00,
    0x00, 0xe4, 0x0f, 0x00, 0x10, 0x7a, 0x02, 0x00, 0x00, 0x5f, 0x00, 0x00,
    0xff, 0xe0, 0xff, 0x07, 0x00, 0xc8, 0x0f, 0x00, 0x11, 0x78, 0x00, 0x02,
    0x01, 0x00, 0x00, 0x00, 0xff, 0xd8, 0x8f, 0x07, 0x00, 0xe4, 0x0f, 0x04,
    0x0c, 0x78, 0x00, 0x02, 0x60, 0x00, 0x00, 0x00, 0x70, 0x60, 0xf0, 0x03,
    0x00, 0xe4, 0x0f, 0x00, 0x12, 0x78, 0x0c, 0x00, 0x03, 0x00, 0x00, 0x00,
    0xff, 0xc0, 0x84, 0x07, 0x00, 0xe4, 0x0f, 0x00, 0x02, 0x72, 0x00, 0x00,
    0x04, 0x00, 0x00, 0x00, 0x00, 0x0f, 0x00, 0x00, 0x00, 0xd6, 0x0f, 0x00,
    0x47, 0xa9, 0x00, 0x00, 0x50, 0x01, 0x00, 0x00, 0x00, 0x00, 0x80, 0x03,
    0x00, 0xea, 0x0f, 0x00, 0x12, 0x78, 0x02, 0x06, 0x1f, 0x00, 0x00, 0x00,
    0xff, 0xc0, 0x8e, 0x07, 0x00, 0xe2, 0x0f, 0x00, 0x24, 0x7a, 0x00, 0x07,
    0x00, 0x5f, 0x00, 0x00, 0xff, 0x02, 0x8e, 0x07, 0x00, 0xe2, 0x0f, 0x00,
    0x02, 0x72, 0x03, 0x00, 0xff, 0x00, 0x00, 0x00, 0x00, 0x0f, 0x00, 0x00,
    0x00, 0xc6, 0x0f, 0x00, 0x24, 0x72, 0x09, 0x05, 0x08, 0x00, 0x00, 0x00,
    0x00, 0x02, 0x8e, 0x07, 0x00, 0xe2, 0x0f, 0x04, 0x02, 0x72, 0x00, 0x00,
    0x04, 0x00, 0x00, 0x00, 0x00, 0x0f, 0x00, 0x00, 0x00, 0xe2, 0x0f, 0x00,
    0x25, 0x7a, 0x02, 0x05, 0x00, 0x5f, 0x00, 0x00, 0x02, 0x00, 0x8e, 0x07,
    0x00, 0xca, 0x0f, 0x00, 0x11, 0x7a, 0x0d, 0x02, 0x00, 0x58, 0x00, 0x00,
    0xff, 0x10, 0x84, 0x07, 0x00, 0xe4, 0x0f, 0x04, 0x10, 0x72, 0x03, 0x03,
    0x09, 0x00, 0x00, 0x00, 0xff, 0xe0, 0xff, 0x07, 0x00, 0xe4, 0x0f, 0x00,
    0x02, 0x72, 0x09, 0x00, 0xff, 0x00, 0x00, 0x00, 0x00, 0x0f, 0x00, 0x00,
    0x00, 0xe4, 0x0f, 0x00, 0x11, 0x7a, 0x10, 0x02, 0x00, 0x59, 0x00, 0x00,
    0x03, 0x14, 0x0f, 0x01, 0x00, 0xc8, 0x0f, 0x00, 0x02, 0x72, 0x03, 0x00,
    0x10, 0x00, 0x00, 0x00, 0x00, 0x0f, 0x00, 0x00, 0x00, 0xe4, 0x0f, 0x00,
    0x02, 0x72, 0x02, 0x00, 0x0d, 0x00, 0x00, 0x00, 0x00, 0x0f, 0x00, 0x00,
    0x00, 0xca, 0x0f, 0x00, 0x81, 0x79, 0x03, 0x02, 0x04, 0x00, 0x00, 0x00,
    0x00, 0x19, 0x1e, 0x0c, 0x00, 0xa2, 0x0e, 0x00, 0x10, 0x78, 0x0c, 0x0c,
    0xff, 0xff, 0xff, 0xff, 0xff, 0xe0, 0xff, 0x07, 0x00, 0xe4, 0x0f, 0x00,
    0x10, 0x78, 0x0d, 0x0d, 0x80, 0x00, 0x00, 0x00, 0xff, 0xe0, 0xf7, 0x07,
    0x00, 0xe4, 0x0f, 0x00, 0x0c, 0x72, 0x00, 0x0c, 0xff, 0x00, 0x00, 0x00,
    0x70, 0x52, 0xf4, 0x03, 0x00, 0xe4, 0x0f, 0x00, 0x10, 0x78, 0x00, 0x00,
    0x20, 0x00, 0x00, 0x00, 0xff, 0xe0, 0xff, 0x07, 0x00, 0xe2, 0x0f, 0x00,
    0x24, 0x72, 0x10, 0xff, 0xff, 0x00, 0x00, 0x00, 0x10, 0x06, 0x8e, 0x01,
    0x00, 0xe2, 0x0f, 0x00, 0x21, 0x72, 0x0e, 0x03, 0x0a, 0x00, 0x00, 0x80,
    0x00, 0x00, 0x00, 0x00, 0x00, 0xc8, 0x4f, 0x00, 0x23, 0x72, 0x09, 0x0e,
    0x0e, 0x00, 0x00, 0x00, 0x09, 0x00, 0x00, 0x00, 0x00, 0xca, 0x0f, 0x00,
    0x47, 0x29, 0x00, 0x00, 0x50, 0xff, 0xff, 0xff, 0xff, 0xff, 0x83, 0x03,
    0x00, 0xea, 0x0f, 0x00, 0x41, 0x79, 0x01, 0x00, 0x00, 0x00, 0x00, 0x00,
    0x00, 0x00, 0x80, 0x03, 0x00, 0xea, 0x0f, 0x00, 0x47, 0x89, 0x00, 0x00,
    0x90, 0x07, 0x00, 0x00, 0x00, 0x00, 0x80, 0x03, 0x00, 0xea, 0x0f, 0x00,
    0x02, 0x72, 0x02, 0x00, 0x00, 0x00, 0x00, 0x00, 0x00, 0x0f, 0x00, 0x00,
    0x00, 0xe2, 0x0f, 0x00, 0x24, 0x7a, 0x0c, 0x07, 0x00, 0x5f, 0x00, 0x00,
    0xff, 0x02, 0x8e, 0x07, 0x00, 0xe2, 0x0f, 0x00, 0x02, 0x72, 0x03, 0x00,
    0xff, 0x00, 0x00, 0x00, 0x00, 0x0f, 0x00, 0x00, 0x00, 0xe2, 0x0f, 0x00,
    0x45, 0x79, 0x01, 0x00, 0x50, 0x04, 0x00, 0x00, 0x00, 0x00, 0x80, 0x03,
    0x00, 0xe2, 0x0f, 0x00, 0x10, 0x7a, 0x0e, 0x00, 0x00, 0x5f, 0x00, 0x00,
    0xff, 0xe1, 0xff, 0x07, 0x00, 0xe2, 0x0f, 0x00, 0x24, 0x72, 0x0d, 0x05,
    0x08, 0x00, 0x00, 0x00, 0x0c, 0x02, 0x8e, 0x07, 0x00, 0xe4, 0x0f, 0x04,
    0x25, 0x7a, 0x02, 0x05, 0x00, 0x5f, 0x00, 0x00, 0x02, 0x00, 0x8e, 0x07,
    0x00, 0xe2, 0x0f, 0x00, 0x0c, 0x78, 0x00, 0x0e, 0x80, 0x01, 0x00, 0x00,
    0x70, 0x42, 0xf4, 0x03, 0x00, 0xc8, 0x0f, 0x00, 0x10, 0x72, 0x0d, 0x0d,
    0x03, 0x00, 0x00, 0x00, 0xff, 0xe0, 0xff, 0x07, 0x00, 0xe4, 0x0f, 0x00,
    0x11, 0x7a, 0x03, 0x02, 0x00, 0x58, 0x00, 0x00, 0xff, 0x10, 0x80, 0x07,
    0x00, 0xc8, 0x0f, 0x00, 0x11, 0x7a, 0x0c, 0x02, 0x00, 0x59, 0x00, 0x00,
    0x0d, 0x14, 0x0f, 0x00, 0x00, 0xe4, 0x0f, 0x00, 0x10, 0x78, 0x02, 0x03,
    0x00, 0x01, 0x00, 0x00, 0xff, 0xe0, 0xf1, 0x07, 0x00, 0xc8, 0x0f, 0x00,
    0x10, 0x72, 0x03, 0xff, 0x0c, 0x00, 0x00, 0x00, 0xff, 0xe4, 0x7f, 0x00,
    0x00, 0xe4, 0x0f, 0x00, 0x1c, 0x78, 0x00, 0x00, 0x00, 0x00, 0x00, 0x00,
    0x70, 0xf0, 0xf0, 0x03, 0x00, 0xe2, 0x0f, 0x00, 0x47, 0xa9, 0x00, 0x00,
    0x90, 0x03, 0x00, 0x00, 0x00, 0x00, 0x80, 0x03, 0x00, 0xee, 0x0f, 0x00,
    0x02, 0x7a, 0x11, 0x00, 0x00, 0x5f, 0x00, 0x00, 0x00, 0x0f, 0x00, 0x00,
    0x00, 0xe4, 0x0f, 0x00, 0x1c, 0x78, 0x00, 0x00, 0x00, 0x00, 0x00, 0x00,
    0x70, 0xe1, 0xf0, 0x03, 0x00, 0xe4, 0x0f, 0x00, 0x10, 0x78, 0x11, 0x11,
    0x80, 0xfe, 0xff, 0xff, 0xff, 0xe0, 0xff, 0x07, 0x00, 0xe4, 0x0f, 0x00,
    0x81, 0x79, 0x25, 0x02, 0x04, 0x00, 0xff, 0xff, 0x00, 0x19, 0x1e, 0x0c,
    0x00, 0xa8, 0x0e, 0x00, 0x81, 0x79, 0x0e, 0x02, 0x04, 0x80, 0xff, 0xff,
    0x00, 0x19, 0x1e, 0x0c, 0x00, 0xe8, 0x0e, 0x00, 0x81, 0x79, 0x10, 0x02,
    0x04, 0x00, 0x00, 0x00, 0x00, 0x19, 0x1e, 0x0c, 0x00, 0x28, 0x0f, 0x00,
    0x81, 0x79, 0x12, 0x02, 0x04, 0x80, 0x00, 0x00, 0x00, 0x19, 0x1e, 0x0c,
    0x00, 0x68, 0x0f, 0x00, 0x81, 0x79, 0x14, 0x02, 0x04, 0x00, 0x01, 0x00,
    0x00, 0x19, 0x1e, 0x0c, 0x00, 0x68, 0x01, 0x00, 0x81, 0x79, 0x23, 0x02,
    0x04, 0x80, 0x01, 0x00, 0x00, 0x19, 0x1e, 0x0c, 0x00, 0x68, 0x01, 0x00,
    0x81, 0x79, 0x21, 0x02, 0x04, 0x00, 0x02, 0x00, 0x00, 0x19, 0x1e, 0x0c,
    0x00, 0x68, 0x01, 0x00, 0x81, 0x79, 0x1f, 0x02, 0x04, 0x80, 0x02, 0x00,
    0x00, 0x19, 0x1e, 0x0c, 0x00, 0x68, 0x01, 0x00, 0x81, 0x79, 0x1d, 0x02,
    0x04, 0x00, 0x03, 0x00, 0x00, 0x19, 0x1e, 0x0c, 0x00, 0x68, 0x01, 0x00,
    0x81, 0x79, 0x1b, 0x02, 0x04, 0x80, 0x03, 0x00, 0x00, 0x19, 0x1e, 0x0c,
    0x00, 0x68, 0x01, 0x00, 0x81, 0x79, 0x19, 0x02, 0x04, 0x00, 0x04, 0x00,
    0x00, 0x19, 0x1e, 0x0c, 0x00, 0x68, 0x01, 0x00, 0x81, 0x79, 0x17, 0x02,
    0x04, 0x80, 0x04, 0x00, 0x00, 0x19, 0x1e, 0x0c, 0x00, 0x68, 0x01, 0x00,
    0x81, 0x79, 0x15, 0x02, 0x04, 0x00, 0x05, 0x00, 0x00, 0x19, 0x1e, 0x0c,
    0x00, 0x68, 0x01, 0x00, 0x81, 0x79, 0x13, 0x02, 0x04, 0x80, 0x05, 0x00,
    0x00, 0x19, 0x1e, 0x0c, 0x00, 0x68, 0x01, 0x00, 0x81, 0x79, 0x0f, 0x02,
    0x04, 0x00, 0x06, 0x00, 0x00, 0x19, 0x1e, 0x0c, 0x00, 0x68, 0x01, 0x00,
    0x81, 0x79, 0x0d, 0x02, 0x04, 0x80, 0x06, 0x00, 0x00, 0x19, 0x1e, 0x0c,
    0x00, 0x62, 0x01, 0x00, 0x10, 0x78, 0x00, 0x00, 0x00, 0x02, 0x00, 0x00,
    0xff, 0xe0, 0xff, 0x07, 0x00, 0xc8, 0x0f, 0x00, 0x0c, 0x72, 0x00, 0x00,
    0x11, 0x00, 0x00, 0x00, 0x70, 0x62, 0xf4, 0x03, 0x00, 0xe2, 0x0f, 0x00,
    0x21, 0x72, 0x0c, 0x25, 0x0a, 0x00, 0x00, 0x80, 0x00, 0x00, 0x00, 0x00,
    0x00, 0xc8, 0x4f, 0x00, 0x23, 0x72, 0x09, 0x0c, 0x0c, 0x00, 0x00, 0x00,
    0x09, 0x00, 0x00, 0x00, 0x00, 0xe2, 0x0f, 0x00, 0x21, 0x72, 0x0e, 0x0e,
    0x0a, 0x00, 0x00, 0x80, 0x00, 0x00, 0x00, 0x00, 0x00, 0xe2, 0x8f, 0x10,
    0x21, 0x72, 0x10, 0x10, 0x0a, 0x00, 0x00, 0x80, 0x00, 0x00, 0x00, 0x00,
    0x00, 0xc6, 0x0f, 0x01, 0x23, 0x72, 0x09, 0x0e, 0x0e, 0x00, 0x00, 0x00,
    0x09, 0x00, 0x00, 0x00, 0x00, 0xe2, 0x0f, 0x00, 0x10, 0x78, 0x0e, 0x02,
    0x00, 0x08, 0x00, 0x00, 0xff, 0xe0, 0xf7, 0x07, 0x00, 0xe2, 0x0f, 0x00,
    0x21, 0x72, 0x12, 0x12, 0x0a, 0x00, 0x00, 0x80, 0x00, 0x00, 0x00, 0x00,
    0x00, 0xe4, 0x0f, 0x12, 0x23, 0x72, 0x09, 0x10, 0x10, 0x00, 0x00, 0x00,
    0x09, 0x00, 0x00, 0x00, 0x00, 0xe2, 0x0f, 0x00, 0x10, 0x72, 0x03, 0xff,
    0x03, 0x00, 0x00, 0x00, 0xff, 0xe4, 0xff, 0x01, 0x00, 0xe2, 0x1f, 0x00,
    0x21, 0x72, 0x14, 0x14, 0x0a, 0x00, 0x00, 0x80, 0x00, 0x00, 0x00, 0x00,
    0x00, 0xe4, 0x0f, 0x10, 0x23, 0x72, 0x09, 0x12, 0x12, 0x00, 0x00, 0x00,
    0x09, 0x00, 0x00, 0x00, 0x00, 0xe2, 0x0f, 0x00, 0x21, 0x72, 0x0c, 0x23,
    0x0a, 0x00, 0x00, 0x80, 0x00, 0x00, 0x00, 0x00, 0x00, 0xc6, 0x0f, 0x00,
    0x23, 0x72, 0x09, 0x14, 0x14, 0x00, 0x00, 0x00, 0x09, 0x00, 0x00, 0x00,
    0x00, 0xc8, 0x0f, 0x00, 0x23, 0x72, 0x09, 0x0c, 0x0c, 0x00, 0x00, 0x00,
    0x09, 0x00, 0x00, 0x00, 0x00, 0xe2, 0x0f, 0x00, 0x21, 0x72, 0x0c, 0x21,
    0x0a, 0x00, 0x00, 0x80, 0x00, 0x00, 0x00, 0x00, 0x00, 0xc8, 0x0f, 0x00,
    0x23, 0x72, 0x09, 0x0c, 0x0c, 0x00, 0x00, 0x00, 0x09, 0x00, 0x00, 0x00,
    0x00, 0xe2, 0x0f, 0x00, 0x21, 0x72, 0x0c, 0x1f, 0x0a, 0x00, 0x00, 0x80,
    0x00, 0x00, 0x00, 0x00, 0x00, 0xc8, 0x0f, 0x00, 0x23, 0x72, 0x09, 0x0c,
    0x0c, 0x00, 0x00, 0x00, 0x09, 0x00, 0x00, 0x00, 0x00, 0xe2, 0x0f, 0x00,
    0x21, 0x72, 0x0c, 0x1d, 0x0a, 0x00, 0x00, 0x80, 0x00, 0x00, 0x00, 0x00,
    0x00, 0xc8, 0x0f, 0x00, 0x23, 0x72, 0x09, 0x0c, 0x0c, 0x00, 0x00, 0x00,
    0x09, 0x00, 0x00, 0x00, 0x00, 0xe2, 0x0f, 0x00, 0x21, 0x72, 0x0c, 0x1b,
    0x0a, 0x00, 0x00, 0x80, 0x00, 0x00, 0x00, 0x00, 0x00, 0xc8, 0x0f, 0x00,
    0x23, 0x72, 0x09, 0x0c, 0x0c, 0x00, 0x00, 0x00, 0x09, 0x00, 0x00, 0x00,
    0x00, 0xe2, 0x0f, 0x00, 0x21, 0x72, 0x0c, 0x19, 0x0a, 0x00, 0x00, 0x80,
    0x00, 0x00, 0x00, 0x00, 0x00, 0xc8, 0x0f, 0x00, 0x23, 0x72, 0x09, 0x0c,
    0x0c, 0x00, 0x00, 0x00, 0x09, 0x00, 0x00, 0x00, 0x00, 0xe2, 0x0f, 0x00,
    0x21, 0x72, 0x0c, 0x17, 0x0a, 0x00, 0x00, 0x80, 0x00, 0x00, 0x00, 0x00,
    0x00, 0xc8, 0x0f, 0x00, 0x23, 0x72, 0x09, 0x0c, 0x0c, 0x00, 0x00, 0x00,
    0x09, 0x00, 0x00, 0x00, 0x00, 0xe2, 0x0f, 0x00, 0x21, 0x72, 0x0c, 0x15,
    0x0a, 0x00, 0x00, 0x80, 0x00, 0x00, 0x00, 0x00, 0x00, 0xc8, 0x0f, 0x00,
    0x23, 0x72, 0x09, 0x0c, 0x0c, 0x00, 0x00, 0x00, 0x09, 0x00, 0x00, 0x00,
    0x00, 0xe2, 0x0f, 0x00, 0x21, 0x72, 0x0c, 0x13, 0x0a, 0x00, 0x00, 0x80,
    0x00, 0x00, 0x00, 0x00, 0x00, 0xe2, 0x0f, 0x10, 0x21, 0x72, 0x02, 0x0d,
    0x0a, 0x00, 0x00, 0x80, 0x00, 0x00, 0x00, 0x00, 0x00, 0xc6, 0x0f, 0x00,
    0x23, 0x72, 0x09, 0x0c, 0x0c, 0x00, 0x00, 0x00, 0x09, 0x00, 0x00, 0x00,
    0x00, 0xe2, 0x0f, 0x00, 0x21, 0x72, 0x0c, 0x0f, 0x0a, 0x00, 0x00, 0x80,
    0x00, 0x00, 0x00, 0x00, 0x00, 0xc8, 0x0f, 0x00, 0x23, 0x72, 0x09, 0x0c,
    0x0c, 0x00, 0x00, 0x00, 0x09, 0x00, 0x00, 0x00, 0x00, 0xc8, 0x0f, 0x00,
    0x23, 0x72, 0x09, 0x02, 0x02, 0x00, 0x00, 0x00, 0x09, 0x00, 0x00, 0x00,
    0x00, 0xe2, 0x0f, 0x00, 0x02, 0x72, 0x02, 0x00, 0x0e, 0x00, 0x00, 0x00,
    0x00, 0x0f, 0x00, 0x00, 0x00, 0xe2, 0x0f, 0x00, 0x47, 0xa9, 0x00, 0x00,
    0xa0, 0xfc, 0xff, 0xff, 0xff, 0xff, 0x83, 0x03, 0x00, 0xea, 0x0f, 0x00,
    0x41, 0x79, 0x01, 0x00, 0x00, 0x00, 0x00, 0x00, 0x00, 0x00, 0x80, 0x03,
    0x00, 0xea, 0x0f, 0x00, 0x10, 0x7a, 0x0c, 0x00, 0x00, 0x5f, 0x00, 0x00,
    0xff, 0xe1, 0xff, 0x07, 0x00, 0xe2, 0x0f, 0x00, 0x45, 0x79, 0x01, 0x00,
    0x00, 0x02, 0x00, 0x00, 0x00, 0x00, 0x80, 0x03, 0x00, 0xe6, 0x0f, 0x00,
    0x0c, 0x78, 0x00, 0x0c, 0x80, 0x00, 0x00, 0x00, 0x70, 0x42, 0xf4, 0x03,
    0x00, 0xda, 0x0f, 0x00, 0x47, 0xa9, 0x00, 0x00, 0xd0, 0x01, 0x00, 0x00,
    0x00, 0x00, 0x80, 0x03, 0x00, 0xea, 0x0f, 0x00, 0x81, 0x79, 0x0d, 0x02,
    0x04, 0x00, 0xff, 0xff, 0x00, 0x19, 0x1e, 0x0c, 0x00, 0xa8, 0x0e, 0x00,
    0x81, 0x79, 0x0f, 0x02, 0x04, 0x80, 0xff, 0xff, 0x00, 0x19, 0x1e, 0x0c,
    0x00, 0xe8, 0x0e, 0x00, 0x81, 0x79, 0x11, 0x02, 0x04, 0x00, 0x00, 0x00,
    0x00, 0x19, 0x1e, 0x0c, 0x00, 0x28, 0x0f, 0x00, 0x81, 0x79, 0x13, 0x02,
    0x04, 0x80, 0x00, 0x00, 0x00, 0x19, 0x1e, 0x0c, 0x00, 0x68, 0x0f, 0x00,
    0x81, 0x79, 0x15, 0x02, 0x04, 0x00, 0x01, 0x00, 0x00, 0x19, 0x1e, 0x0c,
    0x00, 0x68, 0x0f, 0x00, 0x81, 0x79, 0x17, 0x02, 0x04, 0x80, 0x01, 0x00,
    0x00, 0x19, 0x1e, 0x0c, 0x00, 0x68, 0x0f, 0x00, 0x81, 0x79, 0x19, 0x02,
    0x04, 0x00, 0x02, 0x00, 0x00, 0x19, 0x1e, 0x0c, 0x00, 0x68, 0x0f, 0x00,
    0x81, 0x79, 0x1b, 0x02, 0x04, 0x80, 0x02, 0x00, 0x00, 0x19, 0x1e, 0x0c,
    0x00, 0x62, 0x0f, 0x00, 0x1c, 0x78, 0x00, 0x00, 0x00, 0x00, 0x00, 0x00,
    0x70, 0xe1, 0xf0, 0x03, 0x00, 0xc4, 0x0f, 0x00, 0x10, 0x78, 0x00, 0x00,
    0x00, 0x01, 0x00, 0x00, 0xff, 0xe0, 0xff, 0x07, 0x00, 0xe2, 0x0f, 0x00,
    0x21, 0x72, 0x0c, 0x0d, 0x0a, 0x00, 0x00, 0x80, 0x00, 0x00, 0x00, 0x00,
    0x00, 0xc8, 0x4f, 0x00, 0x23, 0x72, 0x09, 0x0c, 0x0c, 0x00, 0x00, 0x00,
    0x09, 0x00, 0x00, 0x00, 0x00, 0xe2, 0x0f, 0x00, 0x21, 0x72, 0x0c, 0x0f,
    0x0a, 0x00, 0x00, 0x80, 0x00, 0x00, 0x00, 0x00, 0x00, 0xc8, 0x8f, 0x00,
    0x23, 0x72, 0x09, 0x0c, 0x0c, 0x00, 0x00, 0x00, 0x09, 0x00, 0x00, 0x00,
    0x00, 0xe2, 0x0f, 0x00, 0x21, 0x72, 0x0c, 0x11, 0x0a, 0x00, 0x00, 0x80,
    0x00, 0x00, 0x00, 0x00, 0x00, 0xc8, 0x0f, 0x01, 0x23, 0x72, 0x09, 0x0c,
    0x0c, 0x00, 0x00, 0x00, 0x09, 0x00, 0x00, 0x00, 0x00, 0xe2, 0x0f, 0x00,
    0x21, 0x72, 0x0c, 0x13, 0x0a, 0x00, 0x00, 0x80, 0x00, 0x00, 0x00, 0x00,
    0x00, 0xc8, 0x0f, 0x02, 0x23, 0x72, 0x09, 0x0c, 0x0c, 0x00, 0x00, 0x00,
    0x09, 0x00, 0x00, 0x00, 0x00, 0xe2, 0x0f, 0x00, 0x21, 0x72, 0x0c, 0x15,
    0x0a, 0x00, 0x00, 0x80, 0x00, 0x00, 0x00, 0x00, 0x00, 0xc8, 0x0f, 0x00,
    0x23, 0x72, 0x09, 0x0c, 0x0c, 0x00, 0x00, 0x00, 0x09, 0x00, 0x00, 0x00,
    0x00, 0xe2, 0x0f, 0x00, 0x21, 0x72, 0x0c, 0x17, 0x0a, 0x00, 0x00, 0x80,
    0x00, 0x00, 0x00, 0x00, 0x00, 0xe2, 0x0f, 0x10, 0x21, 0x72, 0x0e, 0x19,
    0x0a, 0x00, 0x00, 0x80, 0x00, 0x00, 0x00, 0x00, 0x00, 0xc6, 0x0f, 0x00,
    0x23, 0x72, 0x09, 0x0c, 0x0c, 0x00, 0x00, 0x00, 0x09, 0x00, 0x00, 0x00,
    0x00, 0xe2, 0x0f, 0x00, 0x10, 0x78, 0x0c, 0x02, 0x00, 0x04, 0x00, 0x00,
    0xff, 0xe0, 0xf5, 0x07, 0x00, 0xe2, 0x0f, 0x00, 0x21, 0x72, 0x02, 0x1b,
    0x0a, 0x00, 0x00, 0x80, 0x00, 0x00, 0x00, 0x00, 0x00, 0xe4, 0x0f, 0x00,
    0x23, 0x72, 0x09, 0x0e, 0x0e, 0x00, 0x00, 0x00, 0x09, 0x00, 0x00, 0x00,
    0x00, 0xe2, 0x0f, 0x00, 0x10, 0x72, 0x03, 0xff, 0x03, 0x00, 0x00, 0x00,
    0xff, 0xe4, 0x7f, 0x01, 0x00, 0xc6, 0x0f, 0x00, 0x23, 0x72, 0x09, 0x02,
    0x02, 0x00, 0x00, 0x00, 0x09, 0x00, 0x00, 0x00, 0x00, 0xe2, 0x0f, 0x00,
    0x02, 0x72, 0x02, 0x00, 0x0c, 0x00, 0x00, 0x00, 0x00, 0x0f, 0x00, 0x00,
    0x00, 0xe4, 0x0f, 0x00, 0x41, 0x79, 0x01, 0x00, 0x00, 0x00, 0x00, 0x00,
    0x00, 0x00, 0x80, 0x03, 0x00, 0xea, 0x0f, 0x00, 0x0c, 0x7a, 0x00, 0x00,
    0x00, 0x5f, 0x00, 0x00, 0x70, 0x16, 0x70, 0x00, 0x00, 0xda, 0x0f, 0x00,
    0x47, 0x89, 0x00, 0x00, 0xc0, 0x00, 0x00, 0x00, 0x00, 0x00, 0x80, 0x03,
    0x00, 0xea, 0x0f, 0x00, 0x81, 0x79, 0x0d, 0x02, 0x04, 0x00, 0xff, 0xff,
    0x00, 0x19, 0x1e, 0x0c, 0x00, 0xa8, 0x0e, 0x00, 0x81, 0x79, 0x0f, 0x02,
    0x04, 0x80, 0xff, 0xff, 0x00, 0x19, 0x1e, 0x0c, 0x00, 0xe8, 0x0e, 0x00,
    0x81, 0x79, 0x11, 0x02, 0x04, 0x00, 0x00, 0x00, 0x00, 0x19, 0x1e, 0x0c,
    0x00, 0x28, 0x0f, 0x00, 0x81, 0x79, 0x13, 0x02, 0x04, 0x80, 0x00, 0x00,
    0x00, 0x19, 0x1e, 0x0c, 0x00, 0x62, 0x0f, 0x00, 0x21, 0x72, 0x00, 0x0d,
    0x0a, 0x00, 0x00, 0x80, 0x00, 0x00, 0x00, 0x00, 0x00, 0xc8, 0x4f, 0x00,
    0x23, 0x72, 0x00, 0x00, 0x00, 0x00, 0x00, 0x00, 0x09, 0x00, 0x00, 0x00,
    0x00, 0xe2, 0x0f, 0x00, 0x21, 0x72, 0x0f, 0x0f, 0x0a, 0x00, 0x00, 0x80,
    0x00, 0x00, 0x00, 0x00, 0x00, 0xe2, 0x8f, 0x10, 0x21, 0x72, 0x11, 0x11,
    0x0a, 0x00, 0x00, 0x80, 0x00, 0x00, 0x00, 0x00, 0x00, 0xc6, 0x0f, 0x01,
    0x23, 0x72, 0x00, 0x0f, 0x0f, 0x00, 0x00, 0x00, 0x00, 0x00, 0x00, 0x00,
    0x00, 0xe2, 0x0f, 0x00, 0x21, 0x72, 0x13, 0x13, 0x0a, 0x00, 0x00, 0x80,
    0x00, 0x00, 0x00, 0x00, 0x00, 0xc6, 0x0f, 0x02, 0x23, 0x72, 0x00, 0x11,
    0x11, 0x00, 0x00, 0x00, 0x00, 0x00, 0x00, 0x00, 0x00, 0xc8, 0x0f, 0x00,
    0x23, 0x72, 0x09, 0x13, 0x13, 0x00, 0x00, 0x00, 0x00, 0x00, 0x00, 0x00,
    0x00, 0xe4, 0x0f, 0x00, 0x41, 0x79, 0x00, 0x00, 0x00, 0x00, 0x00, 0x00,
    0x00, 0x00, 0x80, 0x03, 0x00, 0xea, 0x0f, 0x00, 0x89, 0x7f, 0x00, 0x09,
    0x00, 0x1f, 0x00, 0x0a, 0x00, 0x00, 0x0e, 0x00, 0x00, 0x22, 0x0e, 0x00,
    0x08, 0x73, 0x10, 0x00, 0x0b, 0x00, 0x00, 0x00, 0x00, 0x10, 0x00, 0x00,
    0x00, 0x62, 0x0e, 0x00, 0x45, 0x79, 0x00, 0x00, 0x60, 0x01, 0x00, 0x00,
    0x00, 0x00, 0x80, 0x03, 0x00, 0xe2, 0x0f, 0x00, 0x23, 0x74, 0x0f, 0x0b,
    0x00, 0x00, 0x80, 0x3f, 0x10, 0x01, 0x00, 0x00, 0x00, 0xe2, 0x2f, 0x00,
    0x21, 0x72, 0x02, 0x00, 0x09, 0x00, 0x00, 0x00, 0x00, 0x00, 0x00, 0x00,
    0x00, 0xca, 0x1f, 0x00, 0x89, 0x7f, 0x03, 0x02, 0x00, 0x1f, 0x00, 0x09,
    0x00, 0x00, 0x0e, 0x00, 0x00, 0x24, 0x0e, 0x00, 0x21, 0x72, 0x03, 0x02,
    0x03, 0x00, 0x00, 0x00, 0x00, 0x00, 0x00, 0x00, 0x00, 0xca, 0x1f, 0x00,
    0x89, 0x7f, 0x00, 0x03, 0x00, 0x1f, 0x80, 0x08, 0x00, 0x00, 0x0e, 0x00,
    0x00, 0x24, 0x0e, 0x00, 0x21, 0x72, 0x0c, 0x03, 0x00, 0x00, 0x00, 0x00,
    0x00, 0x00, 0x00, 0x00, 0x00, 0xca, 0x1f, 0x00, 0x89, 0x7f, 0x0d, 0x0c,
    0x00, 0x1f, 0x40, 0x08, 0x00, 0x00, 0x0e, 0x00, 0x00, 0x24, 0x0e, 0x00,
    0x21, 0x72, 0x0d, 0x0c, 0x0d, 0x00, 0x00, 0x00, 0x00, 0x00, 0x00, 0x00,
    0x00, 0xca, 0x1f, 0x00, 0x89, 0x7f, 0x00, 0x0d, 0x00, 0x1f, 0x20, 0x08,
    0x00, 0x00, 0x0e, 0x00, 0x00, 0x24, 0x0e, 0x00, 0x21, 0x72, 0x0e, 0x0d,
    0x00, 0x00, 0x00, 0x00, 0x00, 0x00, 0x00, 0x00, 0x00, 0xe2, 0x1f, 0x00,
    0x23, 0x72, 0x00, 0x10, 0x0f, 0x00, 0x00, 0x00, 0x10, 0x00, 0x00, 0x00,
    0x00, 0xc6, 0x0f, 0x00, 0x02, 0x73, 0x00, 0x0e, 0x0b, 0x00, 0x00, 0x00,
    0x00, 0x00, 0x00, 0x00, 0x00, 0x22, 0x0e, 0x00, 0x23, 0x72, 0x02, 0x00,
    0x0e, 0x00, 0x00, 0x00, 0xff, 0x00, 0x00, 0x00, 0x00, 0xc8, 0x0f, 0x00,
    0x23, 0x72, 0x03, 0x0b, 0x02, 0x00, 0x00, 0x00, 0x0e, 0x01, 0x00, 0x00,
    0x00, 0xc8, 0x0f, 0x00, 0x23, 0x72, 0x00, 0x00, 0x03, 0x00, 0x00, 0x00,
    0x02, 0x00, 0x00, 0x00, 0x00, 0xe2, 0x0f, 0x00, 0x47, 0x89, 0x00, 0x00,
    0x50, 0x00, 0x00, 0x00, 0x00, 0x00, 0x80, 0x03, 0x00, 0xea, 0x1f, 0x00,
    0x24, 0x72, 0x00, 0xff, 0xff, 0x00, 0x00, 0x00, 0x0e, 0x00, 0x8e, 0x07,
    0x00, 0xe2, 0x0f, 0x00, 0x02, 0x72, 0x03, 0x00, 0x0b, 0x00, 0x00, 0x00,
    0x00, 0x0f, 0x00, 0x00, 0x00, 0xe4, 0x0f, 0x00, 0x02, 0x78, 0x02, 0x00,
    0xa0, 0x15, 0x00, 0x00, 0x00, 0x0f, 0x00, 0x00, 0x00, 0xe4, 0x0f, 0x00,
    0x44, 0x79, 0x00, 0x00, 0x00, 0x13, 0x00, 0x00, 0x00, 0x00, 0xc0, 0x03,
    0x00, 0xea, 0x0f, 0x00, 0x02, 0x72, 0x00, 0x00, 0x0d, 0x00, 0x00, 0x00,
    0x00, 0x0f, 0x00, 0x00, 0x00, 0xe4, 0x1f, 0x00, 0x41, 0x79, 0x00, 0x00,
    0x00, 0x00, 0x00, 0x00, 0x00, 0x00, 0x80, 0x03, 0x00, 0xea, 0x0f, 0x00,
    0x21, 0x76, 0x02, 0x00, 0x00, 0x60, 0x00, 0x00, 0x00, 0x00, 0x00, 0x00,
    0x00, 0xca, 0x0f, 0x00, 0x0b, 0x78, 0x00, 0x02, 0x00, 0x00, 0x80, 0x00,
    0x00, 0xe2, 0xf4, 0x03, 0x00, 0xda, 0x0f, 0x00, 0x20, 0xa8, 0x02, 0x02,
    0x00, 0x00, 0x80, 0x4b, 0x00, 0x00, 0x40, 0x00, 0x00, 0xe2, 0x0f, 0x00,
    0x4d, 0x19, 0x00, 0x00, 0x00, 0x00, 0x00, 0x00, 0x00, 0x00, 0x80, 0x03,
    0x00, 0xec, 0x0f, 0x00, 0x12, 0x72, 0x03, 0xff, 0x04, 0x00, 0x00, 0x00,
    0xff, 0x33, 0x8e, 0x07, 0x00, 0xe2, 0x0f, 0x00, 0x08, 0x73, 0x00, 0x00,
    0x02, 0x00, 0x00, 0x00, 0x00, 0x14, 0x00, 0x00, 0x00, 0x22, 0x0e, 0x00,
    0x45, 0x79, 0x00, 0x00, 0xc0, 0x02, 0x00, 0x00, 0x00, 0x00, 0x80, 0x03,
    0x00, 0xe4, 0x0f, 0x00, 0x10, 0x7a, 0x0b, 0x03, 0x00, 0x5f, 0x00, 0x00,
    0xff, 0xe0, 0xff, 0x07, 0x00, 0xc8, 0x0f, 0x00, 0x11, 0x78, 0x03, 0x0b,
    0x01, 0x00, 0x00, 0x00, 0xff, 0xd8, 0x8f, 0x07, 0x00, 0xe4, 0x0f, 0x04,
    0x0c, 0x78, 0x00, 0x0b, 0x60, 0x00, 0x00, 0x00, 0x70, 0x60, 0xf0, 0x03,
    0x00, 0xe4, 0x0f, 0x00, 0x12, 0x78, 0x09, 0x03, 0x03, 0x00, 0x00, 0x00,
    0xff, 0xc0, 0x82, 0x07, 0x00, 0xe2, 0x0f, 0x00, 0x20, 0xa8, 0x00, 0x00,
    0x00, 0x00, 0x80, 0x45, 0x00, 0x00, 0x40, 0x00, 0x00, 0xd8, 0x1f, 0x00,
    0x47, 0x99, 0x00, 0x00, 0x50, 0x02, 0x00, 0x00, 0x00, 0x00, 0x80, 0x03,
    0x00, 0xea, 0x0f, 0x00, 0x12, 0x78, 0x0e, 0x06, 0x1f, 0x00, 0x00, 0x00,
    0xff, 0xc0, 0x8e, 0x07, 0x00, 0xe2, 0x0f, 0x00, 0x24, 0x7a, 0x06, 0x07,
    0x00, 0x5f, 0x00, 0x00, 0xff, 0x02, 0x8e, 0x07, 0x00, 0xe2, 0x0f, 0x00,
    0x02, 0x72, 0x0f, 0x00, 0xff, 0x00, 0x00, 0x00, 0x00, 0x0f, 0x00, 0x00,
    0x00, 0xe4, 0x0f, 0x00, 0x02, 0x78, 0x0b, 0x00, 0x04, 0x00, 0x00, 0x00,
    0x00, 0x0f, 0x00, 0x00, 0x00, 0xe2, 0x0f, 0x00, 0x24, 0x72, 0x11, 0x05,
    0x08, 0x00, 0x00, 0x00, 0x06, 0x02, 0x8e, 0x07, 0x00, 0xe4, 0x0f, 0x04,
    0x25, 0x7a, 0x02, 0x05, 0x00, 0x5f, 0x00, 0x00, 0x0e, 0x00, 0x8e, 0x07,
    0x00, 0xc8, 0x0f, 0x00, 0x25, 0x76, 0x0c, 0x0e, 0x00, 0x5c, 0x00, 0x00,
    0x0b, 0x00, 0x8e, 0x07, 0x00, 0xe2, 0x0f, 0x00, 0x11, 0x7a, 0x06, 0x02,
    0x00, 0x58, 0x00, 0x00, 0xff, 0x10, 0x82, 0x07, 0x00, 0xe4, 0x0f, 0x00,
    0x10, 0x72, 0x03, 0x03, 0x11, 0x00, 0x00, 0x00, 0xff, 0xe0, 0xff, 0x07,
    0x00, 0xe2, 0x0f, 0x00, 0x25, 0x76, 0x0e, 0x0e, 0x00, 0x5a, 0x00, 0x00,
    0x0b, 0x00, 0x8e, 0x07, 0x00, 0xe2, 0x0f, 0x00, 0x02, 0x72, 0x10, 0x00,
    0x0c, 0x00, 0x00, 0x00, 0x00, 0x0f, 0x00, 0x00, 0x00, 0xe4, 0x0f, 0x00,
    0x02, 0x72, 0x13, 0x00, 0x0d, 0x00, 0x00, 0x00, 0x00, 0x0f, 0x00, 0x00,
    0x00, 0xe4, 0x0f, 0x00, 0x02, 0x72, 0x0c, 0x00, 0x0e, 0x00, 0x00, 0x00,
    0x00, 0x0f, 0x00, 0x00, 0x00, 0xe4, 0x0f, 0x00, 0x02, 0x72, 0x11, 0x00,
    0x0f, 0x00, 0x00, 0x00, 0x00, 0x0f, 0x00, 0x00, 0x00, 0xc4, 0x0f, 0x00,
    0x11, 0x7a, 0x0d, 0x02, 0x00, 0x59, 0x00, 0x00, 0x03, 0x14, 0x8f, 0x00,
    0x00, 0xc8, 0x0f, 0x00, 0x02, 0x72, 0x02, 0x00, 0x06, 0x00, 0x00, 0x00,
    0x00, 0x0f, 0x00, 0x00, 0x00, 0xe2, 0x1f, 0x00, 0x24, 0x72, 0x03, 0xff,
    0xff, 0x00, 0x00, 0x00, 0x0d, 0x00, 0x8e, 0x07, 0x00, 0xe2, 0x0f, 0x00,
    0x02, 0x72, 0x0e, 0x00, 0x10, 0x00, 0x00, 0x00, 0x00, 0x0f, 0x00, 0x00,
    0x00, 0xc8, 0x0f, 0x00, 0x81, 0x79, 0x0b, 0x02, 0x04, 0x00, 0x00, 0x00,
    0x00, 0x19, 0x1e, 0x0c, 0x00, 0xa2, 0x0e, 0x00, 0x02, 0x72, 0x0d, 0x00,
    0x11, 0x00, 0x00, 0x00, 0x00, 0x0f, 0x00, 0x00, 0x00, 0xe4, 0x0f, 0x00,
    0x02, 0x72, 0x0f, 0x00, 0x13, 0x00, 0x00, 0x00, 0x00, 0x0f, 0x00, 0x00,
    0x00, 0xc6, 0x0f, 0x00, 0x81, 0x79, 0x06, 0x0c, 0x04, 0x00, 0x00, 0x00,
    0x00, 0x19, 0x1e, 0x0c, 0x00, 0xe8, 0x00, 0x00, 0x81, 0x79, 0x0e, 0x0e,
    0x04, 0x00, 0x00, 0x00, 0x00, 0x19, 0x1e, 0x0c, 0x00, 0xe2, 0x0e, 0x00,
    0x10, 0x78, 0x09, 0x09, 0xff, 0xff, 0xff, 0xff, 0xff, 0xe0, 0xff, 0x07,
    0x00, 0xe4, 0x0f, 0x00, 0x10, 0x78, 0x10, 0x10, 0x80, 0x00, 0x00, 0x00,
    0xff, 0xe0, 0xf5, 0x07, 0x00, 0xe4, 0x0f, 0x00, 0x0c, 0x72, 0x00, 0x09,
    0xff, 0x00, 0x00, 0x00, 0x70, 0x52, 0xf2, 0x03, 0x00, 0xe4, 0x0f, 0x00,
    0x10, 0x78, 0x0c, 0x0c, 0x80, 0x00, 0x00, 0x00, 0xff, 0xe0, 0xf7, 0x07,
    0x00, 0xc4, 0x1f, 0x00, 0x10, 0x78, 0x04, 0x04, 0x20, 0x00, 0x00, 0x00,
    0xff, 0xe0, 0xff, 0x07, 0x00, 0xe4, 0x0f, 0x00, 0x10, 0x72, 0x13, 0xff,
    0x13, 0x00, 0x00, 0x00, 0xff, 0xe4, 0x7f, 0x01, 0x00, 0xe4, 0x0f, 0x00,
    0x10, 0x72, 0x11, 0xff, 0x11, 0x00, 0x00, 0x00, 0xff, 0xe4, 0xff, 0x01,
    0x00, 0xe2, 0x0f, 0x00, 0x21, 0x72, 0x0b, 0x0b, 0x0a, 0x00, 0x00, 0x80,
    0x00, 0x00, 0x00, 0x00, 0x00, 0xc8, 0x4f, 0x00, 0x20, 0x72, 0x0b, 0x00,
    0x0b, 0x00, 0x00, 0x00, 0x00, 0x00, 0x40, 0x00, 0x00, 0xc8, 0x0f, 0x00,
    0x23, 0x72, 0x0b, 0x0b, 0x06, 0x00, 0x00, 0x00, 0x0e, 0x00, 0x00, 0x00,
    0x00, 0xe2, 0x8f, 0x00, 0x10, 0x78, 0x06, 0x02, 0x80, 0x00, 0x00, 0x00,
    0xff, 0xe0, 0xf9, 0x07, 0x00, 0xc8, 0x0f, 0x00, 0x86, 0x79, 0x00, 0x02,
    0x0b, 0x00, 0x00, 0x00, 0x04, 0x19, 0x10, 0x0c, 0x00, 0xe2, 0x01, 0x00,
    0x10, 0x72, 0x0d, 0xff, 0x03, 0x00, 0x00, 0x00, 0xff, 0xe4, 0x7f, 0x02,
    0x00, 0xe2, 0x0f, 0x00, 0x47, 0x19, 0x00, 0x00, 0xa0, 0xfe, 0xff, 0xff,
    0xff, 0xff, 0x83, 0x03, 0x00, 0xea, 0x0f, 0x00, 0x41, 0x79, 0x00, 0x00,
    0x00, 0x00, 0x00, 0x00, 0x00, 0x00, 0x80, 0x03, 0x00, 0xea, 0x0f, 0x00,
    0x4d, 0x89, 0x00, 0x00, 0x00, 0x00, 0x00, 0x00, 0x00, 0x00, 0x80, 0x03,
    0x00, 0xea, 0x0f, 0x00, 0x24, 0x7a, 0x06, 0x07, 0x00, 0x5f, 0x00, 0x00,
    0xff, 0x02, 0x8e, 0x07, 0x00, 0xe2, 0x0f, 0x00, 0x02, 0x72, 0x02, 0x00,
    0x04, 0x00, 0x00, 0x00, 0x00, 0x0f, 0x00, 0x00, 0x00, 0xe2, 0x1f, 0x00,
    0x45, 0x79, 0x00, 0x00, 0x10, 0x09, 0x00, 0x00, 0x00, 0x00, 0x80, 0x03,
    0x00, 0xe2, 0x0f, 0x00, 0x02, 0x72, 0x03, 0x00, 0xff, 0x00, 0x00, 0x00,
    0x00, 0x0f, 0x00, 0x00, 0x00, 0xe2, 0x0f, 0x00, 0x24, 0x72, 0x0b, 0x05,
    0x08, 0x00, 0x00, 0x00, 0x06, 0x02, 0x8e, 0x07, 0x00, 0xe2, 0x0f, 0x00,
    0x02, 0x78, 0x07, 0x00, 0x04, 0x00, 0x00, 0x00, 0x00, 0x0f, 0x00, 0x00,
    0x00, 0xc6, 0x0f, 0x00, 0x25, 0x7a, 0x08, 0x05, 0x00, 0x5f, 0x00, 0x00,
    0x02, 0x00, 0x8e, 0x07, 0x00, 0xc8, 0x0f, 0x00, 0x25, 0x76, 0x06, 0x04,
    0x00, 0x00, 0x80, 0x00, 0x07, 0x00, 0x8e, 0x07, 0x00, 0xe2, 0x0f, 0x00,
    0x10, 0x72, 0x05, 0x0b, 0x09, 0x00, 0x00, 0x00, 0xff, 0xe0, 0xff, 0x07,
    0x00, 0xe4, 0x0f, 0x00, 0x11, 0x7a, 0x03, 0x08, 0x00, 0x58, 0x00, 0x00,
    0xff, 0x10, 0x82, 0x07, 0x00, 0xe4, 0x0f, 0x00, 0x10, 0x7a, 0x09, 0x04,
    0x00, 0x5f, 0x00, 0x00, 0xff, 0xe1, 0xff, 0x07, 0x00, 0xe4, 0x0f, 0x00,
    0x11, 0x7a, 0x05, 0x08, 0x00, 0x59, 0x00, 0x00, 0x05, 0x14, 0x8f, 0x00,
    0x00, 0xe4, 0x0f, 0x00, 0x0c, 0x78, 0x00, 0x09, 0x80, 0x01, 0x00, 0x00,
    0x70, 0x42, 0xf2, 0x03, 0x00, 0xe4, 0x0f, 0x00, 0x10, 0x7a, 0x02, 0x06,
    0x00, 0x5a, 0x00, 0x00, 0xff, 0xe0, 0xf1, 0x07, 0x00, 0xc4, 0x0f, 0x00,
    0x10, 0x7a, 0x08, 0x06, 0x00, 0x5c, 0x00, 0x00, 0xff, 0xe0, 0xf5, 0x07,
    0x00, 0xe4, 0x0f, 0x00, 0x10, 0x78, 0x06, 0x03, 0x00, 0x01, 0x00, 0x00,
    0xff, 0xe0, 0xf7, 0x07, 0x00, 0xe4, 0x0f, 0x00, 0x10, 0x7a, 0x03, 0x07,
    0x00, 0x5b, 0x00, 0x00, 0xff, 0xe4, 0x7f, 0x00, 0x00, 0xe4, 0x0f, 0x04,
    0x10, 0x7a, 0x09, 0x07, 0x00, 0x5d, 0x00, 0x00, 0xff, 0xe4, 0x7f, 0x01,
    0x00, 0xe2, 0x0f, 0x00, 0x24, 0x72, 0x07, 0xff, 0xff, 0x00, 0x00, 0x00,
    0x05, 0x06, 0x8e, 0x01, 0x00, 0xe2, 0x0f, 0x00, 0x1c, 0x78, 0x00, 0x00,
    0x00, 0x00, 0x00, 0x00, 0x70, 0xf0, 0xf0, 0x03, 0x00, 0xe2, 0x0f, 0x00,
    0x47, 0x99, 0x00, 0x00, 0xe0, 0x07, 0x00, 0x00, 0x00, 0x00, 0x80, 0x03,
    0x00, 0xee, 0x0f, 0x00, 0x02, 0x7a, 0x05, 0x00, 0x00, 0x5f, 0x00, 0x00,
    0x00, 0x0f, 0x00, 0x00, 0x00, 0xe4, 0x0f, 0x00, 0x1c, 0x78, 0x00, 0x00,
    0x00, 0x00, 0x00, 0x00, 0x70, 0xe1, 0xf0, 0x03, 0x00, 0xc4, 0x0f, 0x00,
    0x10, 0x78, 0x05, 0x05, 0x80, 0xfe, 0xff, 0xff, 0xff, 0xe0, 0xff, 0x07,
    0x00, 0xe4, 0x0f, 0x00, 0x81, 0x79, 0x0b, 0x06, 0x04, 0x00, 0xff, 0xff,
    0x00, 0x19, 0x1e, 0x0c, 0x00, 0xa8, 0x0e, 0x00, 0x81, 0x79, 0x0c, 0x02,
    0x04, 0x00, 0xff, 0xff, 0x00, 0x19, 0x1e, 0x0c, 0x00, 0xe8, 0x0e, 0x00,
    0x81, 0x79, 0x0e, 0x08, 0x04, 0x00, 0xff, 0xff, 0x00, 0x19, 0x1e, 0x0c,
    0x00, 0xe8, 0x0e, 0x00, 0x81, 0x79, 0x0d, 0x06, 0x04, 0x80, 0xff, 0xff,
    0x00, 0x19, 0x1e, 0x0c, 0x00, 0x28, 0x0f, 0x00, 0x81, 0x79, 0x0f, 0x06,
    0x04, 0x00, 0x00, 0x00, 0x00, 0x19, 0x1e, 0x0c, 0x00, 0x62, 0x0f, 0x00,
    0x21, 0x72, 0x0b, 0x0b, 0x0a, 0x00, 0x00, 0x80, 0x00, 0x00, 0x00, 0x00,
    0x00, 0xc8, 0x4f, 0x00, 0x20, 0x72, 0x0b, 0x00, 0x0b, 0x00, 0x00, 0x00,
    0x00, 0x00, 0x40, 0x00, 0x00, 0xc8, 0x0f, 0x00, 0x23, 0x72, 0x0b, 0x0b,
    0x0c, 0x00, 0x00, 0x00, 0x0e, 0x00, 0x00, 0x00, 0x00, 0xca, 0x8f, 0x00,
    0x86, 0x79, 0x00, 0x06, 0x0b, 0x00, 0xff, 0xff, 0x04, 0x19, 0x10, 0x0c,
    0x00, 0xe8, 0x01, 0x00, 0x81, 0x79, 0x0c, 0x02, 0x04, 0x80, 0xff, 0xff,
    0x00, 0x19, 0x1e, 0x0c, 0x00, 0xa8, 0x0e, 0x00, 0x81, 0x79, 0x0e, 0x08,
    0x04, 0x80, 0xff, 0xff, 0x00, 0x19, 0x1e, 0x0c, 0x00, 0xa2, 0x0e, 0x00,
    0x21, 0x72, 0x0d, 0x0d, 0x0a, 0x00, 0x00, 0x80, 0x00, 0x00, 0x00, 0x00,
    0x00, 0xe2, 0x0f, 0x11, 0x21, 0x72, 0x0f, 0x0f, 0x0a, 0x00, 0x00, 0x80,
    0x00, 0x00, 0x00, 0x00, 0x00, 0xc4, 0x0f, 0x02, 0x81, 0x79, 0x0b, 0x06,
    0x04, 0x80, 0x00, 0x00, 0x00, 0x19, 0x1e, 0x0c, 0x00, 0xe2, 0x1e, 0x00,
    0x20, 0x72, 0x0d, 0x00, 0x0d, 0x00, 0x00, 0x00, 0x00, 0x00, 0x40, 0x00,
    0x00, 0xc8, 0x0f, 0x00, 0x23, 0x72, 0x0d, 0x0d, 0x0c, 0x00, 0x00, 0x00,
    0x0e, 0x00, 0x00, 0x00, 0x00, 0xca, 0x4f, 0x00, 0x86, 0x79, 0x00, 0x06,
    0x0d, 0x80, 0xff, 0xff, 0x04, 0x19, 0x10, 0x0c, 0x00, 0xe8, 0x01, 0x00,
    0x81, 0x79, 0x0c, 0x02, 0x04, 0x00, 0x00, 0x00, 0x00, 0x19, 0x1e, 0x0c,
    0x00, 0xa8, 0x0e, 0x00, 0x81, 0x79, 0x0e, 0x08, 0x04, 0x00, 0x00, 0x00,
    0x00, 0x19, 0x1e, 0x0c, 0x00, 0xa2, 0x0e, 0x00, 0x20, 0x72, 0x0f, 0x00,
    0x0f, 0x00, 0x00, 0x00, 0x00, 0x00, 0x40, 0x00, 0x00, 0xe2, 0x0f, 0x00,
    0x21, 0x72, 0x0b, 0x0b, 0x0a, 0x00, 0x00, 0x80, 0x00, 0x00, 0x00, 0x00,
    0x00, 0xc4, 0x8f, 0x00, 0x81, 0x79, 0x0d, 0x06, 0x04, 0x00, 0x01, 0x00,
    0x00, 0x19, 0x1e, 0x0c, 0x00, 0xe2, 0x1e, 0x00, 0x23, 0x72, 0x0f, 0x0f,
    0x0c, 0x00, 0x00, 0x00, 0x0e, 0x00, 0x00, 0x00, 0x00, 0xca, 0x4f, 0x00,
    0x86, 0x79, 0x00, 0x06, 0x0f, 0x00, 0x00, 0x00, 0x04, 0x19, 0x10, 0x0c,
    0x00, 0xe8, 0x01, 0x00, 0x81, 0x79, 0x0c, 0x02, 0x04, 0x80, 0x00, 0x00,
    0x00, 0x19, 0x1e, 0x0c, 0x00, 0xa8, 0x0e, 0x00, 0x81, 0x79, 0x0e, 0x08,
    0x04, 0x80, 0x00, 0x00, 0x00, 0x19, 0x1e, 0x0c, 0x00, 0xa2, 0x0e, 0x00,
    0x20, 0x72, 0x0b, 0x00, 0x0b, 0x00, 0x00, 0x00, 0x00, 0x00, 0x40, 0x00,
    0x00, 0xe2, 0x0f, 0x00, 0x21, 0x72, 0x0d, 0x0d, 0x0a, 0x00, 0x00, 0x80,
    0x00, 0x00, 0x00, 0x00, 0x00, 0xc4, 0x8f, 0x00, 0x81, 0x79, 0x0f, 0x06,
    0x04, 0x80, 0x01, 0x00, 0x00, 0x19, 0x1e, 0x0c, 0x00, 0xe2, 0x1e, 0x00,
    0x23, 0x72, 0x0b, 0x0b, 0x0c, 0x00, 0x00, 0x00, 0x0e, 0x00, 0x00, 0x00,
    0x00, 0xca, 0x4f, 0x00, 0x86, 0x79, 0x00, 0x06, 0x0b, 0x80, 0x00, 0x00,
    0x04, 0x19, 0x10, 0x0c, 0x00, 0xe8, 0x01, 0x00, 0x81, 0x79, 0x0c, 0x02,
    0x04, 0x00, 0x01, 0x00, 0x00, 0x19, 0x1e, 0x0c, 0x00, 0xa8, 0x0e, 0x00,
    0x81, 0x79, 0x0e, 0x08, 0x04, 0x00, 0x01, 0x00, 0x00, 0x19, 0x1e, 0x0c,
    0x00, 0xa2, 0x0e, 0x00, 0x20, 0x72, 0x0d, 0x00, 0x0d, 0x00, 0x00, 0x00,
    0x00, 0x00, 0x40, 0x00, 0x00, 0xe2, 0x0f, 0x00, 0x21, 0x72, 0x0f, 0x0f,
    0x0a, 0x00, 0x00, 0x80, 0x00, 0x00, 0x00, 0x00, 0x00, 0xc4, 0x8f, 0x00,
    0x81, 0x79, 0x0b, 0x06, 0x04, 0x00, 0x02, 0x00, 0x00, 0x19, 0x1e, 0x0c,
    0x00, 0xe2, 0x1e, 0x00, 0x23, 0x72, 0x0d, 0x0d, 0x0c, 0x00, 0x00, 0x00,
    0x0e, 0x00, 0x00, 0x00, 0x00, 0xca, 0x4f, 0x00, 0x86, 0x79, 0x00, 0x06,
    0x0d, 0x00, 0x01, 0x00, 0x04, 0x19, 0x10, 0x0c, 0x00, 0xe8, 0x01, 0x00,
    0x81, 0x79, 0x0c, 0x02, 0x04, 0x80, 0x01, 0x00, 0x00, 0x19, 0x1e, 0x0c,
    0x00, 0xa8, 0x0e, 0x00, 0x81, 0x79, 0x0e, 0x08, 0x04, 0x80, 0x01, 0x00,
    0x00, 0x19, 0x1e, 0x0c, 0x00, 0xa2, 0x0e, 0x00, 0x20, 0x72, 0x0f, 0x00,
    0x0f, 0x00, 0x00, 0x00, 0x00, 0x00, 0x40, 0x00, 0x00, 0xe2, 0x0f, 0x00,
    0x21, 0x72, 0x0b, 0x0b, 0x0a, 0x00, 0x00, 0x80, 0x00, 0x00, 0x00, 0x00,
    0x00, 0xc4, 0x8f, 0x00, 0x81, 0x79, 0x0d, 0x06, 0x04, 0x80, 0x02, 0x00,
    0x00, 0x19, 0x1e, 0x0c, 0x00, 0xe2, 0x1e, 0x00, 0x23, 0x72, 0x0f, 0x0f,
    0x0c, 0x00, 0x00, 0x00, 0x0e, 0x00, 0x00, 0x00, 0x00, 0xca, 0x4f, 0x00,
    0x86, 0x79, 0x00, 0x06, 0x0f, 0x80, 0x01, 0x00, 0x04, 0x19, 0x10, 0x0c,
    0x00, 0xe8, 0x01, 0x00, 0x81, 0x79, 0x0c, 0x02, 0x04, 0x00, 0x02, 0x00,
    0x00, 0x19, 0x1e, 0x0c, 0x00, 0xa8, 0x0e, 0x00, 0x81, 0x79, 0x0e, 0x08,
    0x04, 0x00, 0x02, 0x00, 0x00, 0x19, 0x1e, 0x0c, 0x00, 0xa2, 0x0e, 0x00,
    0x20, 0x72, 0x0b, 0x00, 0x0b, 0x00, 0x00, 0x00, 0x00, 0x00, 0x40, 0x00,
    0x00, 0xe2, 0x0f, 0x00, 0x21, 0x72, 0x0d, 0x0d, 0x0a, 0x00, 0x00, 0x80,
    0x00, 0x00, 0x00, 0x00, 0x00, 0xc4, 0x8f, 0x00, 0x81, 0x79, 0x0f, 0x06,
    0x04, 0x00, 0x03, 0x00, 0x00, 0x19, 0x1e, 0x0c, 0x00, 0xe2, 0x1e, 0x00,
    0x23, 0x72, 0x0b, 0x0b, 0x0c, 0x00, 0x00, 0x00, 0x0e, 0x00, 0x00, 0x00,
    0x00, 0xca, 0x4f, 0x00, 0x86, 0x79, 0x00, 0x06, 0x0b, 0x00, 0x02, 0x00,
    0x04, 0x19, 0x10, 0x0c, 0x00, 0xe8, 0x01, 0x00, 0x81, 0x79, 0x0c, 0x02,
    0x04, 0x80, 0x02, 0x00, 0x00, 0x19, 0x1e, 0x0c, 0x00, 0xa8, 0x0e, 0x00,
    0x81, 0x79, 0x0e, 0x08, 0x04, 0x80, 0x02, 0x00, 0x00, 0x19, 0x1e, 0x0c,
    0x00, 0xa2, 0x0e, 0x00, 0x20, 0x72, 0x0d, 0x00, 0x0d, 0x00, 0x00, 0x00,
    0x00, 0x00, 0x40, 0x00, 0x00, 0xe2, 0x0f, 0x00, 0x21, 0x72, 0x0f, 0x0f,
    0x0a, 0x00, 0x00, 0x80, 0x00, 0x00, 0x00, 0x00, 0x00, 0xc4, 0x8f, 0x00,
    0x81, 0x79, 0x0b, 0x06, 0x04, 0x80, 0x03, 0x00, 0x00, 0x19, 0x1e, 0x0c,
    0x00, 0xe2, 0x1e, 0x00, 0x23, 0x72, 0x0d, 0x0d, 0x0c, 0x00, 0x00, 0x00,
    0x0e, 0x00, 0x00, 0x00, 0x00, 0xca, 0x4f, 0x00, 0x86, 0x79, 0x00, 0x06,
    0x0d, 0x80, 0x02, 0x00, 0x04, 0x19, 0x10, 0x0c, 0x00, 0xe8, 0x01, 0x00,
    0x81, 0x79, 0x0c, 0x02, 0x04, 0x00, 0x03, 0x00, 0x00, 0x19, 0x1e, 0x0c,
    0x00, 0xa8, 0x0e, 0x00, 0x81, 0x79, 0x0e, 0x08, 0x04, 0x00, 0x03, 0x00,
    0x00, 0x19, 0x1e, 0x0c, 0x00, 0xa2, 0x0e, 0x00, 0x20, 0x72, 0x0f, 0x00,
    0x0f, 0x00, 0x00, 0x00, 0x00, 0x00, 0x40, 0x00, 0x00, 0xe2, 0x0f, 0x00,
    0x21, 0x72, 0x0b, 0x0b, 0x0a, 0x00, 0x00, 0x80, 0x00, 0x00, 0x00, 0x00,
    0x00, 0xc4, 0x8f, 0x00, 0x81, 0x79, 0x0d, 0x06, 0x04, 0x00, 0x04, 0x00,
    0x00, 0x19, 0x1e, 0x0c, 0x00, 0xe2, 0x1e, 0x00, 0x23, 0x72, 0x0f, 0x0f,
    0x0c, 0x00, 0x00, 0x00, 0x0e, 0x00, 0x00, 0x00, 0x00, 0xca, 0x4f, 0x00,
    0x86, 0x79, 0x00, 0x06, 0x0f, 0x00, 0x03, 0x00, 0x04, 0x19, 0x10, 0x0c,
    0x00, 0xe8, 0x01, 0x00, 0x81, 0x79, 0x0c, 0x02, 0x04, 0x80, 0x03, 0x00,
    0x00, 0x19, 0x1e, 0x0c, 0x00, 0xa8, 0x0e, 0x00, 0x81, 0x79, 0x0e, 0x08,
    0x04, 0x80, 0x03, 0x00, 0x00, 0x19, 0x1e, 0x0c, 0x00, 0xa2, 0x0e, 0x00,
    0x20, 0x72, 0x0b, 0x00, 0x0b, 0x00, 0x00, 0x00, 0x00, 0x00, 0x40, 0x00,
    0x00, 0xe2, 0x0f, 0x00, 0x21, 0x72, 0x0d, 0x0d, 0x0a, 0x00, 0x00, 0x80,
    0x00, 0x00, 0x00, 0x00, 0x00, 0xc4, 0x8f, 0x00, 0x81, 0x79, 0x0f, 0x06,
    0x04, 0x80, 0x04, 0x00, 0x00, 0x19, 0x1e, 0x0c, 0x00, 0xe2, 0x1e, 0x00,
    0x23, 0x72, 0x0b, 0x0b, 0x0c, 0x00, 0x00, 0x00, 0x0e, 0x00, 0x00, 0x00,
    0x00, 0xca, 0x4f, 0x00, 0x86, 0x79, 0x00, 0x06, 0x0b, 0x80, 0x03, 0x00,
    0x04, 0x19, 0x10, 0x0c, 0x00, 0xe8, 0x01, 0x00, 0x81, 0x79, 0x0c, 0x02,
    0x04, 0x00, 0x04, 0x00, 0x00, 0x19, 0x1e, 0x0c, 0x00, 0xa8, 0x0e, 0x00,
    0x81, 0x79, 0x0e, 0x08, 0x04, 0x00, 0x04, 0x00, 0x00, 0x19, 0x1e, 0x0c,
    0x00, 0xa2, 0x0e, 0x00, 0x20, 0x72, 0x0d, 0x00, 0x0d, 0x00, 0x00, 0x00,
    0x00, 0x00, 0x40, 0x00, 0x00, 0xe2, 0x0f, 0x00, 0x21, 0x72, 0x0f, 0x0f,
    0x0a, 0x00, 0x00, 0x80, 0x00, 0x00, 0x00, 0x00, 0x00, 0xc4, 0x8f, 0x00,
    0x81, 0x79, 0x0b, 0x06, 0x04, 0x00, 0x05, 0x00, 0x00, 0x19, 0x1e, 0x0c,
    0x00, 0xe2, 0x1e, 0x00, 0x23, 0x72, 0x0d, 0x0d, 0x0c, 0x00, 0x00, 0x00,
    0x0e, 0x00, 0x00, 0x00, 0x00, 0xca, 0x4f, 0x00, 0x86, 0x79, 0x00, 0x06,
    0x0d, 0x00, 0x04, 0x00, 0x04, 0x19, 0x10, 0x0c, 0x00, 0xe8, 0x01, 0x00,
    0x81, 0x79, 0x0c, 0x02, 0x04, 0x80, 0x04, 0x00, 0x00, 0x19, 0x1e, 0x0c,
    0x00, 0xa8, 0x0e, 0x00, 0x81, 0x79, 0x0e, 0x08, 0x04, 0x80, 0x04, 0x00,
    0x00, 0x19, 0x1e, 0x0c, 0x00, 0xa2, 0x0e, 0x00, 0x20, 0x72, 0x0f, 0x00,
    0x0f, 0x00, 0x00, 0x00, 0x00, 0x00, 0x40, 0x00, 0x00, 0xe2, 0x0f, 0x00,
    0x21, 0x72, 0x0b, 0x0b, 0x0a, 0x00, 0x00, 0x80, 0x00, 0x00, 0x00, 0x00,
    0x00, 0xc4, 0x8f, 0x00, 0x81, 0x79, 0x0d, 0x06, 0x04, 0x80, 0x05, 0x00,
    0x00, 0x19, 0x1e, 0x0c, 0x00, 0xe2, 0x1e, 0x00, 0x23, 0x72, 0x0f, 0x0f,
    0x0c, 0x00, 0x00, 0x00, 0x0e, 0x00, 0x00, 0x00, 0x00, 0xca, 0x4f, 0x00,
    0x86, 0x79, 0x00, 0x06, 0x0f, 0x80, 0x04, 0x00, 0x04, 0x19, 0x10, 0x0c,
    0x00, 0xe8, 0x01, 0x00, 0x81, 0x79, 0x0c, 0x02, 0x04, 0x00, 0x05, 0x00,
    0x00, 0x19, 0x1e, 0x0c, 0x00, 0xa8, 0x0e, 0x00, 0x81, 0x79, 0x0e, 0x08,
    0x04, 0x00, 0x05, 0x00, 0x00, 0x19, 0x1e, 0x0c, 0x00, 0xa2, 0x0e, 0x00,
    0x20, 0x72, 0x0b, 0x00, 0x0b, 0x00, 0x00, 0x00, 0x00, 0x00, 0x40, 0x00,
    0x00, 0xe2, 0x0f, 0x00, 0x21, 0x72, 0x0d, 0x0d, 0x0a, 0x00, 0x00, 0x80,
    0x00, 0x00, 0x00, 0x00, 0x00, 0xc4, 0x8f, 0x00, 0x81, 0x79, 0x0f, 0x06,
    0x04, 0x00, 0x06, 0x00, 0x00, 0x19, 0x1e, 0x0c, 0x00, 0xe2, 0x1e, 0x00,
    0x23, 0x72, 0x0b, 0x0b, 0x0c, 0x00, 0x00, 0x00, 0x0e, 0x00, 0x00, 0x00,
    0x00, 0xca, 0x4f, 0x00, 0x86, 0x79, 0x00, 0x06, 0x0b, 0x00, 0x05, 0x00,
    0x04, 0x19, 0x10, 0x0c, 0x00, 0xe8, 0x01, 0x00, 0x81, 0x79, 0x0c, 0x02,
    0x04, 0x80, 0x05, 0x00, 0x00, 0x19, 0x1e, 0x0c, 0x00, 0xa8, 0x0e, 0x00,
    0x81, 0x79, 0x0e, 0x08, 0x04, 0x80, 0x05, 0x00, 0x00, 0x19, 0x1e, 0x0c,
    0x00, 0xa2, 0x0e, 0x00, 0x20, 0x72, 0x0d, 0x00, 0x0d, 0x00, 0x00, 0x00,
    0x00, 0x00, 0x40, 0x00, 0x00, 0xe2, 0x0f, 0x00, 0x21, 0x72, 0x0f, 0x0f,
    0x0a, 0x00, 0x00, 0x80, 0x00, 0x00, 0x00, 0x00, 0x00, 0xc4, 0x8f, 0x00,
    0x81, 0x79, 0x0b, 0x06, 0x04, 0x80, 0x06, 0x00, 0x00, 0x19, 0x1e, 0x0c,
    0x00, 0xe2, 0x1e, 0x00, 0x23, 0x72, 0x0d, 0x0d, 0x0c, 0x00, 0x00, 0x00,
    0x0e, 0x00, 0x00, 0x00, 0x00, 0xca, 0x4f, 0x00, 0x86, 0x79, 0x00, 0x06,
    0x0d, 0x80, 0x05, 0x00, 0x04, 0x19, 0x10, 0x0c, 0x00, 0xe8, 0x01, 0x00,
    0x81, 0x79, 0x0c, 0x02, 0x04, 0x00, 0x06, 0x00, 0x00, 0x19, 0x1e, 0x0c,
    0x00, 0xa8, 0x0e, 0x00, 0x81, 0x79, 0x0e, 0x08, 0x04, 0x00, 0x06, 0x00,
    0x00, 0x19, 0x1e, 0x0c, 0x00, 0xa2, 0x0e, 0x00, 0x20, 0x72, 0x0f, 0x00,
    0x0f, 0x00, 0x00, 0x00, 0x00, 0x00, 0x40, 0x00, 0x00, 0xe2, 0x0f, 0x00,
    0x10, 0x78, 0x04, 0x04, 0x00, 0x02, 0x00, 0x00, 0xff, 0xe0, 0xff, 0x07,
    0x00, 0xc6, 0x0f, 0x00, 0x23, 0x72, 0x0f, 0x0f, 0x0c, 0x00, 0x00, 0x00,
    0x0e, 0x00, 0x00, 0x00, 0x00, 0xca, 0x4f, 0x00, 0x86, 0x79, 0x00, 0x06,
    0x0f, 0x00, 0x06, 0x00, 0x04, 0x19, 0x10, 0x0c, 0x00, 0xe8, 0x0f, 0x00,
    0x81, 0x79, 0x0c, 0x02, 0x04, 0x80, 0x06, 0x00, 0x00, 0x19, 0x1e, 0x0c,
    0x00, 0xa8, 0x02, 0x00, 0x81, 0x79, 0x0e, 0x08, 0x04, 0x80, 0x06, 0x00,
    0x00, 0x19, 0x1e, 0x0c, 0x00, 0xa2, 0x08, 0x00, 0x21, 0x72, 0x0b, 0x0b,
    0x0a, 0x00, 0x00, 0x80, 0x00, 0x00, 0x00, 0x00, 0x00, 0xe2, 0x8f, 0x00,
    0x0c, 0x72, 0x00, 0x04, 0x05, 0x00, 0x00, 0x00, 0x70, 0x62, 0xf2, 0x03,
    0x00, 0xc6, 0x0f, 0x00, 0x20, 0x72, 0x0b, 0x00, 0x0b, 0x00, 0x00, 0x00,
    0x00, 0x00, 0x40, 0x00, 0x00, 0xe2, 0x0f, 0x00, 0x10, 0x78, 0x02, 0x02,
    0x00, 0x08, 0x00, 0x00, 0xff, 0xe0, 0xf5, 0x07, 0x00, 0xe4, 0x2f, 0x00,
    0x10, 0x78, 0x08, 0x08, 0x00, 0x08, 0x00, 0x00, 0xff, 0xe0, 0xf7, 0x07,
    0x00, 0xe4, 0x0f, 0x01, 0x10, 0x72, 0x03, 0xff, 0x03, 0x00, 0x00, 0x00,
    0xff, 0xe4, 0x7f, 0x01, 0x00, 0xe4, 0x0f, 0x00, 0x10, 0x72, 0x09, 0xff,
    0x09, 0x00, 0x00, 0x00, 0xff, 0xe4, 0xff, 0x01, 0x00, 0xe2, 0x0f, 0x00,
    0x23, 0x72, 0x0b, 0x0b, 0x0c, 0x00, 0x00, 0x00, 0x0e, 0x00, 0x00, 0x00,
    0x00, 0xe2, 0x4f, 0x00, 0x10, 0x78, 0x0c, 0x06, 0x00, 0x08, 0x00, 0x00,
    0xff, 0xe0, 0xf9, 0x07, 0x00, 0xc8, 0x0f, 0x00, 0x10, 0x72, 0x0d, 0xff,
    0x07, 0x00, 0x00, 0x00, 0xff, 0xe4, 0x7f, 0x02, 0x00, 0xe2, 0x1f, 0x00,
    0x86, 0x79, 0x00, 0x06, 0x0b, 0x80, 0x06, 0x00, 0x04, 0x19, 0x10, 0x0c,
    0x00, 0xe4, 0x01, 0x00, 0x02, 0x72, 0x06, 0x00, 0x0c, 0x00, 0x00, 0x00,
    0x00, 0x0f, 0x00, 0x00, 0x00, 0xe4, 0x1f, 0x00, 0x02, 0x72, 0x07, 0x00,
    0x0d, 0x00, 0x00, 0x00, 0x00, 0x0f, 0x00, 0x00, 0x00, 0xe2, 0x0f, 0x00,
    0x47, 0x99, 0x00, 0x00, 0x50, 0xf8, 0xff, 0xff, 0xff, 0xff, 0x83, 0x03,
    0x00, 0xea, 0x0f, 0x00, 0x41, 0x79, 0x00, 0x00, 0x00, 0x00, 0x00, 0x00,
    0x00, 0x00, 0x80, 0x03, 0x00, 0xea, 0x0f, 0x00, 0x10, 0x7a, 0x05, 0x04,
    0x00, 0x5f, 0x00, 0x00, 0xff, 0xe1, 0xff, 0x07, 0x00, 0xe2, 0x0f, 0x00,
    0x45, 0x79, 0x00, 0x00, 0x50, 0x04, 0x00, 0x00, 0x00, 0x00, 0x80, 0x03,
    0x00, 0xe6, 0x0f, 0x00, 0x0c, 0x78, 0x00, 0x05, 0x80, 0x00, 0x00, 0x00,
    0x70, 0x42, 0xf2, 0x03, 0x00, 0xda, 0x0f, 0x00, 0x47, 0x99, 0x00, 0x00,
    0x20, 0x04, 0x00, 0x00, 0x00, 0x00, 0x80, 0x03, 0x00, 0xea, 0x0f, 0x00,
    0x81, 0x79, 0x05, 0x06, 0x04, 0x00, 0xff, 0xff, 0x00, 0x19, 0x1e, 0x0c,
    0x00, 0xa8, 0x0e, 0x00, 0x81, 0x79, 0x0c, 0x02, 0x04, 0x00, 0xff, 0xff,
    0x00, 0x19, 0x1e, 0x0c, 0x00, 0xe8, 0x0e, 0x00, 0x81, 0x79, 0x0e, 0x08,
    0x04, 0x00, 0xff, 0xff, 0x00, 0x19, 0x1e, 0x0c, 0x00, 0xe8, 0x0e, 0x00,
    0x81, 0x79, 0x0b, 0x06, 0x04, 0x80, 0xff, 0xff, 0x00, 0x19, 0x1e, 0x0c,
    0x00, 0x28, 0x0f, 0x00, 0x81, 0x79, 0x0d, 0x06, 0x04, 0x00, 0x00, 0x00,
    0x00, 0x19, 0x1e, 0x0c, 0x00, 0x62, 0x0f, 0x00, 0x21, 0x72, 0x05, 0x05,
    0x0a, 0x00, 0x00, 0x80, 0x00, 0x00, 0x00, 0x00, 0x00, 0xc8, 0x4f, 0x00,
    0x20, 0x72, 0x05, 0x00, 0x05, 0x00, 0x00, 0x00, 0x00, 0x00, 0x40, 0x00,
    0x00, 0xc8, 0x0f, 0x00, 0x23, 0x72, 0x05, 0x05, 0x0c, 0x00, 0x00, 0x00,
    0x0e, 0x00, 0x00, 0x00, 0x00, 0xca, 0x8f, 0x00, 0x86, 0x79, 0x00, 0x06,
    0x05, 0x00, 0xff, 0xff, 0x04, 0x19, 0x10, 0x0c, 0x00, 0xe8, 0x01, 0x00,
    0x81, 0x79, 0x0c, 0x02, 0x04, 0x80, 0xff, 0xff, 0x00, 0x19, 0x1e, 0x0c,
    0x00, 0xa8, 0x0e, 0x00, 0x81, 0x79, 0x0e, 0x08, 0x04, 0x80, 0xff, 0xff,
    0x00, 0x19, 0x1e, 0x0c, 0x00, 0xa2, 0x0e, 0x00, 0x21, 0x72, 0x0b, 0x0b,
    0x0a, 0x00, 0x00, 0x80, 0x00, 0x00, 0x00, 0x00, 0x00, 0xe2, 0x0f, 0x11,
    0x21, 0x72, 0x0d, 0x0d, 0x0a, 0x00, 0x00, 0x80, 0x00, 0x00, 0x00, 0x00,
    0x00, 0xc4, 0x0f, 0x02, 0x81, 0x79, 0x05, 0x06, 0x04, 0x80, 0x00, 0x00,
    0x00, 0x19, 0x1e, 0x0c, 0x00, 0xe2, 0x1e, 0x00, 0x20, 0x72, 0x0b, 0x00,
    0x0b, 0x00, 0x00, 0x00, 0x00, 0x00, 0x40, 0x00, 0x00, 0xc8, 0x0f, 0x00,
    0x23, 0x72, 0x0b, 0x0b, 0x0c, 0x00, 0x00, 0x00, 0x0e, 0x00, 0x00, 0x00,
    0x00, 0xca, 0x4f, 0x00, 0x86, 0x79, 0x00, 0x06, 0x0b, 0x80, 0xff, 0xff,
    0x04, 0x19, 0x10, 0x0c, 0x00, 0xe8, 0x01, 0x00, 0x81, 0x79, 0x0c, 0x02,
    0x04, 0x00, 0x00, 0x00, 0x00, 0x19, 0x1e, 0x0c, 0x00, 0xa8, 0x0e, 0x00,
    0x81, 0x79, 0x0e, 0x08, 0x04, 0x00, 0x00, 0x00, 0x00, 0x19, 0x1e, 0x0c,
    0x00, 0xa2, 0x0e, 0x00, 0x20, 0x72, 0x0d, 0x00, 0x0d, 0x00, 0x00, 0x00,
    0x00, 0x00, 0x40, 0x00, 0x00, 0xe2, 0x0f, 0x00, 0x21, 0x72, 0x05, 0x05,
    0x0a, 0x00, 0x00, 0x80, 0x00, 0x00, 0x00, 0x00, 0x00, 0xc4, 0x8f, 0x00,
    0x81, 0x79, 0x0b, 0x06, 0x04, 0x00, 0x01, 0x00, 0x00, 0x19, 0x1e, 0x0c,
    0x00, 0xe2, 0x1e, 0x00, 0x23, 0x72, 0x0d, 0x0d, 0x0c, 0x00, 0x00, 0x00,
    0x0e, 0x00, 0x00, 0x00, 0x00, 0xca, 0x4f, 0x00, 0x86, 0x79, 0x00, 0x06,
    0x0d, 0x00, 0x00, 0x00, 0x04, 0x19, 0x10, 0x0c, 0x00, 0xe8, 0x01, 0x00,
    0x81, 0x79, 0x0c, 0x02, 0x04, 0x80, 0x00, 0x00, 0x00, 0x19, 0x1e, 0x0c,
    0x00, 0xa8, 0x0e, 0x00, 0x81, 0x79, 0x0e, 0x08, 0x04, 0x80, 0x00, 0x00,
    0x00, 0x19, 0x1e, 0x0c, 0x00, 0xa2, 0x0e, 0x00, 0x20, 0x72, 0x05, 0x00,
    0x05, 0x00, 0x00, 0x00, 0x00, 0x00, 0x40, 0x00, 0x00, 0xe2, 0x0f, 0x00,
    0x21, 0x72, 0x0b, 0x0b, 0x0a, 0x00, 0x00, 0x80, 0x00, 0x00, 0x00, 0x00,
    0x00, 0xc4, 0x8f, 0x00, 0x81, 0x79, 0x0d, 0x06, 0x04, 0x80, 0x01, 0x00,
    0x00, 0x19, 0x1e, 0x0c, 0x00, 0xe2, 0x1e, 0x00, 0x23, 0x72, 0x05, 0x05,
    0x0c, 0x00, 0x00, 0x00, 0x0e, 0x00, 0x00, 0x00, 0x00, 0xca, 0x4f, 0x00,
    0x86, 0x79, 0x00, 0x06, 0x05, 0x80, 0x00, 0x00, 0x04, 0x19, 0x10, 0x0c,
    0x00, 0xe8, 0x01, 0x00, 0x81, 0x79, 0x0c, 0x02, 0x04, 0x00, 0x01, 0x00,
    0x00, 0x19, 0x1e, 0x0c, 0x00, 0xa8, 0x0e, 0x00, 0x81, 0x79, 0x0e, 0x08,
    0x04, 0x00, 0x01, 0x00, 0x00, 0x19, 0x1e, 0x0c, 0x00, 0xa2, 0x0e, 0x00,
    0x20, 0x72, 0x0b, 0x00, 0x0b, 0x00, 0x00, 0x00, 0x00, 0x00, 0x40, 0x00,
    0x00, 0xe2, 0x0f, 0x00, 0x21, 0x72, 0x0d, 0x0d, 0x0a, 0x00, 0x00, 0x80,
    0x00, 0x00, 0x00, 0x00, 0x00, 0xc4, 0x8f, 0x00, 0x81, 0x79, 0x05, 0x06,
    0x04, 0x00, 0x02, 0x00, 0x00, 0x19, 0x1e, 0x0c, 0x00, 0xe2, 0x1e, 0x00,
    0x23, 0x72, 0x0b, 0x0b, 0x0c, 0x00, 0x00, 0x00, 0x0e, 0x00, 0x00, 0x00,
    0x00, 0xca, 0x4f, 0x00, 0x86, 0x79, 0x00, 0x06, 0x0b, 0x00, 0x01, 0x00,
    0x04, 0x19, 0x10, 0x0c, 0x00, 0xe8, 0x01, 0x00, 0x81, 0x79, 0x0c, 0x02,
    0x04, 0x80, 0x01, 0x00, 0x00, 0x19, 0x1e, 0x0c, 0x00, 0xa8, 0x0e, 0x00,
    0x81, 0x79, 0x0e, 0x08, 0x04, 0x80, 0x01, 0x00, 0x00, 0x19, 0x1e, 0x0c,
    0x00, 0xa2, 0x0e, 0x00, 0x20, 0x72, 0x0d, 0x00, 0x0d, 0x00, 0x00, 0x00,
    0x00, 0x00, 0x40, 0x00, 0x00, 0xe2, 0x0f, 0x00, 0x21, 0x72, 0x05, 0x05,
    0x0a, 0x00, 0x00, 0x80, 0x00, 0x00, 0x00, 0x00, 0x00, 0xc4, 0x8f, 0x00,
    0x81, 0x79, 0x0b, 0x06, 0x04, 0x80, 0x02, 0x00, 0x00, 0x19, 0x1e, 0x0c,
    0x00, 0xe2, 0x1e, 0x00, 0x23, 0x72, 0x0d, 0x0d, 0x0c, 0x00, 0x00, 0x00,
    0x0e, 0x00, 0x00, 0x00, 0x00, 0xca, 0x4f, 0x00, 0x86, 0x79, 0x00, 0x06,
    0x0d, 0x80, 0x01, 0x00, 0x04, 0x19, 0x10, 0x0c, 0x00, 0xe8, 0x01, 0x00,
    0x81, 0x79, 0x0c, 0x02, 0x04, 0x00, 0x02, 0x00, 0x00, 0x19, 0x1e, 0x0c,
    0x00, 0xa8, 0x0e, 0x00, 0x81, 0x79, 0x0e, 0x08, 0x04, 0x00, 0x02, 0x00,
    0x00, 0x19, 0x1e, 0x0c, 0x00, 0xa2, 0x0e, 0x00, 0x20, 0x72, 0x05, 0x00,
    0x05, 0x00, 0x00, 0x00, 0x00, 0x00, 0x40, 0x00, 0x00, 0xe2, 0x0f, 0x00,
    0x21, 0x72, 0x0b, 0x0b, 0x0a, 0x00, 0x00, 0x80, 0x00, 0x00, 0x00, 0x00,
    0x00, 0xc6, 0x8f, 0x00, 0x23, 0x72, 0x05, 0x05, 0x0c, 0x00, 0x00, 0x00,
    0x0e, 0x00, 0x00, 0x00, 0x00, 0xca, 0x4f, 0x00, 0x86, 0x79, 0x00, 0x06,
    0x05, 0x00, 0x02, 0x00, 0x04, 0x19, 0x10, 0x0c, 0x00, 0xe8, 0x0f, 0x00,
    0x81, 0x79, 0x0c, 0x02, 0x04, 0x80, 0x02, 0x00, 0x00, 0x19, 0x1e, 0x0c,
    0x00, 0xa8, 0x02, 0x00, 0x81, 0x79, 0x0e, 0x08, 0x04, 0x80, 0x02, 0x00,
    0x00, 0x19, 0x1e, 0x0c, 0x00, 0xa2, 0x06, 0x00, 0x20, 0x72, 0x0b, 0x00,
    0x0b, 0x00, 0x00, 0x00, 0x00, 0x00, 0x40, 0x00, 0x00, 0xe2, 0x0f, 0x00,
    0x1c, 0x78, 0x00, 0x00, 0x00, 0x00, 0x00, 0x00, 0x70, 0xe1, 0xf0, 0x03,
    0x00, 0xc4, 0x0f, 0x00, 0x10, 0x78, 0x02, 0x02, 0x00, 0x04, 0x00, 0x00,
    0xff, 0xe0, 0xf3, 0x07, 0x00, 0xe4, 0x2f, 0x00, 0x10, 0x78, 0x08, 0x08,
    0x00, 0x04, 0x00, 0x00, 0xff, 0xe0, 0xf5, 0x07, 0x00, 0xe4, 0x8f, 0x00,
    0x10, 0x72, 0x03, 0xff, 0x03, 0x00, 0x00, 0x00, 0xff, 0xe4, 0xff, 0x00,
    0x00, 0xe4, 0x0f, 0x00, 0x10, 0x72, 0x09, 0xff, 0x09, 0x00, 0x00, 0x00,
    0xff, 0xe4, 0x7f, 0x01, 0x00, 0xe4, 0x0f, 0x00, 0x10, 0x78, 0x04, 0x04,
    0x00, 0x01, 0x00, 0x00, 0xff, 0xe0, 0xff, 0x07, 0x00, 0xe2, 0x0f, 0x00,
    0x23, 0x72, 0x0b, 0x0b, 0x0c, 0x00, 0x00, 0x00, 0x0e, 0x00, 0x00, 0x00,
    0x00, 0xe2, 0x4f, 0x00, 0x10, 0x78, 0x0c, 0x06, 0x00, 0x04, 0x00, 0x00,
    0xff, 0xe0, 0xf7, 0x07, 0x00, 0xc8, 0x0f, 0x00, 0x10, 0x72, 0x0d, 0xff,
    0x07, 0x00, 0x00, 0x00, 0xff, 0xe4, 0xff, 0x01, 0x00, 0xe2, 0x1f, 0x00,
    0x86, 0x79, 0x00, 0x06, 0x0b, 0x80, 0x02, 0x00, 0x04, 0x19, 0x10, 0x0c,
    0x00, 0xe4, 0x01, 0x00, 0x02, 0x72, 0x06, 0x00, 0x0c, 0x00, 0x00, 0x00,
    0x00, 0x0f, 0x00, 0x00, 0x00, 0xe4, 0x1f, 0x00, 0x24, 0x72, 0x07, 0xff,
    0xff, 0x00, 0x00, 0x00, 0x0d, 0x00, 0x8e, 0x07, 0x00, 0xe4, 0x0f, 0x00,
    0x41, 0x79, 0x00, 0x00, 0x00, 0x00, 0x00, 0x00, 0x00, 0x00, 0x80, 0x03,
    0x00, 0xea, 0x0f, 0x00, 0x0c, 0x7a, 0x00, 0x04, 0x00, 0x5f, 0x00, 0x00,
    0x70, 0x16, 0x70, 0x00, 0x00, 0xda, 0x0f, 0x00, 0x4d, 0x89, 0x00, 0x00,
    0x00, 0x00, 0x00, 0x00, 0x00, 0x00, 0x80, 0x03, 0x00, 0xea, 0x0f, 0x00,
    0x81, 0x79, 0x05, 0x06, 0x04, 0x00, 0xff, 0xff, 0x00, 0x19, 0x1e, 0x0c,
    0x00, 0xa8, 0x0e, 0x00, 0x81, 0x79, 0x04, 0x02, 0x04, 0x00, 0xff, 0xff,
    0x00, 0x19, 0x1e, 0x0c, 0x00, 0xe8, 0x0e, 0x00, 0x81, 0x79, 0x0c, 0x08,
    0x04, 0x00, 0xff, 0xff, 0x00, 0x19, 0x1e, 0x0c, 0x00, 0xe8, 0x0e, 0x00,
    0x81, 0x79, 0x0b, 0x06, 0x04, 0x80, 0xff, 0xff, 0x00, 0x19, 0x1e, 0x0c,
    0x00, 0x28, 0x0f, 0x00, 0x81, 0x79, 0x0d, 0x06, 0x04, 0x00, 0x00, 0x00,
    0x00, 0x19, 0x1e, 0x0c, 0x00, 0x62, 0x0f, 0x00, 0x21, 0x72, 0x05, 0x05,
    0x0a, 0x00, 0x00, 0x80, 0x00, 0x00, 0x00, 0x00, 0x00, 0xc8, 0x4f, 0x00,
    0x20, 0x72, 0x05, 0x00, 0x05, 0x00, 0x00, 0x00, 0x00, 0x00, 0x40, 0x00,
    0x00, 0xc8, 0x0f, 0x00, 0x23, 0x72, 0x05, 0x05, 0x04, 0x00, 0x00, 0x00,
    0x0c, 0x00, 0x00, 0x00, 0x00, 0xca, 0x8f, 0x00, 0x86, 0x79, 0x00, 0x06,
    0x05, 0x00, 0xff, 0xff, 0x04, 0x19, 0x10, 0x0c, 0x00, 0xe8, 0x01, 0x00,
    0x81, 0x79, 0x04, 0x02, 0x04, 0x80, 0xff, 0xff, 0x00, 0x19, 0x1e, 0x0c,
    0x00, 0xa8, 0x0e, 0x00, 0x81, 0x79, 0x0c, 0x08, 0x04, 0x80, 0xff, 0xff,
    0x00, 0x19, 0x1e, 0x0c, 0x00, 0xa2, 0x0e, 0x00, 0x21, 0x72, 0x0b, 0x0b,
    0x0a, 0x00, 0x00, 0x80, 0x00, 0x00, 0x00, 0x00, 0x00, 0xe2, 0x0f, 0x11,
    0x21, 0x72, 0x0d, 0x0d, 0x0a, 0x00, 0x00, 0x80, 0x00, 0x00, 0x00, 0x00,
    0x00, 0xc4, 0x0f, 0x02, 0x81, 0x79, 0x05, 0x06, 0x04, 0x80, 0x00, 0x00,
    0x00, 0x19, 0x1e, 0x0c, 0x00, 0xe2, 0x1e, 0x00, 0x20, 0x72, 0x0b, 0x00,
    0x0b, 0x00, 0x00, 0x00, 0x00, 0x00, 0x40, 0x00, 0x00, 0xc8, 0x0f, 0x00,
    0x23, 0x72, 0x0b, 0x0b, 0x04, 0x00, 0x00, 0x00, 0x0c, 0x00, 0x00, 0x00,
    0x00, 0xca, 0x4f, 0x00, 0x86, 0x79, 0x00, 0x06, 0x0b, 0x80, 0xff, 0xff,
    0x04, 0x19, 0x10, 0x0c, 0x00, 0xe8, 0x0f, 0x00, 0x81, 0x79, 0x04, 0x02,
    0x04, 0x00, 0x00, 0x00, 0x00, 0x19, 0x1e, 0x0c, 0x00, 0xa8, 0x0e, 0x00,
    0x81, 0x79, 0x0c, 0x08, 0x04, 0x00, 0x00, 0x00, 0x00, 0x19, 0x1e, 0x0c,
    0x00, 0xa2, 0x0e, 0x00, 0x20, 0x72, 0x0d, 0x00, 0x0d, 0x00, 0x00, 0x00,
    0x00, 0x00, 0x40, 0x00, 0x00, 0xe2, 0x0f, 0x00, 0x21, 0x72, 0x05, 0x05,
    0x0a, 0x00, 0x00, 0x80, 0x00, 0x00, 0x00, 0x00, 0x00, 0xc6, 0x8f, 0x00,
    0x23, 0x72, 0x0d, 0x0d, 0x04, 0x00, 0x00, 0x00, 0x0c, 0x00, 0x00, 0x00,
    0x00, 0xca, 0x4f, 0x00, 0x86, 0x79, 0x00, 0x06, 0x0d, 0x00, 0x00, 0x00,
    0x04, 0x19, 0x10, 0x0c, 0x00, 0xe8, 0x0f, 0x00, 0x81, 0x79, 0x04, 0x02,
    0x04, 0x80, 0x00, 0x00, 0x00, 0x19, 0x1e, 0x0c, 0x00, 0xa8, 0x0e, 0x00,
    0x81, 0x79, 0x0c, 0x08, 0x04, 0x80, 0x00, 0x00, 0x00, 0x19, 0x1e, 0x0c,
    0x00, 0xa2, 0x0e, 0x00, 0x20, 0x72, 0x05, 0x00, 0x05, 0x00, 0x00, 0x00,
    0x00, 0x00, 0x40, 0x00, 0x00, 0xc8, 0x0f, 0x00, 0x23, 0x72, 0x05, 0x05,
    0x04, 0x00, 0x00, 0x00, 0x0c, 0x00, 0x00, 0x00, 0x00, 0xca, 0x4f, 0x00,
    0x86, 0x79, 0x00, 0x06, 0x05, 0x80, 0x00, 0x00, 0x04, 0x19, 0x10, 0x0c,
    0x00, 0xe2, 0x0f, 0x00, 0x4d, 0x79, 0x00, 0x00, 0x00, 0x00, 0x00, 0x00,
    0x00, 0x00, 0x80, 0x03, 0x00, 0xea, 0x0f, 0x00, 0x19, 0x78, 0x0d, 0xff,
    0x17, 0x00, 0x00, 0x00, 0x03, 0x16, 0x01, 0x00, 0x00, 0xe2, 0x0f, 0x00,
    0x45, 0x79, 0x01, 0x00, 0x20, 0x06, 0x00, 0x00, 0x00, 0x00, 0x80, 0x03,
    0x00, 0xe2, 0x0f, 0x00, 0x19, 0x78, 0x0c, 0xff, 0x17, 0x00, 0x00, 0x00,
    0x00, 0x16, 0x01, 0x00, 0x00, 0xe4, 0x0f, 0x00, 0x12, 0x78, 0x12, 0x0d,
    0xff, 0x00, 0x00, 0x00, 0xff, 0xc0, 0x8e, 0x07, 0x00, 0xe4, 0x0f, 0x00,
    0x12, 0x78, 0x10, 0x0c, 0xff, 0x00, 0x00, 0x00, 0xff, 0xc0, 0x8e, 0x07,
    0x00, 0xe4, 0x0f, 0x00, 0x10, 0x78, 0x0e, 0x12, 0xff, 0xff, 0xff, 0xff,
    0xff, 0xe0, 0xff, 0x07, 0x00, 0xe4, 0x0f, 0x00, 0x10, 0x78, 0x0d, 0x10,
    0xff, 0xff, 0xff, 0xff, 0xff, 0xe0, 0xff, 0x07, 0x00, 0xc4, 0x0f, 0x00,
    0x0c, 0x78, 0x00, 0x0e, 0xfd, 0x00, 0x00, 0x00, 0x70, 0x40, 0xf0, 0x03,
    0x00, 0xc8, 0x0f, 0x00, 0x0c, 0x78, 0x00, 0x0d, 0xfd, 0x00, 0x00, 0x00,
    0x70, 0x44, 0x70, 0x00, 0x00, 0xda, 0x0f, 0x00, 0x02, 0x82, 0x0c, 0x00,
    0xff, 0x00, 0x00, 0x00, 0x00, 0x0f, 0x00, 0x00, 0x00, 0xe2, 0x0f, 0x00,
    0x47, 0x89, 0x00, 0x00, 0x70, 0x01, 0x00, 0x00, 0x00, 0x00, 0x80, 0x03,
    0x00, 0xea, 0x0f, 0x00, 0x0b, 0x78, 0x00, 0x00, 0x00, 0x00, 0x80, 0x7f,
    0x00, 0xc2, 0xf1, 0x03, 0x00, 0xe4, 0x0f, 0x00, 0x0b, 0x78, 0x00, 0x03,
    0x00, 0x00, 0x80, 0x7f, 0x00, 0xc2, 0xf5, 0x03, 0x00, 0xc8, 0x0f, 0x00,
    0x1c, 0x78, 0x00, 0x00, 0x00, 0x00, 0x00, 0x00, 0x70, 0x55, 0x70, 0x00,
    0x00, 0xda, 0x0f, 0x00, 0x47, 0x09, 0x00, 0x00, 0x30, 0x05, 0x00, 0x00,
    0x00, 0x00, 0x80, 0x03, 0x00, 0xea, 0x0f, 0x00, 0x12, 0x78, 0xff, 0x03,
    0xff, 0xff, 0xff, 0x7f, 0x00, 0xc8, 0x80, 0x07, 0x00, 0xda, 0x0f, 0x00,
    0x47, 0x89, 0x00, 0x00, 0xf0, 0x04, 0x00, 0x00, 0x00, 0x00, 0x80, 0x03,
    0x00, 0xea, 0x0f, 0x00, 0x0b, 0x78, 0x00, 0x00, 0x00, 0x00, 0x80, 0x7f,
    0x00, 0xd2, 0xf5, 0x03, 0x00, 0xe4, 0x0f, 0x04, 0x0b, 0x78, 0x00, 0x03,
    0x00, 0x00, 0x80, 0x7f, 0x00, 0xd2, 0xf7, 0x03, 0x00, 0xe4, 0x0f, 0x00,
    0x0b, 0x78, 0x00, 0x00, 0x00, 0x00, 0x80, 0x7f, 0x00, 0xd2, 0xf1, 0x03,
    0x00, 0xd6, 0x0f, 0x00, 0x47, 0xb9, 0x00, 0x00, 0xb0, 0x04, 0x00, 0x00,
    0x00, 0x00, 0x00, 0x05, 0x00, 0xea, 0x0f, 0x00, 0x12, 0x78, 0xff, 0x00,
    0xff, 0xff, 0xff, 0x7f, 0xff, 0xc0, 0x84, 0x07, 0x00, 0xc8, 0x0f, 0x00,
    0x1c, 0x78, 0x00, 0x00, 0x00, 0x00, 0x00, 0x00, 0x72, 0x45, 0xf4, 0x01,
    0x00, 0xda, 0x0f, 0x00, 0x47, 0x29, 0x00, 0x00, 0x60, 0x04, 0x00, 0x00,
    0x00, 0x00, 0x80, 0x03, 0x00, 0xea, 0x0f, 0x00, 0x12, 0x78, 0xff, 0x03,
    0xff, 0xff, 0xff, 0x7f, 0xff, 0xc0, 0x84, 0x07, 0x00, 0xc8, 0x0f, 0x00,
    0x1c, 0x78, 0x00, 0x00, 0x00, 0x00, 0x00, 0x00, 0x72, 0x45, 0x70, 0x00,
    0x00, 0xda, 0x0f, 0x00, 0x47, 0x09, 0x00, 0x00, 0x00, 0x04, 0x00, 0x00,
    0x00, 0x00, 0x80, 0x03, 0x00, 0xea, 0x0f, 0x00, 0x0c, 0x72, 0x00, 0x0d,
    0xff, 0x00, 0x00, 0x00, 0x70, 0x62, 0xf0, 0x03, 0x00, 0xe4, 0x0f, 0x00,
    0x0c, 0x72, 0x00, 0x0e, 0xff, 0x00, 0x00, 0x00, 0x70, 0x62, 0xf4, 0x03,
    0x00, 0xd6, 0x0f, 0x00, 0x02, 0x02, 0x0c, 0x00, 0xff, 0x00, 0x00, 0x00,
    0x00, 0x0f, 0x00, 0x00, 0x00, 0xe2, 0x0f, 0x00, 0x23, 0x88, 0x00, 0x00,
    0x00, 0x00, 0x80, 0x5f, 0xff, 0x00, 0x00, 0x00, 0x00, 0xe2, 0x0f, 0x00,
    0x02, 0x88, 0x0c, 0x00, 0xc0, 0xff, 0xff, 0xff, 0x00, 0x0f, 0x00, 0x00,
    0x00, 0xe2, 0x0f, 0x00, 0x23, 0xa8, 0x03, 0x03, 0x00, 0x00, 0x80, 0x5f,
    0xff, 0x00, 0x00, 0x00, 0x00, 0xc6, 0x0f, 0x00, 0x10, 0xa8, 0x0c, 0x0c,
    0x40, 0x00, 0x00, 0x00, 0xff, 0xe0, 0xff, 0x07, 0x00, 0xe4, 0x0f, 0x00,
    0x11, 0x78, 0x0e, 0x12, 0x00, 0x00, 0x80, 0xc0, 0xff, 0xb8, 0x8e, 0x07,
    0x00, 0xe2, 0x0f, 0x00, 0x45, 0x79, 0x02, 0x00, 0x60, 0x03, 0x00, 0x00,
    0x00, 0x00, 0x80, 0x03, 0x00, 0xe6, 0x0f, 0x00, 0x10, 0x72, 0x0e, 0x0e,
    0x03, 0x00, 0x00, 0x00, 0xff, 0xe1, 0xff, 0x07, 0x00, 0xe4, 0x0f, 0x00,
    0x10, 0x78, 0x03, 0x10, 0x81, 0xff, 0xff, 0xff, 0xff, 0xe0, 0xff, 0x07,
    0x00, 0xe4, 0x0f, 0x00, 0x08, 0x73, 0x0d, 0x00, 0x0e, 0x00, 0x00, 0x00,
    0x00, 0x10, 0x00, 0x00, 0x00, 0x22, 0x0e, 0x00, 0x21, 0x72, 0x0f, 0x0e,
    0xff, 0x00, 0x00, 0x80, 0x00, 0x01, 0x01, 0x00, 0x00, 0xe4, 0x0f, 0x00,
    0x24, 0x78, 0x00, 0x03, 0x00, 0x00, 0x80, 0xff, 0x00, 0x02, 0x8e, 0x07,
    0x00, 0xe2, 0x0f, 0x04, 0x10, 0x78, 0x03, 0x03, 0x7f, 0x00, 0x00, 0x00,
    0x12, 0xe8, 0xff, 0x07, 0x00, 0xc8, 0x0f, 0x00, 0x10, 0x72, 0x03, 0x03,
    0x0c, 0x00, 0x00, 0x00, 0xff, 0xe0, 0xff, 0x07, 0x00, 0xe2, 0x0f, 0x00,
    0x23, 0x74, 0x10, 0x0d, 0x00, 0x00, 0x80, 0x3f, 0x0f, 0x00, 0x00, 0x00,
    0x00, 0xc8, 0x1f, 0x00, 0x23, 0x72, 0x14, 0x0d, 0x10, 0x00, 0x00, 0x00,
    0x0d, 0x00, 0x00, 0x00, 0x00, 0xc8, 0x0f, 0x00, 0x23, 0x72, 0x0d, 0x00,
    0x14, 0x00, 0x00, 0x00, 0xff, 0x00, 0x00, 0x00, 0x00, 0xc8, 0x0f, 0x00,
    0x23, 0x72, 0x10, 0x0f, 0x0d, 0x00, 0x00, 0x00, 0x00, 0x00, 0x00, 0x00,
    0x00, 0xc8, 0x0f, 0x00, 0x23, 0x72, 0x11, 0x14, 0x10, 0x00, 0x00, 0x00,
    0x0d, 0x00, 0x00, 0x00, 0x00, 0xc8, 0x0f, 0x00, 0x23, 0x72, 0x10, 0x0f,
    0x11, 0x00, 0x00, 0x00, 0x00, 0x00, 0x00, 0x00, 0x00, 0xc8, 0x0f, 0x00,
    0x23, 0x72, 0x0d, 0x14, 0x10, 0x00, 0x00, 0x00, 0x11, 0x00, 0x00, 0x00,
    0x00, 0xca, 0x0f, 0x00, 0x19, 0x78, 0x00, 0xff, 0x17, 0x00, 0x00, 0x00,
    0x0d, 0x16, 0x01, 0x00, 0x00, 0xc8, 0x0f, 0x00, 0x12, 0x78, 0x00, 0x00,
    0xff, 0x00, 0x00, 0x00, 0xff, 0xc0, 0x8e, 0x07, 0x00, 0xc8, 0x0f, 0x00,
    0x10, 0x72, 0x0e, 0x00, 0x03, 0x00, 0x00, 0x00, 0xff, 0xe0, 0xff, 0x07,
    0x00, 0xc8, 0x0f, 0x00, 0x10, 0x78, 0x00, 0x0e, 0xff, 0xff, 0xff, 0xff,
    0xff, 0xe0, 0xff, 0x07, 0x00, 0xc8, 0x0f, 0x00, 0x0c, 0x78, 0x00, 0x00,
    0xfe, 0x00, 0x00, 0x00, 0x70, 0x60, 0xf0, 0x03, 0x00, 0xda, 0x0f, 0x00,
    0x47, 0x89, 0x00, 0x00, 0x00, 0x02, 0x00, 0x00, 0x00, 0x00, 0x80, 0x03,
    0x00, 0xea, 0x0f, 0x00, 0x0c, 0x78, 0x00, 0x0e, 0xfe, 0x00, 0x00, 0x00,
    0x70, 0x42, 0xf0, 0x03, 0x00, 0xda, 0x0f, 0x00, 0x47, 0x09, 0x00, 0x00,
    0xb0, 0x01, 0x00, 0x00, 0x00, 0x00, 0x80, 0x03, 0x00, 0xea, 0x0f, 0x00,
    0x0c, 0x78, 0x00, 0x0e, 0x01, 0x00, 0x00, 0x00, 0x70, 0x62, 0xf0, 0x03,
    0x00, 0xda, 0x0f, 0x00, 0x47, 0x09, 0x00, 0x00, 0xd0, 0x01, 0x00, 0x00,
    0x00, 0x00, 0x80, 0x03, 0x00, 0xea, 0x0f, 0x00, 0x0c, 0x78, 0x00, 0x0e,
    0xe8, 0xff, 0xff, 0xff, 0x70, 0x62, 0xf0, 0x03, 0x00, 0xe4, 0x0f, 0x00,
    0x12, 0x78, 0x0d, 0x0d, 0x00, 0x00, 0x00, 0x80, 0xff, 0xc0, 0x8e, 0x07,
    0x00, 0xd6, 0x0f, 0x00, 0x47, 0x89, 0x00, 0x00, 0xa0, 0x01, 0x00, 0x00,
    0x00, 0x00, 0x80, 0x03, 0x00, 0xea, 0x0f, 0x00, 0x23, 0x72, 0x00, 0x14,
    0x10, 0x00, 0x00, 0x00, 0x11, 0xc0, 0x00, 0x00, 0x00, 0xe2, 0x0f, 0x18,
    0x10, 0x78, 0x0f, 0x0e, 0x20, 0x00, 0x00, 0x00, 0xff, 0xe0, 0xff, 0x07,
    0x00, 0xe2, 0x0f, 0x00, 0x23, 0x72, 0x03, 0x14, 0x10, 0x00, 0x00, 0x00,
    0x11, 0x40, 0x00, 0x00, 0x00, 0xe2, 0x0f, 0x18, 0x0c, 0x72, 0x00, 0x0e,
    0xff, 0x00, 0x00, 0x00, 0x70, 0x52, 0xf6, 0x03, 0x00, 0xe4, 0x0f, 0x00,
    0x12, 0x78, 0x0c, 0x00, 0xff, 0xff, 0x7f, 0x00, 0xff, 0xc0, 0x8e, 0x07,
    0x00, 0xe2, 0x0f, 0x00, 0x23, 0x72, 0x00, 0x14, 0x10, 0x00, 0x00, 0x00,
    0x11, 0x80, 0x00, 0x00, 0x00, 0xe2, 0x0f, 0x00, 0x0c, 0x72, 0x00, 0x0e,
    0xff, 0x00, 0x00, 0x00, 0x70, 0x52, 0xf4, 0x03, 0x00, 0xe4, 0x0f, 0x00,
    0x12, 0x78, 0x0c, 0x0c, 0x00, 0x00, 0x80, 0x00, 0xff, 0xfc, 0x8e, 0x07,
    0x00, 0xe4, 0x0f, 0x00, 0x10, 0x72, 0x0e, 0x0e, 0xff, 0x00, 0x00, 0x00,
    0xff, 0xe1, 0xff, 0x07, 0x00, 0xc4, 0x0f, 0x00, 0x19, 0x72, 0x0f, 0x0c,
    0x0f, 0x00, 0x00, 0x00, 0xff, 0x06, 0x00, 0x00, 0x00, 0xe4, 0x0f, 0x00,
    0x0b, 0x72, 0x00, 0x00, 0x03, 0x00, 0x00, 0x00, 0x00, 0xd0, 0xf1, 0x03,
    0x00, 0xe4, 0x0f, 0x00, 0x07, 0x72, 0x03, 0x0e, 0xff, 0x00, 0x00, 0x00,
    0x00, 0x00, 0x80, 0x01, 0x00, 0xe4, 0x0f, 0x00, 0x0c, 0x72, 0x00, 0x0f,
    0xff, 0x00, 0x00, 0x00, 0x70, 0x52, 0x74, 0x01, 0x00, 0xe4, 0x0f, 0x00,
    0x19, 0x72, 0x03, 0xff, 0x03, 0x00, 0x00, 0x00, 0x0c, 0x16, 0x01, 0x00,
    0x00, 0xe4, 0x0f, 0x00, 0x1c, 0x78, 0x00, 0x00, 0x00, 0x00, 0x00, 0x00,
    0x70, 0x55, 0x70, 0x00, 0x00, 0xc4, 0x0f, 0x00, 0x19, 0x78, 0x0f, 0xff,
    0x01, 0x00, 0x00, 0x00, 0x03, 0x16, 0x01, 0x00, 0x00, 0xe4, 0x0f, 0x00,
    0x07, 0x78, 0x00, 0xff, 0x01, 0x00, 0x00, 0x00, 0x00, 0x00, 0x00, 0x04,
    0x00, 0xc8, 0x0f, 0x00, 0x12, 0x78, 0x00, 0x00, 0x01, 0x00, 0x00, 0x00,
    0x0f, 0xf8, 0x8e, 0x07, 0x00, 0xc8, 0x0f, 0x00, 0x12, 0x72, 0x00, 0x00,
    0x03, 0x00, 0x00, 0x00, 0xff, 0xc0, 0x8e, 0x07, 0x00, 0xc8, 0x0f, 0x00,
    0x10, 0x72, 0x00, 0x0f, 0x00, 0x00, 0x00, 0x00, 0xff, 0xe0, 0xff, 0x07,
    0x00, 0xc8, 0x0f, 0x00, 0x12, 0x72, 0x0d, 0x00, 0x0d, 0x00, 0x00, 0x00,
    0xff, 0xfc, 0x8e, 0x07, 0x00, 0xe2, 0x0f, 0x00, 0x47, 0x79, 0x00, 0x00,
    0x40, 0x00, 0x00, 0x00, 0x00, 0x00, 0x80, 0x03, 0x00, 0xea, 0x0f, 0x00,
    0x12, 0x78, 0x0d, 0x0d, 0x00, 0x00, 0x00, 0x80, 0xff, 0xc0, 0x8e, 0x07,
    0x00, 0xc8, 0x0f, 0x00, 0x12, 0x78, 0x0d, 0x0d, 0x00, 0x00, 0x80, 0x7f,
    0xff, 0xfc, 0x8e, 0x07, 0x00, 0xe2, 0x0f, 0x00, 0x47, 0x79, 0x00, 0x00,
    0x10, 0x00, 0x00, 0x00, 0x00, 0x00, 0x80, 0x03, 0x00, 0xea, 0x0f, 0x00,
    0x11, 0x72, 0x0d, 0x03, 0x0d, 0x00, 0x00, 0x00, 0xff, 0xb8, 0x8e, 0x07,
    0x00, 0xe4, 0x0f, 0x00, 0x41, 0x79, 0x02, 0x00, 0x00, 0x00, 0x00, 0x00,
    0x00, 0x00, 0x80, 0x03, 0x00, 0xea, 0x0f, 0x00, 0x47, 0x79, 0x00, 0x00,
    0x80, 0x00, 0x00, 0x00, 0x00, 0x00, 0x80, 0x03, 0x00, 0xea, 0x0f, 0x00,
    0x12, 0x78, 0x00, 0x03, 0x00, 0x00, 0x00, 0x80, 0x00, 0x48, 0x8e, 0x07,
    0x00, 0xc8, 0x0f, 0x00, 0x12, 0x78, 0x0d, 0x00, 0x00, 0x00, 0x80, 0x7f,
    0xff, 0xfc, 0x8e, 0x07, 0x00, 0xe2, 0x0f, 0x00, 0x47, 0x79, 0x00, 0x00,
    0x50, 0x00, 0x00, 0x00, 0x00, 0x00, 0x80, 0x03, 0x00, 0xea, 0x0f, 0x00,
    0x12, 0x78, 0x0d, 0x03, 0x00, 0x00, 0x00, 0x80, 0x00, 0x48, 0x8e, 0x07,
    0x00, 0xe2, 0x0f, 0x00, 0x47, 0x79, 0x00, 0x00, 0x30, 0x00, 0x00, 0x00,
    0x00, 0x00, 0x80, 0x03, 0x00, 0xea, 0x0f, 0x00, 0x08, 0x79, 0x0d, 0x00,
    0x00, 0x00, 0xc0, 0xff, 0x00, 0x14, 0x00, 0x00, 0x00, 0x22, 0x0e, 0x00,
    0x47, 0x79, 0x00, 0x00, 0x10, 0x00, 0x00, 0x00, 0x00, 0x00, 0x80, 0x03,
    0x00, 0xea, 0x0f, 0x00, 0x21, 0x72, 0x0d, 0x00, 0x03, 0x00, 0x00, 0x00,
    0x00, 0x00, 0x01, 0x00, 0x00, 0xe4, 0x0f, 0x00, 0x41, 0x79, 0x01, 0x00,
    0x00, 0x00, 0x00, 0x00, 0x00, 0x00, 0x80, 0x03, 0x00, 0xea, 0x0f, 0x00,
    0x02, 0x78, 0x03, 0x00, 0x00, 0x00, 0x00, 0x00, 0x00, 0x0f, 0x00, 0x00,
    0x00, 0xc8, 0x0f, 0x00, 0x50, 0x79, 0x00, 0x02, 0x00, 0xd1, 0xff, 0xff,
    0xff, 0xff, 0xc3, 0x03, 0x00, 0xea, 0x0f, 0x00, 0x47, 0x79, 0x00, 0x00,
    0xf0, 0xff, 0xff, 0xff, 0xff, 0xff, 0x83, 0x03, 0x00, 0xc0, 0x0f, 0x00,
    0x18, 0x79, 0x00, 0x00, 0x00, 0x00, 0x00, 0x00, 0x00, 0x00, 0x00, 0x00,
    0x00, 0xc0, 0x0f, 0x00, 0x18, 0x79, 0x00, 0x00, 0x00, 0x00, 0x00, 0x00,
    0x00, 0x00, 0x00, 0x00, 0x00, 0xc0, 0x0f, 0x00, 0x18, 0x79, 0x00, 0x00,
    0x00, 0x00, 0x00, 0x00, 0x00, 0x00, 0x00, 0x00, 0x00, 0xc0, 0x0f, 0x00,
    0x18, 0x79, 0x00, 0x00, 0x00, 0x00, 0x00, 0x00, 0x00, 0x00, 0x00, 0x00,
    0x00, 0xc0, 0x0f, 0x00, 0x18, 0x79, 0x00, 0x00, 0x00, 0x00, 0x00, 0x00,
    0x00, 0x00, 0x00, 0x00, 0x00, 0xc0, 0x0f, 0x00, 0x18, 0x79, 0x00, 0x00,
    0x00, 0x00, 0x00, 0x00, 0x00, 0x00, 0x00, 0x00, 0x00, 0xc0, 0x0f, 0x00,
    0x18, 0x79, 0x00, 0x00, 0x00, 0x00, 0x00, 0x00, 0x00, 0x00, 0x00, 0x00,
    0x00, 0xc0, 0x0f, 0x00, 0x18, 0x79, 0x00, 0x00, 0x00, 0x00, 0x00, 0x00,
    0x00, 0x00, 0x00, 0x00, 0x00, 0xc0, 0x0f, 0x00, 0x18, 0x79, 0x00, 0x00,
    0x00, 0x00, 0x00, 0x00, 0x00, 0x00, 0x00, 0x00, 0x00, 0xc0, 0x0f, 0x00,
    0x18, 0x79, 0x00, 0x00, 0x00, 0x00, 0x00, 0x00, 0x00, 0x00, 0x00, 0x00,
    0x00, 0xc0, 0x0f, 0x00, 0x18, 0x79, 0x00, 0x00, 0x00, 0x00, 0x00, 0x00,
    0x00, 0x00, 0x00, 0x00, 0x00, 0xc0, 0x0f, 0x00, 0x18, 0x79, 0x00, 0x00,
    0x00, 0x00, 0x00, 0x00, 0x00, 0x00, 0x00, 0x00, 0x00, 0xc0, 0x0f, 0x00,
    0x18, 0x79, 0x00, 0x00, 0x00, 0x00, 0x00, 0x00, 0x00, 0x00, 0x00, 0x00,
    0x00, 0xc0, 0x0f, 0x00, 0x18, 0x79, 0x00, 0x00, 0x00, 0x00, 0x00, 0x00,
    0x00, 0x00, 0x00, 0x00, 0x00, 0xc0, 0x0f, 0x00, 0x18, 0x79, 0x00, 0x00,
    0x00, 0x00, 0x00, 0x00, 0x00, 0x00, 0x00, 0x00, 0x00, 0xc0, 0x0f, 0x00,
};
static const unsigned layernorm_rows_param_off_sm86[] = { 0, 8, 16, 24, 28, 32 };

static const struct gsp_sass_variant vars_sm86[] = {
    {
        .name = "saxpy",
        .sass = saxpy_sass_sm86,
        .sass_len = (unsigned)sizeof(saxpy_sass_sm86),
        .regcount = 10,
        .param_base = 352,
        .param_size = 28,
        .cbank_size = 380,
        .param_off = saxpy_param_off_sm86,
        .param_count = 4,
    },
    {
        .name = "matvec",
        .sass = matvec_sass_sm86,
        .sass_len = (unsigned)sizeof(matvec_sass_sm86),
        .regcount = 40,
        .param_base = 352,
        .param_size = 32,
        .cbank_size = 384,
        .param_off = matvec_param_off_sm86,
        .param_count = 5,
    },
    {
        .name = "matvec_q4k",
        .sass = matvec_q4k_sass_sm86,
        .sass_len = (unsigned)sizeof(matvec_q4k_sass_sm86),
        .regcount = 40,
        .param_base = 352,
        .param_size = 32,
        .cbank_size = 384,
        .param_off = matvec_q4k_param_off_sm86,
        .param_count = 5,
    },
    {
        .name = "matvec_q80",
        .sass = matvec_q80_sass_sm86,
        .sass_len = (unsigned)sizeof(matvec_q80_sass_sm86),
        .regcount = 40,
        .param_base = 352,
        .param_size = 32,
        .cbank_size = 384,
        .param_off = matvec_q80_param_off_sm86,
        .param_count = 5,
    },
    {
        .name = "matmul",
        .sass = matmul_sass_sm86,
        .sass_len = (unsigned)sizeof(matmul_sass_sm86),
        .regcount = 42,
        .param_base = 352,
        .param_size = 36,
        .cbank_size = 388,
        .param_off = matmul_param_off_sm86,
        .param_count = 6,
    },
    {
        .name = "softmax_rows",
        .sass = softmax_rows_sass_sm86,
        .sass_len = (unsigned)sizeof(softmax_rows_sass_sm86),
        .regcount = 40,
        .param_base = 352,
        .param_size = 16,
        .cbank_size = 368,
        .param_off = softmax_rows_param_off_sm86,
        .param_count = 3,
    },
    {
        .name = "layernorm_rows",
        .sass = layernorm_rows_sass_sm86,
        .sass_len = (unsigned)sizeof(layernorm_rows_sass_sm86),
        .regcount = 40,
        .param_base = 352,
        .param_size = 36,
        .cbank_size = 388,
        .param_off = layernorm_rows_param_off_sm86,
        .param_count = 6,
    },
};

const struct gsp_sass_set gsp_sass_set_sm86 = {
    .arch = "sm_86",
    .family = GSP_FAM_AMPERE,
    .vars = vars_sm86,
    .count = (unsigned)(sizeof(vars_sm86) / sizeof(vars_sm86[0])),
};
